--------------------------- Set the project directory ----------------------------
PROJECT folder = C:\Data\Peppol\POACC\peppol-bis-invoice-3
------------ Check if target directory exists, and if so, remove it -------------
Remove src/target and bind to C:\Data\Peppol\POACC\peppol-bis-invoice-3/target
----------------------------------- Structure ------------------------------------
18:12:56 INFO  n.d.vefa.structure.Runner - Loading project resources.
18:12:56 INFO  n.d.vefa.structure.Runner - Step 'LOAD'.
18:12:56 INFO  n.d.vefa.structure.Runner - no.difi.vefa.structure.processor.ResourceProcessor.
18:12:56 INFO  n.d.vefa.structure.Runner - no.difi.vefa.structure.processor.ResourceProcessor.
18:12:56 INFO  n.d.vefa.structure.Runner - no.difi.vefa.structure.processor.ResourceProcessor.
18:12:56 INFO  n.d.vefa.structure.Runner - no.difi.vefa.structure.processor.ResourceProcessor.
18:12:56 INFO  n.d.vefa.structure.Runner - no.difi.vefa.structure.processor.ResourceProcessor.
18:12:57 INFO  n.d.vefa.structure.Runner - no.difi.vefa.structure.processor.ResourceProcessor.
18:12:58 INFO  n.d.vefa.structure.Runner - no.difi.vefa.structure.processor.ResourceProcessor.
18:12:58 INFO  n.d.vefa.structure.Runner - no.difi.vefa.structure.processor.ResourceProcessor.
18:12:58 INFO  n.d.vefa.structure.Runner - no.difi.vefa.structure.processor.ResourceProcessor.
18:12:58 INFO  n.d.vefa.structure.Runner - no.difi.vefa.structure.processor.ResourceProcessor.
18:12:58 INFO  n.d.vefa.structure.Runner - no.difi.vefa.structure.processor.ResourceProcessor.
18:12:58 INFO  n.d.vefa.structure.Runner - no.difi.vefa.structure.processor.ResourceProcessor.
18:12:58 INFO  n.d.vefa.structure.Runner - no.difi.vefa.structure.processor.ResourceProcessor.
18:12:58 INFO  n.d.vefa.structure.Runner - no.difi.vefa.structure.processor.ResourceProcessor.
18:12:58 INFO  n.d.vefa.structure.Runner - no.difi.vefa.structure.processor.ResourceProcessor.
18:12:58 INFO  n.d.vefa.structure.Runner - no.difi.vefa.structure.processor.ResourceProcessor.
18:12:58 INFO  n.d.vefa.structure.Runner - no.difi.vefa.structure.processor.ResourceProcessor.
18:12:58 INFO  n.d.vefa.structure.Runner - no.difi.vefa.structure.processor.ResourceProcessor.
18:12:58 INFO  n.d.vefa.structure.Runner - no.difi.vefa.structure.processor.ResourceProcessor.
18:12:58 INFO  n.d.vefa.structure.Runner - no.difi.vefa.structure.processor.ResourceProcessor.
18:12:58 INFO  n.d.vefa.structure.Runner - no.difi.vefa.structure.processor.ResourceProcessor.
18:12:58 INFO  n.d.vefa.structure.Runner - no.difi.vefa.structure.processor.ResourceProcessor.
18:12:58 INFO  n.d.vefa.structure.Runner - no.difi.vefa.structure.processor.ResourceProcessor.
18:12:58 INFO  n.d.vefa.structure.Runner - no.difi.vefa.structure.processor.ResourceProcessor.
18:12:58 INFO  n.d.vefa.structure.Runner - no.difi.vefa.structure.processor.ResourceProcessor.
18:12:58 INFO  n.d.vefa.structure.Runner - no.difi.vefa.structure.processor.ResourceProcessor.
18:12:58 INFO  n.d.vefa.structure.Runner - no.difi.vefa.structure.processor.ResourceProcessor.
18:12:58 INFO  n.d.vefa.structure.Runner - no.difi.vefa.structure.processor.ResourceProcessor.
18:12:58 INFO  n.d.vefa.structure.Runner - no.difi.vefa.structure.processor.ResourceProcessor.
18:12:58 INFO  n.d.vefa.structure.Runner - no.difi.vefa.structure.processor.ResourceProcessor.
18:12:58 INFO  n.d.vefa.structure.Runner - no.difi.vefa.structure.processor.ResourceProcessor.
18:12:58 INFO  n.d.vefa.structure.Runner - Step 'PRE_REFERENCES'.
18:12:58 INFO  n.d.vefa.structure.Runner - Step 'REFERENCES'.
18:12:58 INFO  n.d.vefa.structure.Runner - no.difi.vefa.structure.processor.CounterProcessor.
18:12:58 INFO  n.d.vefa.structure.Runner - no.difi.vefa.structure.processor.LinkingCodeListsProcessor.
18:12:58 INFO  n.d.vefa.structure.Runner - no.difi.vefa.structure.processor.LinkingNamespaceProcessor.
18:12:58 INFO  n.d.vefa.structure.Runner - no.difi.vefa.structure.processor.LinkingRulesProcessor.
18:12:58 INFO  n.d.vefa.structure.Runner - Step 'POST_REFERENCES'.
18:12:58 INFO  n.d.vefa.structure.Runner - no.difi.vefa.structure.ext.namespaces.NamespaceProcessor.
18:12:58 INFO  n.d.vefa.structure.Runner - no.difi.vefa.structure.processor.LinkingCodeListTagsProcessor.
18:12:58 INFO  n.d.vefa.structure.Runner - Step 'VALIDATION'.
18:12:58 INFO  n.d.vefa.structure.Runner - Step 'PRE_ARTIFACTS'.
18:12:58 INFO  n.d.vefa.structure.Runner - Step 'ARTIFACTS'.
18:12:58 INFO  n.d.vefa.structure.Runner - no.difi.vefa.structure.ext.asciidoctor.AdocProcessor.
18:12:58 INFO  n.d.vefa.structure.Runner - no.difi.vefa.structure.ext.schematrongen.SchematronProcessor.
18:12:58 INFO  n.d.vefa.structure.Runner - Step 'POST_ARTIFACTS'.
18:12:58 INFO  n.d.vefa.structure.Runner - Step 'PUBLISH'.
18:12:58 INFO  n.d.vefa.structure.Runner - no.difi.vefa.structure.ext.site.SiteProcessor.
18:13:16 INFO  n.d.vefa.structure.Runner - Finished.
----------------------------------- Validator ------------------------------------
18:13:17,105 |-INFO in ch.qos.logback.classic.LoggerContext[default] - Found logback-core version 1.5.32
18:13:17,107 |-INFO in ch.qos.logback.classic.util.ContextInitializer@5af97850 - No custom configurators were discovered as a service.
18:13:17,108 |-INFO in ch.qos.logback.classic.util.ContextInitializer@5af97850 - Trying to configure with ch.qos.logback.classic.util.DefaultJoranConfigurator
18:13:17,110 |-INFO in ch.qos.logback.classic.util.ContextInitializer@5af97850 - Constructed configurator of type class ch.qos.logback.classic.util.DefaultJoranConfigurator
18:13:17,115 |-INFO in ch.qos.logback.classic.LoggerContext[default] - Could NOT find resource [logback-test.xml]
18:13:17,120 |-INFO in ch.qos.logback.classic.LoggerContext[default] - Found resource [logback.xml] at [file:/vefa-validator/conf/logback.xml]
18:13:17,120 |-WARN in ch.qos.logback.classic.util.DefaultJoranConfigurator@5ef60048 - Resource [logback.xml] occurs multiple times on the classpath.
18:13:17,121 |-WARN in ch.qos.logback.classic.util.DefaultJoranConfigurator@5ef60048 - Resource [logback.xml] occurs at [jar:file:/vefa-validator/lib/validator-dist-2.4.3.jar!/logback.xml]
18:13:17,121 |-WARN in ch.qos.logback.classic.util.DefaultJoranConfigurator@5ef60048 - Resource [logback.xml] occurs at [file:/vefa-validator/conf/logback.xml]
18:13:17,200 |-INFO in ch.qos.logback.classic.model.processor.ConfigurationModelHandlerFull - Scan attribute set to false.
18:13:17,202 |-INFO in ch.qos.logback.core.model.processor.AppenderModelHandler - Processing appender named [STDOUT]
18:13:17,203 |-INFO in ch.qos.logback.core.model.processor.AppenderModelHandler - About to instantiate appender of type [ch.qos.logback.core.ConsoleAppender]
18:13:17,208 |-INFO in ch.qos.logback.core.model.processor.ImplicitModelHandler - Assuming default type [ch.qos.logback.classic.encoder.PatternLayoutEncoder] for [encoder] property
18:13:17,242 |-INFO in ch.qos.logback.core.ConsoleAppender[STDOUT] - NOTE: Writing to the console can be slow. Try to avoid logging to the 
18:13:17,242 |-INFO in ch.qos.logback.core.ConsoleAppender[STDOUT] - console in production environments, especially in high volume systems.
18:13:17,242 |-INFO in ch.qos.logback.core.ConsoleAppender[STDOUT] - See also https://logback.qos.ch/codes.html#slowConsole
18:13:17,244 |-INFO in ch.qos.logback.classic.model.processor.LoggerModelHandler - Setting level of logger [no.difi.vefa] to INFO
18:13:17,244 |-INFO in ch.qos.logback.classic.model.processor.LoggerModelHandler - Setting level of logger [no.difi.vefa.validator.util.SaxonErrorListener] to WARN
18:13:17,244 |-INFO in ch.qos.logback.classic.model.processor.RootLoggerModelHandler - Setting level of ROOT logger to INFO
18:13:17,244 |-INFO in ch.qos.logback.core.model.processor.AppenderRefModelHandler - Attaching appender named [STDOUT] to Logger[ROOT]
18:13:17,245 |-INFO in ch.qos.logback.core.model.processor.DefaultProcessor@1d548a08 - End of configuration.
18:13:17,245 |-INFO in ch.qos.logback.classic.joran.JoranConfigurator@16aa0a0a - Registering current configuration as safe fallback point
18:13:17,252 |-INFO in ch.qos.logback.classic.util.ContextInitializer@5af97850 - ch.qos.logback.classic.util.DefaultJoranConfigurator.configure() call lasted 136 milliseconds. ExecutionStatus=DO_NOT_INVOKE_NEXT_IF_ANY

18:13:17 INFO  BuildTask - Source '/src/rules'
18:13:18 INFO  SchematronPreparer - Preprocessing Schematron '/src/rules/sch/CEN-EN16931-CII.sch' to '/src/target/validator/contents/sch/CEN-EN16931-CII.sch'
18:13:18 INFO  SchematronPreparer - Preprocessing Schematron '/src/rules/sch/PEPPOL-EN16931-CII.sch' to '/src/target/validator/contents/sch/PEPPOL-EN16931-CII.sch'
18:13:18 INFO  SchematronPreparer - Preprocessing Schematron '/src/rules/sch/CEN-EN16931-UBL.sch' to '/src/target/validator/contents/sch/CEN-EN16931-UBL.sch'
18:13:18 INFO  SchematronPreparer - Preprocessing Schematron '/src/rules/sch/PEPPOL-EN16931-UBL.sch' to '/src/target/validator/contents/sch/PEPPOL-EN16931-UBL.sch'
18:13:18 INFO  SchematronPreparer - Preprocessing Schematron '/src/rules/sch/PeppolBIS-Envelope-Rules.sch' to '/src/target/validator/contents/sch/PeppolBIS-Envelope-Rules.sch'
18:13:18 INFO  DefaultPreparer - Copying '/src/rules/../stylesheet/stylesheet-ubl.xslt' to '/src/target/validator/contents/stylesheet/stylesheet-ubl.xslt' using STYLESHEET
18:13:18 INFO  BuildTask - Loading '/src/rules/buildconfig.xml'
18:13:18 INFO  BuildTask - Source '/src/guide'
18:13:19 INFO  PBCProvider - Just added the BouncyCastleProvider to the list of Security providers
18:13:19 INFO  SchematronCheckerFactory - Compiling Schematron Compiler XSLT
18:13:20 INFO  DirectorySourceInstance - Directory: /src/target/validator
18:13:20 INFO  DirectorySourceInstance - Loading: /src/target/validator/eu.peppol.postaward.v3.billing-c801e0b9-893b-41f6-b617-68d2896dcb4c.asice
18:13:20 INFO  ValidatorEngine - Loading configurations from 'config-eu.peppol.postaward.v3.billing-c801e0b9-893b-41f6-b617-68d2896dcb4c.xml'
18:13:20 INFO  ValidatorEngine -   Loaded 'PEPPOL BIS Billing 3.0' and 'http://docs.peppol.eu/poacc/billing/3.0/'
18:13:20 INFO  ValidationInstance - Loading document from stream
18:13:20 INFO  ValidationInstance -   Detected declaration: xml.ubl
18:13:20 INFO  ValidationInstance -   Detected expectation: XML expectation [16506 bytes]
18:13:20 INFO  ValidationInstance - Validating 'eu.peppol.postaward.v3.billing-c801e0b9-893b-41f6-b617-68d2896dcb4c.asice#sch/CEN-EN16931-UBL.sch' with Engine [PEPPOL BIS Billing 3.0]
18:13:20 INFO  SchematronCheckerFactory - Performing Schematron compilation on 'sch/CEN-EN16931-UBL.sch'
18:13:21 INFO  SchematronXsltChecker - Compiling SVRL Parser
18:13:21 INFO  SchematronXsltChecker - Running Schematron XSTL-based validation
18:13:21 INFO  ValidationInstance - Validating 'eu.peppol.postaward.v3.billing-c801e0b9-893b-41f6-b617-68d2896dcb4c.asice#sch/PEPPOL-EN16931-UBL.sch' with Engine [PEPPOL BIS Billing 3.0]
18:13:21 INFO  SchematronCheckerFactory - Performing Schematron compilation on 'sch/PEPPOL-EN16931-UBL.sch'
18:13:22 INFO  SchematronXsltChecker - Running Schematron XSTL-based validation
18:13:22 INFO  Tester - Test '/src/rules/examples/Allowance-example.xml'
18:13:22 INFO  ValidationInstance - Loading document from stream
18:13:22 INFO  ValidationInstance -   Detected declaration: xml.ubl
18:13:22 INFO  ValidationInstance -   Detected expectation: XML expectation [12753 bytes]
18:13:22 INFO  ValidationInstance - Validating 'eu.peppol.postaward.v3.billing-c801e0b9-893b-41f6-b617-68d2896dcb4c.asice#sch/CEN-EN16931-UBL.sch' with Engine [PEPPOL BIS Billing 3.0]
18:13:22 INFO  SchematronXsltChecker - Running Schematron XSTL-based validation
18:13:22 INFO  ValidationInstance - Validating 'eu.peppol.postaward.v3.billing-c801e0b9-893b-41f6-b617-68d2896dcb4c.asice#sch/PEPPOL-EN16931-UBL.sch' with Engine [PEPPOL BIS Billing 3.0]
18:13:22 INFO  SchematronXsltChecker - Running Schematron XSTL-based validation
18:13:22 INFO  Tester - Test '/src/rules/examples/Vat-category-S.xml'
18:13:22 INFO  ValidationInstance - Loading document from stream
18:13:22 INFO  ValidationInstance -   Detected declaration: xml.ubl
18:13:22 INFO  ValidationInstance -   Detected expectation: XML expectation [9677 bytes]
18:13:22 INFO  ValidationInstance - Validating 'eu.peppol.postaward.v3.billing-c801e0b9-893b-41f6-b617-68d2896dcb4c.asice#sch/CEN-EN16931-UBL.sch' with Engine [PEPPOL BIS Billing 3.0]
18:13:22 INFO  SchematronXsltChecker - Running Schematron XSTL-based validation
18:13:22 INFO  ValidationInstance - Validating 'eu.peppol.postaward.v3.billing-c801e0b9-893b-41f6-b617-68d2896dcb4c.asice#sch/PEPPOL-EN16931-UBL.sch' with Engine [PEPPOL BIS Billing 3.0]
18:13:22 INFO  SchematronXsltChecker - Running Schematron XSTL-based validation
18:13:22 INFO  Tester - Test '/src/rules/examples/base-creditnote-correction.xml'
18:13:22 INFO  ValidationInstance - Loading document from stream
18:13:22 INFO  ValidationInstance -   Detected declaration: xml.ubl
18:13:22 INFO  ValidationInstance -   Detected expectation: XML expectation [9438 bytes]
18:13:22 INFO  ValidationInstance - Validating 'eu.peppol.postaward.v3.billing-c801e0b9-893b-41f6-b617-68d2896dcb4c.asice#sch/CEN-EN16931-UBL.sch' with Engine [PEPPOL BIS Billing 3.0]
18:13:22 INFO  SchematronXsltChecker - Running Schematron XSTL-based validation
18:13:22 INFO  ValidationInstance - Validating 'eu.peppol.postaward.v3.billing-c801e0b9-893b-41f6-b617-68d2896dcb4c.asice#sch/PEPPOL-EN16931-UBL.sch' with Engine [PEPPOL BIS Billing 3.0]
18:13:22 INFO  SchematronXsltChecker - Running Schematron XSTL-based validation
18:13:22 INFO  Tester - Test '/src/rules/examples/base-example.xml'
18:13:22 INFO  ValidationInstance - Loading document from stream
18:13:22 INFO  ValidationInstance -   Detected declaration: xml.ubl
18:13:22 INFO  ValidationInstance -   Detected expectation: XML expectation [9552 bytes]
18:13:22 INFO  ValidationInstance - Validating 'eu.peppol.postaward.v3.billing-c801e0b9-893b-41f6-b617-68d2896dcb4c.asice#sch/CEN-EN16931-UBL.sch' with Engine [PEPPOL BIS Billing 3.0]
18:13:22 INFO  SchematronXsltChecker - Running Schematron XSTL-based validation
18:13:22 INFO  ValidationInstance - Validating 'eu.peppol.postaward.v3.billing-c801e0b9-893b-41f6-b617-68d2896dcb4c.asice#sch/PEPPOL-EN16931-UBL.sch' with Engine [PEPPOL BIS Billing 3.0]
18:13:22 INFO  SchematronXsltChecker - Running Schematron XSTL-based validation
18:13:22 INFO  Tester - Test '/src/rules/examples/base-example_profile02.xml'
18:13:22 INFO  ValidationInstance - Loading document from stream
18:13:22 INFO  ValidationInstance -   Detected declaration: xml.ubl
18:13:22 INFO  ValidationInstance -   Detected expectation: XML expectation [9627 bytes]
18:13:22 INFO  ValidationInstance - Validating 'eu.peppol.postaward.v3.billing-c801e0b9-893b-41f6-b617-68d2896dcb4c.asice#sch/CEN-EN16931-UBL.sch' with Engine [PEPPOL BIS Billing 3.0]
18:13:22 INFO  SchematronXsltChecker - Running Schematron XSTL-based validation
18:13:22 INFO  ValidationInstance - Validating 'eu.peppol.postaward.v3.billing-c801e0b9-893b-41f6-b617-68d2896dcb4c.asice#sch/PEPPOL-EN16931-UBL.sch' with Engine [PEPPOL BIS Billing 3.0]
18:13:22 INFO  SchematronXsltChecker - Running Schematron XSTL-based validation
18:13:22 INFO  Tester - Test '/src/rules/examples/base-negative-inv-correction.xml'
18:13:22 INFO  ValidationInstance - Loading document from stream
18:13:22 INFO  ValidationInstance -   Detected declaration: xml.ubl
18:13:22 INFO  ValidationInstance -   Detected expectation: XML expectation [9672 bytes]
18:13:22 INFO  ValidationInstance - Validating 'eu.peppol.postaward.v3.billing-c801e0b9-893b-41f6-b617-68d2896dcb4c.asice#sch/CEN-EN16931-UBL.sch' with Engine [PEPPOL BIS Billing 3.0]
18:13:22 INFO  SchematronXsltChecker - Running Schematron XSTL-based validation
18:13:22 INFO  ValidationInstance - Validating 'eu.peppol.postaward.v3.billing-c801e0b9-893b-41f6-b617-68d2896dcb4c.asice#sch/PEPPOL-EN16931-UBL.sch' with Engine [PEPPOL BIS Billing 3.0]
18:13:22 INFO  SchematronXsltChecker - Running Schematron XSTL-based validation
18:13:22 INFO  Tester - Test '/src/rules/examples/sales-order-example.xml'
18:13:22 INFO  ValidationInstance - Loading document from stream
18:13:22 INFO  ValidationInstance -   Detected declaration: xml.ubl
18:13:22 INFO  ValidationInstance -   Detected expectation: XML expectation [5290 bytes]
18:13:22 INFO  ValidationInstance - Validating 'eu.peppol.postaward.v3.billing-c801e0b9-893b-41f6-b617-68d2896dcb4c.asice#sch/CEN-EN16931-UBL.sch' with Engine [PEPPOL BIS Billing 3.0]
18:13:22 INFO  SchematronXsltChecker - Running Schematron XSTL-based validation
18:13:22 INFO  ValidationInstance - Validating 'eu.peppol.postaward.v3.billing-c801e0b9-893b-41f6-b617-68d2896dcb4c.asice#sch/PEPPOL-EN16931-UBL.sch' with Engine [PEPPOL BIS Billing 3.0]
18:13:22 INFO  SchematronXsltChecker - Running Schematron XSTL-based validation
18:13:22 INFO  Tester - Test '/src/rules/examples/vat-category-E.xml'
18:13:22 INFO  ValidationInstance - Loading document from stream
18:13:22 INFO  ValidationInstance -   Detected declaration: xml.ubl
18:13:22 INFO  ValidationInstance -   Detected expectation: XML expectation [5014 bytes]
18:13:22 INFO  ValidationInstance - Validating 'eu.peppol.postaward.v3.billing-c801e0b9-893b-41f6-b617-68d2896dcb4c.asice#sch/CEN-EN16931-UBL.sch' with Engine [PEPPOL BIS Billing 3.0]
18:13:22 INFO  SchematronXsltChecker - Running Schematron XSTL-based validation
18:13:22 INFO  ValidationInstance - Validating 'eu.peppol.postaward.v3.billing-c801e0b9-893b-41f6-b617-68d2896dcb4c.asice#sch/PEPPOL-EN16931-UBL.sch' with Engine [PEPPOL BIS Billing 3.0]
18:13:22 INFO  SchematronXsltChecker - Running Schematron XSTL-based validation
18:13:22 INFO  Tester - Test '/src/rules/examples/vat-category-O.xml'
18:13:22 INFO  ValidationInstance - Loading document from stream
18:13:22 INFO  ValidationInstance -   Detected declaration: xml.ubl
18:13:22 INFO  ValidationInstance -   Detected expectation: XML expectation [5205 bytes]
18:13:22 INFO  ValidationInstance - Validating 'eu.peppol.postaward.v3.billing-c801e0b9-893b-41f6-b617-68d2896dcb4c.asice#sch/CEN-EN16931-UBL.sch' with Engine [PEPPOL BIS Billing 3.0]
18:13:22 INFO  SchematronXsltChecker - Running Schematron XSTL-based validation
18:13:22 INFO  ValidationInstance - Validating 'eu.peppol.postaward.v3.billing-c801e0b9-893b-41f6-b617-68d2896dcb4c.asice#sch/PEPPOL-EN16931-UBL.sch' with Engine [PEPPOL BIS Billing 3.0]
18:13:22 INFO  SchematronXsltChecker - Running Schematron XSTL-based validation
18:13:22 INFO  Tester - Test '/src/rules/examples/vat-category-Z.xml'
18:13:22 INFO  ValidationInstance - Loading document from stream
18:13:22 INFO  ValidationInstance -   Detected declaration: xml.ubl
18:13:22 INFO  ValidationInstance -   Detected expectation: XML expectation [22085 bytes]
18:13:22 INFO  ValidationInstance - Validating 'eu.peppol.postaward.v3.billing-c801e0b9-893b-41f6-b617-68d2896dcb4c.asice#sch/CEN-EN16931-UBL.sch' with Engine [PEPPOL BIS Billing 3.0]
18:13:22 INFO  SchematronXsltChecker - Running Schematron XSTL-based validation
18:13:22 INFO  ValidationInstance - Validating 'eu.peppol.postaward.v3.billing-c801e0b9-893b-41f6-b617-68d2896dcb4c.asice#sch/PEPPOL-EN16931-UBL.sch' with Engine [PEPPOL BIS Billing 3.0]
18:13:22 INFO  SchematronXsltChecker - Running Schematron XSTL-based validation
18:13:22 INFO  Tester - Test '/src/rules/snippets/Calc.xml'
18:13:22 INFO  ValidationInstance - Loading document from stream
18:13:22 INFO  ValidationInstance -   Detected declaration: xml.ubl
18:13:22 INFO  ValidationInstance -   Detected expectation: XML expectation [9933 bytes]
18:13:22 INFO  ValidationInstance - Validating 'eu.peppol.postaward.v3.billing-c801e0b9-893b-41f6-b617-68d2896dcb4c.asice#sch/CEN-EN16931-UBL.sch' with Engine [PEPPOL BIS Billing 3.0]
18:13:22 INFO  SchematronXsltChecker - Running Schematron XSTL-based validation
18:13:22 INFO  ValidationInstance - Validating 'eu.peppol.postaward.v3.billing-c801e0b9-893b-41f6-b617-68d2896dcb4c.asice#sch/PEPPOL-EN16931-UBL.sch' with Engine [PEPPOL BIS Billing 3.0]
18:13:22 INFO  SchematronXsltChecker - Running Schematron XSTL-based validation
18:13:22 INFO  Tester - Test '/src/rules/snippets/CreditNote-snippets.xml'
18:13:22 INFO  ValidationInstance - Loading document from stream
18:13:22 INFO  ValidationInstance -   Detected declaration: xml.ubl
18:13:22 INFO  ValidationInstance -   Detected expectation: XML expectation [16808 bytes]
18:13:22 INFO  ValidationInstance - Validating 'eu.peppol.postaward.v3.billing-c801e0b9-893b-41f6-b617-68d2896dcb4c.asice#sch/CEN-EN16931-UBL.sch' with Engine [PEPPOL BIS Billing 3.0]
18:13:22 INFO  SchematronXsltChecker - Running Schematron XSTL-based validation
18:13:22 INFO  ValidationInstance - Validating 'eu.peppol.postaward.v3.billing-c801e0b9-893b-41f6-b617-68d2896dcb4c.asice#sch/PEPPOL-EN16931-UBL.sch' with Engine [PEPPOL BIS Billing 3.0]
18:13:22 INFO  SchematronXsltChecker - Running Schematron XSTL-based validation
18:13:22 INFO  Tester - Test '/src/rules/snippets/Snippet-cn.xml'
18:13:22 INFO  ValidationInstance - Loading document from stream
18:13:22 INFO  ValidationInstance -   Detected declaration: xml.ubl
18:13:22 INFO  ValidationInstance -   Detected expectation: XML expectation [16948 bytes]
18:13:22 INFO  ValidationInstance - Validating 'eu.peppol.postaward.v3.billing-c801e0b9-893b-41f6-b617-68d2896dcb4c.asice#sch/CEN-EN16931-UBL.sch' with Engine [PEPPOL BIS Billing 3.0]
18:13:22 INFO  SchematronXsltChecker - Running Schematron XSTL-based validation
18:13:22 INFO  ValidationInstance - Validating 'eu.peppol.postaward.v3.billing-c801e0b9-893b-41f6-b617-68d2896dcb4c.asice#sch/PEPPOL-EN16931-UBL.sch' with Engine [PEPPOL BIS Billing 3.0]
18:13:22 INFO  SchematronXsltChecker - Running Schematron XSTL-based validation
18:13:22 INFO  Tester - Test '/src/rules/snippets/Snippet-full-profile-02.xml'
18:13:22 INFO  ValidationInstance - Loading document from stream
18:13:22 INFO  ValidationInstance -   Detected declaration: xml.ubl
18:13:22 INFO  ValidationInstance -   Detected expectation: XML expectation [16955 bytes]
18:13:22 INFO  ValidationInstance - Validating 'eu.peppol.postaward.v3.billing-c801e0b9-893b-41f6-b617-68d2896dcb4c.asice#sch/CEN-EN16931-UBL.sch' with Engine [PEPPOL BIS Billing 3.0]
18:13:22 INFO  SchematronXsltChecker - Running Schematron XSTL-based validation
18:13:22 INFO  ValidationInstance - Validating 'eu.peppol.postaward.v3.billing-c801e0b9-893b-41f6-b617-68d2896dcb4c.asice#sch/PEPPOL-EN16931-UBL.sch' with Engine [PEPPOL BIS Billing 3.0]
18:13:22 INFO  SchematronXsltChecker - Running Schematron XSTL-based validation
18:13:22 INFO  Tester - Test '/src/rules/snippets/Snippet-full.xml'
18:13:22 INFO  ValidationInstance - Loading document from stream
18:13:22 INFO  ValidationInstance -   Detected declaration: xml.ubl
18:13:22 INFO  ValidationInstance -   Detected expectation: XML expectation [16087 bytes]
18:13:22 INFO  ValidationInstance - Validating 'eu.peppol.postaward.v3.billing-c801e0b9-893b-41f6-b617-68d2896dcb4c.asice#sch/CEN-EN16931-UBL.sch' with Engine [PEPPOL BIS Billing 3.0]
18:13:22 INFO  SchematronXsltChecker - Running Schematron XSTL-based validation
18:13:22 INFO  ValidationInstance - Validating 'eu.peppol.postaward.v3.billing-c801e0b9-893b-41f6-b617-68d2896dcb4c.asice#sch/PEPPOL-EN16931-UBL.sch' with Engine [PEPPOL BIS Billing 3.0]
18:13:22 INFO  SchematronXsltChecker - Running Schematron XSTL-based validation
18:13:22 INFO  Tester - Test '/src/rules/snippets/Snippet-refs.xml'
18:13:22 INFO  ValidationInstance - Loading document from stream
18:13:22 INFO  ValidationInstance -   Detected declaration: xml.ubl
18:13:22 INFO  ValidationInstance -   Detected expectation: XML expectation [10237 bytes]
18:13:22 INFO  ValidationInstance - Validating 'eu.peppol.postaward.v3.billing-c801e0b9-893b-41f6-b617-68d2896dcb4c.asice#sch/CEN-EN16931-UBL.sch' with Engine [PEPPOL BIS Billing 3.0]
18:13:22 INFO  SchematronXsltChecker - Running Schematron XSTL-based validation
18:13:22 INFO  ValidationInstance - Validating 'eu.peppol.postaward.v3.billing-c801e0b9-893b-41f6-b617-68d2896dcb4c.asice#sch/PEPPOL-EN16931-UBL.sch' with Engine [PEPPOL BIS Billing 3.0]
18:13:22 INFO  SchematronXsltChecker - Running Schematron XSTL-based validation
18:13:22 INFO  Tester - Test '/src/rules/snippets/base-creditnote-correction.xml'
18:13:22 INFO  ValidationInstance - Loading document from stream
18:13:22 INFO  ValidationInstance -   Detected declaration: xml.ubl
18:13:22 INFO  ValidationInstance -   Detected expectation: XML expectation [10026 bytes]
18:13:22 INFO  ValidationInstance - Validating 'eu.peppol.postaward.v3.billing-c801e0b9-893b-41f6-b617-68d2896dcb4c.asice#sch/CEN-EN16931-UBL.sch' with Engine [PEPPOL BIS Billing 3.0]
18:13:22 INFO  SchematronXsltChecker - Running Schematron XSTL-based validation
18:13:22 INFO  ValidationInstance - Validating 'eu.peppol.postaward.v3.billing-c801e0b9-893b-41f6-b617-68d2896dcb4c.asice#sch/PEPPOL-EN16931-UBL.sch' with Engine [PEPPOL BIS Billing 3.0]
18:13:22 INFO  SchematronXsltChecker - Running Schematron XSTL-based validation
18:13:22 INFO  Tester - Test '/src/rules/snippets/base-example.xml'
18:13:22 INFO  ValidationInstance - Loading document from stream
18:13:22 INFO  ValidationInstance -   Detected declaration: xml.ubl
18:13:22 INFO  ValidationInstance -   Detected expectation: XML expectation [10384 bytes]
18:13:22 INFO  ValidationInstance - Validating 'eu.peppol.postaward.v3.billing-c801e0b9-893b-41f6-b617-68d2896dcb4c.asice#sch/CEN-EN16931-UBL.sch' with Engine [PEPPOL BIS Billing 3.0]
18:13:22 INFO  SchematronXsltChecker - Running Schematron XSTL-based validation
18:13:22 INFO  ValidationInstance - Validating 'eu.peppol.postaward.v3.billing-c801e0b9-893b-41f6-b617-68d2896dcb4c.asice#sch/PEPPOL-EN16931-UBL.sch' with Engine [PEPPOL BIS Billing 3.0]
18:13:22 INFO  SchematronXsltChecker - Running Schematron XSTL-based validation
18:13:22 INFO  Tester - Test '/src/rules/snippets/base-negative-inv-correction.xml'
18:13:22 INFO  ValidationInstance - Loading document from stream
18:13:22 INFO  ValidationInstance -   Detected declaration: xml.ubl
18:13:22 INFO  ValidationInstance -   Detected expectation: XML expectation [15080 bytes]
18:13:22 INFO  ValidationInstance - Validating 'eu.peppol.postaward.v3.billing-c801e0b9-893b-41f6-b617-68d2896dcb4c.asice#sch/CEN-EN16931-UBL.sch' with Engine [PEPPOL BIS Billing 3.0]
18:13:22 INFO  SchematronXsltChecker - Running Schematron XSTL-based validation
18:13:22 INFO  ValidationInstance - Validating 'eu.peppol.postaward.v3.billing-c801e0b9-893b-41f6-b617-68d2896dcb4c.asice#sch/PEPPOL-EN16931-UBL.sch' with Engine [PEPPOL BIS Billing 3.0]
18:13:22 INFO  SchematronXsltChecker - Running Schematron XSTL-based validation
18:13:22 INFO  Tester - Test '/src/rules/snippets/direct-debit.xml'
18:13:22 INFO  ValidationInstance - Loading document from stream
18:13:22 INFO  ValidationInstance -   Detected declaration: xml.ubl
18:13:22 INFO  ValidationInstance -   Detected expectation: XML expectation [15094 bytes]
18:13:22 INFO  ValidationInstance - Validating 'eu.peppol.postaward.v3.billing-c801e0b9-893b-41f6-b617-68d2896dcb4c.asice#sch/CEN-EN16931-UBL.sch' with Engine [PEPPOL BIS Billing 3.0]
18:13:22 INFO  SchematronXsltChecker - Running Schematron XSTL-based validation
18:13:22 INFO  ValidationInstance - Validating 'eu.peppol.postaward.v3.billing-c801e0b9-893b-41f6-b617-68d2896dcb4c.asice#sch/PEPPOL-EN16931-UBL.sch' with Engine [PEPPOL BIS Billing 3.0]
18:13:22 INFO  SchematronXsltChecker - Running Schematron XSTL-based validation
18:13:22 INFO  Tester - Test '/src/rules/snippets/giro.xml'
18:13:22 INFO  ValidationInstance - Loading document from stream
18:13:22 INFO  ValidationInstance -   Detected declaration: xml.ubl
18:13:22 INFO  ValidationInstance -   Detected expectation: XML expectation [17353 bytes]
18:13:22 INFO  ValidationInstance - Validating 'eu.peppol.postaward.v3.billing-c801e0b9-893b-41f6-b617-68d2896dcb4c.asice#sch/CEN-EN16931-UBL.sch' with Engine [PEPPOL BIS Billing 3.0]
18:13:22 INFO  SchematronXsltChecker - Running Schematron XSTL-based validation
18:13:22 INFO  ValidationInstance - Validating 'eu.peppol.postaward.v3.billing-c801e0b9-893b-41f6-b617-68d2896dcb4c.asice#sch/PEPPOL-EN16931-UBL.sch' with Engine [PEPPOL BIS Billing 3.0]
18:13:22 INFO  SchematronXsltChecker - Running Schematron XSTL-based validation
18:13:22 INFO  Tester - Test '/src/rules/snippets/item.xml'
18:13:22 INFO  ValidationInstance - Loading document from stream
18:13:22 INFO  ValidationInstance -   Detected declaration: xml.ubl
18:13:22 INFO  ValidationInstance -   Detected expectation: XML expectation [15738 bytes]
18:13:22 INFO  ValidationInstance - Validating 'eu.peppol.postaward.v3.billing-c801e0b9-893b-41f6-b617-68d2896dcb4c.asice#sch/CEN-EN16931-UBL.sch' with Engine [PEPPOL BIS Billing 3.0]
18:13:22 INFO  SchematronXsltChecker - Running Schematron XSTL-based validation
18:13:22 INFO  ValidationInstance - Validating 'eu.peppol.postaward.v3.billing-c801e0b9-893b-41f6-b617-68d2896dcb4c.asice#sch/PEPPOL-EN16931-UBL.sch' with Engine [PEPPOL BIS Billing 3.0]
18:13:22 INFO  SchematronXsltChecker - Running Schematron XSTL-based validation
18:13:22 INFO  Tester - Test '/src/rules/snippets/payment-credit.xml'
18:13:22 INFO  ValidationInstance - Loading document from stream
18:13:22 INFO  ValidationInstance -   Detected declaration: xml.ubl
18:13:22 INFO  ValidationInstance -   Detected expectation: XML expectation [15312 bytes]
18:13:22 INFO  ValidationInstance - Validating 'eu.peppol.postaward.v3.billing-c801e0b9-893b-41f6-b617-68d2896dcb4c.asice#sch/CEN-EN16931-UBL.sch' with Engine [PEPPOL BIS Billing 3.0]
18:13:22 INFO  SchematronXsltChecker - Running Schematron XSTL-based validation
18:13:22 INFO  ValidationInstance - Validating 'eu.peppol.postaward.v3.billing-c801e0b9-893b-41f6-b617-68d2896dcb4c.asice#sch/PEPPOL-EN16931-UBL.sch' with Engine [PEPPOL BIS Billing 3.0]
18:13:22 INFO  SchematronXsltChecker - Running Schematron XSTL-based validation
18:13:22 INFO  Tester - Test '/src/rules/snippets/payment1.xml'
18:13:22 INFO  ValidationInstance - Loading document from stream
18:13:22 INFO  ValidationInstance -   Detected declaration: xml.ubl
18:13:22 INFO  ValidationInstance -   Detected expectation: XML expectation [21223 bytes]
18:13:22 INFO  ValidationInstance - Validating 'eu.peppol.postaward.v3.billing-c801e0b9-893b-41f6-b617-68d2896dcb4c.asice#sch/CEN-EN16931-UBL.sch' with Engine [PEPPOL BIS Billing 3.0]
18:13:22 INFO  SchematronXsltChecker - Running Schematron XSTL-based validation
18:13:22 INFO  ValidationInstance - Validating 'eu.peppol.postaward.v3.billing-c801e0b9-893b-41f6-b617-68d2896dcb4c.asice#sch/PEPPOL-EN16931-UBL.sch' with Engine [PEPPOL BIS Billing 3.0]
18:13:22 INFO  SchematronXsltChecker - Running Schematron XSTL-based validation
18:13:22 INFO  Tester - Test '/src/rules/snippets/price.xml'
18:13:22 INFO  ValidationInstance - Loading document from stream
18:13:22 INFO  ValidationInstance -   Detected declaration: xml.ubl
18:13:22 INFO  ValidationInstance -   Detected expectation: XML expectation [13496 bytes]
18:13:22 INFO  ValidationInstance - Validating 'eu.peppol.postaward.v3.billing-c801e0b9-893b-41f6-b617-68d2896dcb4c.asice#sch/CEN-EN16931-UBL.sch' with Engine [PEPPOL BIS Billing 3.0]
18:13:22 INFO  SchematronXsltChecker - Running Schematron XSTL-based validation
18:13:22 INFO  ValidationInstance - Validating 'eu.peppol.postaward.v3.billing-c801e0b9-893b-41f6-b617-68d2896dcb4c.asice#sch/PEPPOL-EN16931-UBL.sch' with Engine [PEPPOL BIS Billing 3.0]
18:13:22 INFO  SchematronXsltChecker - Running Schematron XSTL-based validation
18:13:22 INFO  Tester - Test '/src/rules/snippets/vat-calc.xml'
18:13:23 INFO  ValidationInstance - Loading document from stream
18:13:23 INFO  ValidationInstance -   Detected declaration: xml.testset (with children)
18:13:23 INFO  ValidationInstance - Loading document from stream
18:13:23 INFO  ValidationInstance -   Detected declaration: xml.test (with converter)
18:13:23 INFO  ValidationInstance -   Detected expectation: 1) Invalid Danish organization number (CVR) provided.
18:13:23 INFO  ValidationInstance - Validating 'eu.peppol.postaward.v3.billing-c801e0b9-893b-41f6-b617-68d2896dcb4c.asice#sch/PEPPOL-EN16931-CII.sch' with Engine [PEPPOL BIS Billing 3.0]
18:13:23 INFO  SchematronCheckerFactory - Performing Schematron compilation on 'sch/PEPPOL-EN16931-CII.sch'
18:13:23 INFO  SchematronXsltChecker - Running Schematron XSTL-based validation
18:13:23 INFO  ValidationInstance - Loading document from stream
18:13:23 INFO  ValidationInstance -   Detected declaration: xml.test (with converter)
18:13:23 INFO  ValidationInstance -   Detected expectation: 2) Invalid Danish organization number (CVR) provided.
18:13:23 INFO  ValidationInstance - Validating 'eu.peppol.postaward.v3.billing-c801e0b9-893b-41f6-b617-68d2896dcb4c.asice#sch/PEPPOL-EN16931-CII.sch' with Engine [PEPPOL BIS Billing 3.0]
18:13:23 INFO  SchematronXsltChecker - Running Schematron XSTL-based validation
18:13:23 INFO  Tester - TestSet '/src/rules/unit-CII-PEPPOL/PEPPOL-COMMON-R042.xml'
18:13:23 INFO  ValidationInstance - Loading document from stream
18:13:23 INFO  ValidationInstance -   Detected declaration: xml.testset (with children)
18:13:23 INFO  ValidationInstance - Loading document from stream
18:13:23 INFO  ValidationInstance -   Detected declaration: xml.test (with converter)
18:13:23 INFO  ValidationInstance -   Detected expectation: 1) Invalid Beligan organization number (0208) provided.
18:13:23 INFO  ValidationInstance - Validating 'eu.peppol.postaward.v3.billing-c801e0b9-893b-41f6-b617-68d2896dcb4c.asice#sch/PEPPOL-EN16931-CII.sch' with Engine [PEPPOL BIS Billing 3.0]
18:13:23 INFO  SchematronXsltChecker - Running Schematron XSTL-based validation
18:13:23 INFO  ValidationInstance - Loading document from stream
18:13:23 INFO  ValidationInstance -   Detected declaration: xml.test (with converter)
18:13:23 INFO  ValidationInstance -   Detected expectation: 2) Invalid Beligan organization number (0208) provided.
18:13:23 INFO  ValidationInstance - Validating 'eu.peppol.postaward.v3.billing-c801e0b9-893b-41f6-b617-68d2896dcb4c.asice#sch/PEPPOL-EN16931-CII.sch' with Engine [PEPPOL BIS Billing 3.0]
18:13:23 INFO  SchematronXsltChecker - Running Schematron XSTL-based validation
18:13:23 INFO  ValidationInstance - Loading document from stream
18:13:23 INFO  ValidationInstance -   Detected declaration: xml.test (with converter)
18:13:23 INFO  ValidationInstance -   Detected expectation: 3) Invalid Beligan organization number (0208) provided.
18:13:23 INFO  ValidationInstance - Validating 'eu.peppol.postaward.v3.billing-c801e0b9-893b-41f6-b617-68d2896dcb4c.asice#sch/PEPPOL-EN16931-CII.sch' with Engine [PEPPOL BIS Billing 3.0]
18:13:23 INFO  SchematronXsltChecker - Running Schematron XSTL-based validation
18:13:23 INFO  ValidationInstance - Loading document from stream
18:13:23 INFO  ValidationInstance -   Detected declaration: xml.test (with converter)
18:13:23 INFO  ValidationInstance -   Detected expectation: 4) Invalid Beligan organization number (0208) provided.
18:13:23 INFO  ValidationInstance - Validating 'eu.peppol.postaward.v3.billing-c801e0b9-893b-41f6-b617-68d2896dcb4c.asice#sch/PEPPOL-EN16931-CII.sch' with Engine [PEPPOL BIS Billing 3.0]
18:13:23 INFO  SchematronXsltChecker - Running Schematron XSTL-based validation
18:13:23 INFO  ValidationInstance - Loading document from stream
18:13:23 INFO  ValidationInstance -   Detected declaration: xml.test (with converter)
18:13:23 INFO  ValidationInstance -   Detected expectation: 5) Invalid Beligan organization number (0208) provided.
18:13:23 INFO  ValidationInstance - Validating 'eu.peppol.postaward.v3.billing-c801e0b9-893b-41f6-b617-68d2896dcb4c.asice#sch/PEPPOL-EN16931-CII.sch' with Engine [PEPPOL BIS Billing 3.0]
18:13:23 INFO  SchematronXsltChecker - Running Schematron XSTL-based validation
18:13:23 INFO  Tester - TestSet '/src/rules/unit-CII-PEPPOL/PEPPOL-COMMON-R043.xml'
18:13:23 INFO  ValidationInstance - Loading document from stream
18:13:23 INFO  ValidationInstance -   Detected declaration: xml.testset (with children)
18:13:23 INFO  ValidationInstance - Loading document from stream
18:13:23 INFO  ValidationInstance -   Detected declaration: xml.test (with converter)
18:13:23 INFO  ValidationInstance -   Detected expectation: 1) ICD (0201) provided.
18:13:23 INFO  ValidationInstance - Validating 'eu.peppol.postaward.v3.billing-c801e0b9-893b-41f6-b617-68d2896dcb4c.asice#sch/PEPPOL-EN16931-CII.sch' with Engine [PEPPOL BIS Billing 3.0]
18:13:23 INFO  SchematronXsltChecker - Running Schematron XSTL-based validation
18:13:23 INFO  ValidationInstance - Loading document from stream
18:13:23 INFO  ValidationInstance -   Detected declaration: xml.test (with converter)
18:13:23 INFO  ValidationInstance -   Detected expectation: 2) ICD (0201) provided.
18:13:23 INFO  ValidationInstance - Validating 'eu.peppol.postaward.v3.billing-c801e0b9-893b-41f6-b617-68d2896dcb4c.asice#sch/PEPPOL-EN16931-CII.sch' with Engine [PEPPOL BIS Billing 3.0]
18:13:23 INFO  SchematronXsltChecker - Running Schematron XSTL-based validation
18:13:23 INFO  ValidationInstance - Loading document from stream
18:13:23 INFO  ValidationInstance -   Detected declaration: xml.test (with converter)
18:13:23 INFO  ValidationInstance -   Detected expectation: 3) ICD (0201) provided.
18:13:23 INFO  ValidationInstance - Validating 'eu.peppol.postaward.v3.billing-c801e0b9-893b-41f6-b617-68d2896dcb4c.asice#sch/PEPPOL-EN16931-CII.sch' with Engine [PEPPOL BIS Billing 3.0]
18:13:23 INFO  SchematronXsltChecker - Running Schematron XSTL-based validation
18:13:23 INFO  ValidationInstance - Loading document from stream
18:13:23 INFO  ValidationInstance -   Detected declaration: xml.test (with converter)
18:13:23 INFO  ValidationInstance -   Detected expectation: 4) ICD (0201) provided.
18:13:23 INFO  ValidationInstance - Validating 'eu.peppol.postaward.v3.billing-c801e0b9-893b-41f6-b617-68d2896dcb4c.asice#sch/PEPPOL-EN16931-CII.sch' with Engine [PEPPOL BIS Billing 3.0]
18:13:23 INFO  SchematronXsltChecker - Running Schematron XSTL-based validation
18:13:23 INFO  ValidationInstance - Loading document from stream
18:13:23 INFO  ValidationInstance -   Detected declaration: xml.test (with converter)
18:13:23 INFO  ValidationInstance -   Detected expectation: 5) ICD (0201) provided.
18:13:23 INFO  ValidationInstance - Validating 'eu.peppol.postaward.v3.billing-c801e0b9-893b-41f6-b617-68d2896dcb4c.asice#sch/PEPPOL-EN16931-CII.sch' with Engine [PEPPOL BIS Billing 3.0]
18:13:23 INFO  SchematronXsltChecker - Running Schematron XSTL-based validation
18:13:23 INFO  Tester - TestSet '/src/rules/unit-CII-PEPPOL/PEPPOL-COMMON-R044.xml'
18:13:24 INFO  ValidationInstance - Loading document from stream
18:13:24 INFO  ValidationInstance -   Detected declaration: xml.testset (with children)
18:13:24 INFO  ValidationInstance - Loading document from stream
18:13:24 INFO  ValidationInstance -   Detected declaration: xml.test (with converter)
18:13:24 INFO  ValidationInstance -   Detected expectation: 1) ICD (0210) provided.
18:13:24 INFO  ValidationInstance - Validating 'eu.peppol.postaward.v3.billing-c801e0b9-893b-41f6-b617-68d2896dcb4c.asice#sch/PEPPOL-EN16931-CII.sch' with Engine [PEPPOL BIS Billing 3.0]
18:13:24 INFO  SchematronXsltChecker - Running Schematron XSTL-based validation
18:13:24 INFO  ValidationInstance - Loading document from stream
18:13:24 INFO  ValidationInstance -   Detected declaration: xml.test (with converter)
18:13:24 INFO  ValidationInstance -   Detected expectation: 2) ICD (0210) provided.
18:13:24 INFO  ValidationInstance - Validating 'eu.peppol.postaward.v3.billing-c801e0b9-893b-41f6-b617-68d2896dcb4c.asice#sch/PEPPOL-EN16931-CII.sch' with Engine [PEPPOL BIS Billing 3.0]
18:13:24 INFO  SchematronXsltChecker - Running Schematron XSTL-based validation
18:13:24 INFO  ValidationInstance - Loading document from stream
18:13:24 INFO  ValidationInstance -   Detected declaration: xml.test (with converter)
18:13:24 INFO  ValidationInstance -   Detected expectation: 3) ICD (0210) provided.
18:13:24 INFO  ValidationInstance - Validating 'eu.peppol.postaward.v3.billing-c801e0b9-893b-41f6-b617-68d2896dcb4c.asice#sch/PEPPOL-EN16931-CII.sch' with Engine [PEPPOL BIS Billing 3.0]
18:13:24 INFO  SchematronXsltChecker - Running Schematron XSTL-based validation
18:13:24 INFO  ValidationInstance - Loading document from stream
18:13:24 INFO  ValidationInstance -   Detected declaration: xml.test (with converter)
18:13:24 INFO  ValidationInstance -   Detected expectation: 4) ICD (0210) provided.
18:13:24 INFO  ValidationInstance - Validating 'eu.peppol.postaward.v3.billing-c801e0b9-893b-41f6-b617-68d2896dcb4c.asice#sch/PEPPOL-EN16931-CII.sch' with Engine [PEPPOL BIS Billing 3.0]
18:13:24 INFO  SchematronXsltChecker - Running Schematron XSTL-based validation
18:13:24 INFO  ValidationInstance - Loading document from stream
18:13:24 INFO  ValidationInstance -   Detected declaration: xml.test (with converter)
18:13:24 INFO  ValidationInstance -   Detected expectation: 5) ICD (0210) provided.
18:13:24 INFO  ValidationInstance - Validating 'eu.peppol.postaward.v3.billing-c801e0b9-893b-41f6-b617-68d2896dcb4c.asice#sch/PEPPOL-EN16931-CII.sch' with Engine [PEPPOL BIS Billing 3.0]
18:13:24 INFO  SchematronXsltChecker - Running Schematron XSTL-based validation
18:13:24 INFO  Tester - TestSet '/src/rules/unit-CII-PEPPOL/PEPPOL-COMMON-R045.xml'
18:13:24 INFO  ValidationInstance - Loading document from stream
18:13:24 INFO  ValidationInstance -   Detected declaration: xml.testset (with children)
18:13:24 INFO  ValidationInstance - Loading document from stream
18:13:24 INFO  ValidationInstance -   Detected declaration: xml.test (with converter)
18:13:24 INFO  ValidationInstance -   Detected expectation: 1) ICD (9907) provided.
18:13:24 INFO  ValidationInstance - Validating 'eu.peppol.postaward.v3.billing-c801e0b9-893b-41f6-b617-68d2896dcb4c.asice#sch/PEPPOL-EN16931-CII.sch' with Engine [PEPPOL BIS Billing 3.0]
18:13:24 INFO  SchematronXsltChecker - Running Schematron XSTL-based validation
18:13:24 INFO  ValidationInstance - Loading document from stream
18:13:24 INFO  ValidationInstance -   Detected declaration: xml.test (with converter)
18:13:24 INFO  ValidationInstance -   Detected expectation: 2) ICD (9907) provided.
18:13:24 INFO  ValidationInstance - Validating 'eu.peppol.postaward.v3.billing-c801e0b9-893b-41f6-b617-68d2896dcb4c.asice#sch/PEPPOL-EN16931-CII.sch' with Engine [PEPPOL BIS Billing 3.0]
18:13:24 INFO  SchematronXsltChecker - Running Schematron XSTL-based validation
18:13:24 INFO  ValidationInstance - Loading document from stream
18:13:24 INFO  ValidationInstance -   Detected declaration: xml.test (with converter)
18:13:24 INFO  ValidationInstance -   Detected expectation: 3) ICD (9907) provided.
18:13:24 INFO  ValidationInstance - Validating 'eu.peppol.postaward.v3.billing-c801e0b9-893b-41f6-b617-68d2896dcb4c.asice#sch/PEPPOL-EN16931-CII.sch' with Engine [PEPPOL BIS Billing 3.0]
18:13:24 INFO  SchematronXsltChecker - Running Schematron XSTL-based validation
18:13:24 INFO  ValidationInstance - Loading document from stream
18:13:24 INFO  ValidationInstance -   Detected declaration: xml.test (with converter)
18:13:24 INFO  ValidationInstance -   Detected expectation: 4) ICD (9907) provided.
18:13:24 INFO  ValidationInstance - Validating 'eu.peppol.postaward.v3.billing-c801e0b9-893b-41f6-b617-68d2896dcb4c.asice#sch/PEPPOL-EN16931-CII.sch' with Engine [PEPPOL BIS Billing 3.0]
18:13:24 INFO  SchematronXsltChecker - Running Schematron XSTL-based validation
18:13:24 INFO  ValidationInstance - Loading document from stream
18:13:24 INFO  ValidationInstance -   Detected declaration: xml.test (with converter)
18:13:24 INFO  ValidationInstance -   Detected expectation: 5) ICD (9907) provided.
18:13:24 INFO  ValidationInstance - Validating 'eu.peppol.postaward.v3.billing-c801e0b9-893b-41f6-b617-68d2896dcb4c.asice#sch/PEPPOL-EN16931-CII.sch' with Engine [PEPPOL BIS Billing 3.0]
18:13:24 INFO  SchematronXsltChecker - Running Schematron XSTL-based validation
18:13:24 INFO  Tester - TestSet '/src/rules/unit-CII-PEPPOL/PEPPOL-COMMON-R046.xml'
18:13:24 INFO  ValidationInstance - Loading document from stream
18:13:24 INFO  ValidationInstance -   Detected declaration: xml.testset (with children)
18:13:24 INFO  ValidationInstance - Loading document from stream
18:13:24 INFO  ValidationInstance -   Detected declaration: xml.test (with converter)
18:13:24 INFO  ValidationInstance -   Detected expectation: 1) ICD (0211) provided.
18:13:24 INFO  ValidationInstance - Validating 'eu.peppol.postaward.v3.billing-c801e0b9-893b-41f6-b617-68d2896dcb4c.asice#sch/PEPPOL-EN16931-CII.sch' with Engine [PEPPOL BIS Billing 3.0]
18:13:24 INFO  SchematronXsltChecker - Running Schematron XSTL-based validation
18:13:24 INFO  ValidationInstance - Loading document from stream
18:13:24 INFO  ValidationInstance -   Detected declaration: xml.test (with converter)
18:13:24 INFO  ValidationInstance -   Detected expectation: 2) ICD (0211) provided.
18:13:24 INFO  ValidationInstance - Validating 'eu.peppol.postaward.v3.billing-c801e0b9-893b-41f6-b617-68d2896dcb4c.asice#sch/PEPPOL-EN16931-CII.sch' with Engine [PEPPOL BIS Billing 3.0]
18:13:24 INFO  SchematronXsltChecker - Running Schematron XSTL-based validation
18:13:24 INFO  ValidationInstance - Loading document from stream
18:13:24 INFO  ValidationInstance -   Detected declaration: xml.test (with converter)
18:13:24 INFO  ValidationInstance -   Detected expectation: 3) ICD (0211) provided.
18:13:24 INFO  ValidationInstance - Validating 'eu.peppol.postaward.v3.billing-c801e0b9-893b-41f6-b617-68d2896dcb4c.asice#sch/PEPPOL-EN16931-CII.sch' with Engine [PEPPOL BIS Billing 3.0]
18:13:24 INFO  SchematronXsltChecker - Running Schematron XSTL-based validation
18:13:24 INFO  ValidationInstance - Loading document from stream
18:13:24 INFO  ValidationInstance -   Detected declaration: xml.test (with converter)
18:13:24 INFO  ValidationInstance -   Detected expectation: 4) ICD (0211) provided.
18:13:24 INFO  ValidationInstance - Validating 'eu.peppol.postaward.v3.billing-c801e0b9-893b-41f6-b617-68d2896dcb4c.asice#sch/PEPPOL-EN16931-CII.sch' with Engine [PEPPOL BIS Billing 3.0]
18:13:24 INFO  SchematronXsltChecker - Running Schematron XSTL-based validation
18:13:24 INFO  ValidationInstance - Loading document from stream
18:13:24 INFO  ValidationInstance -   Detected declaration: xml.test (with converter)
18:13:24 INFO  ValidationInstance -   Detected expectation: 5) ICD (0211) provided.
18:13:24 INFO  ValidationInstance - Validating 'eu.peppol.postaward.v3.billing-c801e0b9-893b-41f6-b617-68d2896dcb4c.asice#sch/PEPPOL-EN16931-CII.sch' with Engine [PEPPOL BIS Billing 3.0]
18:13:24 INFO  SchematronXsltChecker - Running Schematron XSTL-based validation
18:13:24 INFO  Tester - TestSet '/src/rules/unit-CII-PEPPOL/PEPPOL-COMMON-R047.xml'
18:13:24 INFO  ValidationInstance - Loading document from stream
18:13:24 INFO  ValidationInstance -   Detected declaration: xml.testset (with children)
18:13:24 INFO  ValidationInstance - Loading document from stream
18:13:24 INFO  ValidationInstance -   Detected declaration: xml.test (with converter)
18:13:24 INFO  ValidationInstance -   Detected expectation: 1) ICD (0007) provided.
18:13:24 INFO  ValidationInstance - Validating 'eu.peppol.postaward.v3.billing-c801e0b9-893b-41f6-b617-68d2896dcb4c.asice#sch/PEPPOL-EN16931-CII.sch' with Engine [PEPPOL BIS Billing 3.0]
18:13:24 INFO  SchematronXsltChecker - Running Schematron XSTL-based validation
18:13:24 INFO  ValidationInstance - Loading document from stream
18:13:24 INFO  ValidationInstance -   Detected declaration: xml.test (with converter)
18:13:24 INFO  ValidationInstance -   Detected expectation: 2) ICD (0007) provided.
18:13:24 INFO  ValidationInstance - Validating 'eu.peppol.postaward.v3.billing-c801e0b9-893b-41f6-b617-68d2896dcb4c.asice#sch/PEPPOL-EN16931-CII.sch' with Engine [PEPPOL BIS Billing 3.0]
18:13:24 INFO  SchematronXsltChecker - Running Schematron XSTL-based validation
18:13:24 INFO  ValidationInstance - Loading document from stream
18:13:24 INFO  ValidationInstance -   Detected declaration: xml.test (with converter)
18:13:24 INFO  ValidationInstance -   Detected expectation: 3) ICD (0007) provided.
18:13:24 INFO  ValidationInstance - Validating 'eu.peppol.postaward.v3.billing-c801e0b9-893b-41f6-b617-68d2896dcb4c.asice#sch/PEPPOL-EN16931-CII.sch' with Engine [PEPPOL BIS Billing 3.0]
18:13:24 INFO  SchematronXsltChecker - Running Schematron XSTL-based validation
18:13:24 INFO  ValidationInstance - Loading document from stream
18:13:24 INFO  ValidationInstance -   Detected declaration: xml.test (with converter)
18:13:24 INFO  ValidationInstance -   Detected expectation: 4) ICD (0007) provided.
18:13:24 INFO  ValidationInstance - Validating 'eu.peppol.postaward.v3.billing-c801e0b9-893b-41f6-b617-68d2896dcb4c.asice#sch/PEPPOL-EN16931-CII.sch' with Engine [PEPPOL BIS Billing 3.0]
18:13:24 INFO  SchematronXsltChecker - Running Schematron XSTL-based validation
18:13:24 INFO  Tester - TestSet '/src/rules/unit-CII-PEPPOL/PEPPOL-COMMON-R049.xml'
18:13:24 INFO  ValidationInstance - Loading document from stream
18:13:24 INFO  ValidationInstance -   Detected declaration: xml.testset (with children)
18:13:25 INFO  ValidationInstance - Loading document from stream
18:13:25 INFO  ValidationInstance -   Detected declaration: xml.test (with converter)
18:13:25 INFO  ValidationInstance -   Detected expectation: 1) ICD (0151) provided.
18:13:25 INFO  ValidationInstance - Validating 'eu.peppol.postaward.v3.billing-c801e0b9-893b-41f6-b617-68d2896dcb4c.asice#sch/PEPPOL-EN16931-CII.sch' with Engine [PEPPOL BIS Billing 3.0]
18:13:25 INFO  SchematronXsltChecker - Running Schematron XSTL-based validation
18:13:25 INFO  ValidationInstance - Loading document from stream
18:13:25 INFO  ValidationInstance -   Detected declaration: xml.test (with converter)
18:13:25 INFO  ValidationInstance -   Detected expectation: 2) ICD (0151) provided.
18:13:25 INFO  ValidationInstance - Validating 'eu.peppol.postaward.v3.billing-c801e0b9-893b-41f6-b617-68d2896dcb4c.asice#sch/PEPPOL-EN16931-CII.sch' with Engine [PEPPOL BIS Billing 3.0]
18:13:25 INFO  SchematronXsltChecker - Running Schematron XSTL-based validation
18:13:25 INFO  ValidationInstance - Loading document from stream
18:13:25 INFO  ValidationInstance -   Detected declaration: xml.test (with converter)
18:13:25 INFO  ValidationInstance -   Detected expectation: 3) ICD (0151) provided.
18:13:25 INFO  ValidationInstance - Validating 'eu.peppol.postaward.v3.billing-c801e0b9-893b-41f6-b617-68d2896dcb4c.asice#sch/PEPPOL-EN16931-CII.sch' with Engine [PEPPOL BIS Billing 3.0]
18:13:25 INFO  SchematronXsltChecker - Running Schematron XSTL-based validation
18:13:25 INFO  Tester - TestSet '/src/rules/unit-CII-PEPPOL/PEPPOL-COMMON-R050.xml'
18:13:25 INFO  ValidationInstance - Loading document from stream
18:13:25 INFO  ValidationInstance -   Detected declaration: xml.testset (with children)
18:13:25 INFO  ValidationInstance - Loading document from stream
18:13:25 INFO  ValidationInstance -   Detected declaration: xml.test (with converter)
18:13:25 INFO  ValidationInstance -   Detected expectation: 1) Invalid Danish chamber of commerce number provided.
18:13:25 INFO  ValidationInstance - Validating 'eu.peppol.postaward.v3.billing-c801e0b9-893b-41f6-b617-68d2896dcb4c.asice#sch/PEPPOL-EN16931-CII.sch' with Engine [PEPPOL BIS Billing 3.0]
18:13:25 INFO  SchematronXsltChecker - Running Schematron XSTL-based validation
18:13:25 INFO  ValidationInstance - Loading document from stream
18:13:25 INFO  ValidationInstance -   Detected declaration: xml.test (with converter)
18:13:25 INFO  ValidationInstance -   Detected expectation: 2) Invalid Danish chamber of commerce number provided.
18:13:25 INFO  ValidationInstance - Validating 'eu.peppol.postaward.v3.billing-c801e0b9-893b-41f6-b617-68d2896dcb4c.asice#sch/PEPPOL-EN16931-CII.sch' with Engine [PEPPOL BIS Billing 3.0]
18:13:25 INFO  SchematronXsltChecker - Running Schematron XSTL-based validation
18:13:25 INFO  Tester - TestSet '/src/rules/unit-CII-PEPPOL/PEPPOL-COMMON-R052.xml'
18:13:25 INFO  ValidationInstance - Loading document from stream
18:13:25 INFO  ValidationInstance -   Detected declaration: xml.testset (with children)
18:13:25 INFO  ValidationInstance - Loading document from stream
18:13:25 INFO  ValidationInstance -   Detected declaration: xml.test (with converter)
18:13:25 INFO  ValidationInstance -   Detected expectation: 1) Invalid Danish ERSTORG number (SE) provided.
18:13:25 INFO  ValidationInstance - Validating 'eu.peppol.postaward.v3.billing-c801e0b9-893b-41f6-b617-68d2896dcb4c.asice#sch/PEPPOL-EN16931-CII.sch' with Engine [PEPPOL BIS Billing 3.0]
18:13:25 INFO  SchematronXsltChecker - Running Schematron XSTL-based validation
18:13:25 INFO  ValidationInstance - Loading document from stream
18:13:25 INFO  ValidationInstance -   Detected declaration: xml.test (with converter)
18:13:25 INFO  ValidationInstance -   Detected expectation: 2) Invalid Danish ERSTORG number (SE) provided.
18:13:25 INFO  ValidationInstance - Validating 'eu.peppol.postaward.v3.billing-c801e0b9-893b-41f6-b617-68d2896dcb4c.asice#sch/PEPPOL-EN16931-CII.sch' with Engine [PEPPOL BIS Billing 3.0]
18:13:25 INFO  SchematronXsltChecker - Running Schematron XSTL-based validation
18:13:25 INFO  Tester - TestSet '/src/rules/unit-CII-PEPPOL/PEPPOL-COMMON-R053.xml'
18:13:25 INFO  ValidationInstance - Loading document from stream
18:13:25 INFO  ValidationInstance -   Detected declaration: xml.testset (with children)
18:13:25 INFO  ValidationInstance - Loading document from stream
18:13:25 INFO  ValidationInstance -   Detected declaration: xml.test (with converter)
18:13:25 INFO  ValidationInstance -   Detected expectation: 1) ICD 0106 (Dutch KVK) Format check.
18:13:25 INFO  ValidationInstance - Validating 'eu.peppol.postaward.v3.billing-c801e0b9-893b-41f6-b617-68d2896dcb4c.asice#sch/PEPPOL-EN16931-CII.sch' with Engine [PEPPOL BIS Billing 3.0]
18:13:25 INFO  SchematronXsltChecker - Running Schematron XSTL-based validation
18:13:25 INFO  ValidationInstance - Loading document from stream
18:13:25 INFO  ValidationInstance -   Detected declaration: xml.test (with converter)
18:13:25 INFO  ValidationInstance -   Detected expectation: 2) ICD 0106 (Dutch KVK) Format check.
18:13:25 INFO  ValidationInstance - Validating 'eu.peppol.postaward.v3.billing-c801e0b9-893b-41f6-b617-68d2896dcb4c.asice#sch/PEPPOL-EN16931-CII.sch' with Engine [PEPPOL BIS Billing 3.0]
18:13:25 INFO  SchematronXsltChecker - Running Schematron XSTL-based validation
18:13:25 INFO  ValidationInstance - Loading document from stream
18:13:25 INFO  ValidationInstance -   Detected declaration: xml.test (with converter)
18:13:25 INFO  ValidationInstance -   Detected expectation: 3) ICD 0106 (Dutch KVK) Format check.
18:13:25 INFO  ValidationInstance - Validating 'eu.peppol.postaward.v3.billing-c801e0b9-893b-41f6-b617-68d2896dcb4c.asice#sch/PEPPOL-EN16931-CII.sch' with Engine [PEPPOL BIS Billing 3.0]
18:13:25 INFO  SchematronXsltChecker - Running Schematron XSTL-based validation
18:13:25 INFO  ValidationInstance - Loading document from stream
18:13:25 INFO  ValidationInstance -   Detected declaration: xml.test (with converter)
18:13:25 INFO  ValidationInstance -   Detected expectation: 4) ICD 0106 (Dutch KVK) Format check.
18:13:25 INFO  ValidationInstance - Validating 'eu.peppol.postaward.v3.billing-c801e0b9-893b-41f6-b617-68d2896dcb4c.asice#sch/PEPPOL-EN16931-CII.sch' with Engine [PEPPOL BIS Billing 3.0]
18:13:25 INFO  SchematronXsltChecker - Running Schematron XSTL-based validation
18:13:25 INFO  ValidationInstance - Loading document from stream
18:13:25 INFO  ValidationInstance -   Detected declaration: xml.test (with converter)
18:13:25 INFO  ValidationInstance -   Detected expectation: 5) ICD 0106 (Dutch KVK) Format check.
18:13:25 INFO  ValidationInstance - Validating 'eu.peppol.postaward.v3.billing-c801e0b9-893b-41f6-b617-68d2896dcb4c.asice#sch/PEPPOL-EN16931-CII.sch' with Engine [PEPPOL BIS Billing 3.0]
18:13:25 INFO  SchematronXsltChecker - Running Schematron XSTL-based validation
18:13:25 INFO  ValidationInstance - Loading document from stream
18:13:25 INFO  ValidationInstance -   Detected declaration: xml.test (with converter)
18:13:25 INFO  ValidationInstance -   Detected expectation: 6) ICD 0106 (Dutch KVK) Format check.
18:13:25 INFO  ValidationInstance - Validating 'eu.peppol.postaward.v3.billing-c801e0b9-893b-41f6-b617-68d2896dcb4c.asice#sch/PEPPOL-EN16931-CII.sch' with Engine [PEPPOL BIS Billing 3.0]
18:13:25 INFO  SchematronXsltChecker - Running Schematron XSTL-based validation
18:13:25 INFO  ValidationInstance - Loading document from stream
18:13:25 INFO  ValidationInstance -   Detected declaration: xml.test (with converter)
18:13:25 INFO  ValidationInstance -   Detected expectation: 7) ICD 0106 (Dutch KVK) Format check.
18:13:25 INFO  ValidationInstance - Validating 'eu.peppol.postaward.v3.billing-c801e0b9-893b-41f6-b617-68d2896dcb4c.asice#sch/PEPPOL-EN16931-CII.sch' with Engine [PEPPOL BIS Billing 3.0]
18:13:25 INFO  SchematronXsltChecker - Running Schematron XSTL-based validation
18:13:25 INFO  Tester - TestSet '/src/rules/unit-CII-PEPPOL/PEPPOL-COMMON-R054.xml'
18:13:25 INFO  ValidationInstance - Loading document from stream
18:13:25 INFO  ValidationInstance -   Detected declaration: xml.testset (with children)
18:13:25 INFO  ValidationInstance - Loading document from stream
18:13:25 INFO  ValidationInstance -   Detected declaration: xml.test (with converter)
18:13:25 INFO  ValidationInstance -   Detected expectation: 1) ICD 0190 (Dutch Organization Identifier) Format check.
18:13:25 INFO  ValidationInstance - Validating 'eu.peppol.postaward.v3.billing-c801e0b9-893b-41f6-b617-68d2896dcb4c.asice#sch/PEPPOL-EN16931-CII.sch' with Engine [PEPPOL BIS Billing 3.0]
18:13:25 INFO  SchematronXsltChecker - Running Schematron XSTL-based validation
18:13:25 INFO  ValidationInstance - Loading document from stream
18:13:25 INFO  ValidationInstance -   Detected declaration: xml.test (with converter)
18:13:25 INFO  ValidationInstance -   Detected expectation: 2) ICD 0190 (Dutch Organization Identifier) Format check.
18:13:25 INFO  ValidationInstance - Validating 'eu.peppol.postaward.v3.billing-c801e0b9-893b-41f6-b617-68d2896dcb4c.asice#sch/PEPPOL-EN16931-CII.sch' with Engine [PEPPOL BIS Billing 3.0]
18:13:25 INFO  SchematronXsltChecker - Running Schematron XSTL-based validation
18:13:25 INFO  ValidationInstance - Loading document from stream
18:13:25 INFO  ValidationInstance -   Detected declaration: xml.test (with converter)
18:13:25 INFO  ValidationInstance -   Detected expectation: 3) ICD 0190 (Dutch Organization Identifier) Format check.
18:13:25 INFO  ValidationInstance - Validating 'eu.peppol.postaward.v3.billing-c801e0b9-893b-41f6-b617-68d2896dcb4c.asice#sch/PEPPOL-EN16931-CII.sch' with Engine [PEPPOL BIS Billing 3.0]
18:13:25 INFO  SchematronXsltChecker - Running Schematron XSTL-based validation
18:13:25 INFO  ValidationInstance - Loading document from stream
18:13:25 INFO  ValidationInstance -   Detected declaration: xml.test (with converter)
18:13:25 INFO  ValidationInstance -   Detected expectation: 4) ICD 0190 (Dutch Organization Identifier) Format check.
18:13:25 INFO  ValidationInstance - Validating 'eu.peppol.postaward.v3.billing-c801e0b9-893b-41f6-b617-68d2896dcb4c.asice#sch/PEPPOL-EN16931-CII.sch' with Engine [PEPPOL BIS Billing 3.0]
18:13:25 INFO  SchematronXsltChecker - Running Schematron XSTL-based validation
18:13:25 INFO  ValidationInstance - Loading document from stream
18:13:25 INFO  ValidationInstance -   Detected declaration: xml.test (with converter)
18:13:25 INFO  ValidationInstance -   Detected expectation: 5) ICD 0190 (Dutch Organization Identifier) Format check.
18:13:25 INFO  ValidationInstance - Validating 'eu.peppol.postaward.v3.billing-c801e0b9-893b-41f6-b617-68d2896dcb4c.asice#sch/PEPPOL-EN16931-CII.sch' with Engine [PEPPOL BIS Billing 3.0]
18:13:25 INFO  SchematronXsltChecker - Running Schematron XSTL-based validation
18:13:25 INFO  ValidationInstance - Loading document from stream
18:13:25 INFO  ValidationInstance -   Detected declaration: xml.test (with converter)
18:13:25 INFO  ValidationInstance -   Detected expectation: 6) ICD 0190 (Dutch Organization Identifier) Format check.
18:13:25 INFO  ValidationInstance - Validating 'eu.peppol.postaward.v3.billing-c801e0b9-893b-41f6-b617-68d2896dcb4c.asice#sch/PEPPOL-EN16931-CII.sch' with Engine [PEPPOL BIS Billing 3.0]
18:13:25 INFO  SchematronXsltChecker - Running Schematron XSTL-based validation
18:13:25 INFO  ValidationInstance - Loading document from stream
18:13:25 INFO  ValidationInstance -   Detected declaration: xml.test (with converter)
18:13:25 INFO  ValidationInstance -   Detected expectation: 7) ICD 0190 (Dutch Organization Identifier) Format check.
18:13:25 INFO  ValidationInstance - Validating 'eu.peppol.postaward.v3.billing-c801e0b9-893b-41f6-b617-68d2896dcb4c.asice#sch/PEPPOL-EN16931-CII.sch' with Engine [PEPPOL BIS Billing 3.0]
18:13:25 INFO  SchematronXsltChecker - Running Schematron XSTL-based validation
18:13:25 INFO  Tester - TestSet '/src/rules/unit-CII-PEPPOL/PEPPOL-COMMON-R055.xml'
18:13:25 INFO  ValidationInstance - Loading document from stream
18:13:25 INFO  ValidationInstance -   Detected declaration: xml.testset (with children)
18:13:26 INFO  ValidationInstance - Loading document from stream
18:13:26 INFO  ValidationInstance -   Detected declaration: xml.test (with converter)
18:13:26 INFO  ValidationInstance -   Detected expectation: 1) Scheme 9944 (Dutch VAT) Format check.
18:13:26 INFO  ValidationInstance - Validating 'eu.peppol.postaward.v3.billing-c801e0b9-893b-41f6-b617-68d2896dcb4c.asice#sch/PEPPOL-EN16931-CII.sch' with Engine [PEPPOL BIS Billing 3.0]
18:13:26 INFO  SchematronXsltChecker - Running Schematron XSTL-based validation
18:13:26 INFO  ValidationInstance - Loading document from stream
18:13:26 INFO  ValidationInstance -   Detected declaration: xml.test (with converter)
18:13:26 INFO  ValidationInstance -   Detected expectation: 2) Scheme 9944 (Dutch VAT) Format check.
18:13:26 INFO  ValidationInstance - Validating 'eu.peppol.postaward.v3.billing-c801e0b9-893b-41f6-b617-68d2896dcb4c.asice#sch/PEPPOL-EN16931-CII.sch' with Engine [PEPPOL BIS Billing 3.0]
18:13:26 INFO  SchematronXsltChecker - Running Schematron XSTL-based validation
18:13:26 INFO  ValidationInstance - Loading document from stream
18:13:26 INFO  ValidationInstance -   Detected declaration: xml.test (with converter)
18:13:26 INFO  ValidationInstance -   Detected expectation: 3) Scheme 9944 (Dutch VAT) Format check.
18:13:26 INFO  ValidationInstance - Validating 'eu.peppol.postaward.v3.billing-c801e0b9-893b-41f6-b617-68d2896dcb4c.asice#sch/PEPPOL-EN16931-CII.sch' with Engine [PEPPOL BIS Billing 3.0]
18:13:26 INFO  SchematronXsltChecker - Running Schematron XSTL-based validation
18:13:26 INFO  ValidationInstance - Loading document from stream
18:13:26 INFO  ValidationInstance -   Detected declaration: xml.test (with converter)
18:13:26 INFO  ValidationInstance -   Detected expectation: 4) Scheme 9944 (Dutch VAT) Format check.
18:13:26 INFO  ValidationInstance - Validating 'eu.peppol.postaward.v3.billing-c801e0b9-893b-41f6-b617-68d2896dcb4c.asice#sch/PEPPOL-EN16931-CII.sch' with Engine [PEPPOL BIS Billing 3.0]
18:13:26 INFO  SchematronXsltChecker - Running Schematron XSTL-based validation
18:13:26 INFO  ValidationInstance - Loading document from stream
18:13:26 INFO  ValidationInstance -   Detected declaration: xml.test (with converter)
18:13:26 INFO  ValidationInstance -   Detected expectation: 5) Scheme 9944 (Dutch VAT) Format check.
18:13:26 INFO  ValidationInstance - Validating 'eu.peppol.postaward.v3.billing-c801e0b9-893b-41f6-b617-68d2896dcb4c.asice#sch/PEPPOL-EN16931-CII.sch' with Engine [PEPPOL BIS Billing 3.0]
18:13:26 INFO  SchematronXsltChecker - Running Schematron XSTL-based validation
18:13:26 INFO  ValidationInstance - Loading document from stream
18:13:26 INFO  ValidationInstance -   Detected declaration: xml.test (with converter)
18:13:26 INFO  ValidationInstance -   Detected expectation: 6) Scheme 9944 (Dutch VAT) Format check.
18:13:26 INFO  ValidationInstance - Validating 'eu.peppol.postaward.v3.billing-c801e0b9-893b-41f6-b617-68d2896dcb4c.asice#sch/PEPPOL-EN16931-CII.sch' with Engine [PEPPOL BIS Billing 3.0]
18:13:26 INFO  SchematronXsltChecker - Running Schematron XSTL-based validation
18:13:26 INFO  ValidationInstance - Loading document from stream
18:13:26 INFO  ValidationInstance -   Detected declaration: xml.test (with converter)
18:13:26 INFO  ValidationInstance -   Detected expectation: 7) Scheme 9944 (Dutch VAT) Format check.
18:13:26 INFO  ValidationInstance - Validating 'eu.peppol.postaward.v3.billing-c801e0b9-893b-41f6-b617-68d2896dcb4c.asice#sch/PEPPOL-EN16931-CII.sch' with Engine [PEPPOL BIS Billing 3.0]
18:13:26 INFO  SchematronXsltChecker - Running Schematron XSTL-based validation
18:13:26 INFO  ValidationInstance - Loading document from stream
18:13:26 INFO  ValidationInstance -   Detected declaration: xml.test (with converter)
18:13:26 INFO  ValidationInstance -   Detected expectation: 8) Scheme 9944 (Dutch VAT) Format check.
18:13:26 INFO  ValidationInstance - Validating 'eu.peppol.postaward.v3.billing-c801e0b9-893b-41f6-b617-68d2896dcb4c.asice#sch/PEPPOL-EN16931-CII.sch' with Engine [PEPPOL BIS Billing 3.0]
18:13:26 INFO  SchematronXsltChecker - Running Schematron XSTL-based validation
18:13:26 INFO  Tester - TestSet '/src/rules/unit-CII-PEPPOL/PEPPOL-COMMON-R056-1.xml'
18:13:26 INFO  ValidationInstance - Loading document from stream
18:13:26 INFO  ValidationInstance -   Detected declaration: xml.testset (with children)
18:13:26 INFO  ValidationInstance - Loading document from stream
18:13:26 INFO  ValidationInstance -   Detected declaration: xml.test (with converter)
18:13:26 INFO  ValidationInstance -   Detected expectation: 1) ICD 0217 (Dutch KVK Establishment Number) Format check.
18:13:26 INFO  ValidationInstance - Validating 'eu.peppol.postaward.v3.billing-c801e0b9-893b-41f6-b617-68d2896dcb4c.asice#sch/PEPPOL-EN16931-CII.sch' with Engine [PEPPOL BIS Billing 3.0]
18:13:26 INFO  SchematronXsltChecker - Running Schematron XSTL-based validation
18:13:26 INFO  ValidationInstance - Loading document from stream
18:13:26 INFO  ValidationInstance -   Detected declaration: xml.test (with converter)
18:13:26 INFO  ValidationInstance -   Detected expectation: 2) ICD 0217 (Dutch KVK Establishment Number) Format check.
18:13:26 INFO  ValidationInstance - Validating 'eu.peppol.postaward.v3.billing-c801e0b9-893b-41f6-b617-68d2896dcb4c.asice#sch/PEPPOL-EN16931-CII.sch' with Engine [PEPPOL BIS Billing 3.0]
18:13:26 INFO  SchematronXsltChecker - Running Schematron XSTL-based validation
18:13:26 INFO  ValidationInstance - Loading document from stream
18:13:26 INFO  ValidationInstance -   Detected declaration: xml.test (with converter)
18:13:26 INFO  ValidationInstance -   Detected expectation: 3) ICD 0217 (Dutch KVK Establishment Number) Format check.
18:13:26 INFO  ValidationInstance - Validating 'eu.peppol.postaward.v3.billing-c801e0b9-893b-41f6-b617-68d2896dcb4c.asice#sch/PEPPOL-EN16931-CII.sch' with Engine [PEPPOL BIS Billing 3.0]
18:13:26 INFO  SchematronXsltChecker - Running Schematron XSTL-based validation
18:13:26 INFO  ValidationInstance - Loading document from stream
18:13:26 INFO  ValidationInstance -   Detected declaration: xml.test (with converter)
18:13:26 INFO  ValidationInstance -   Detected expectation: 4) ICD 0217 (Dutch KVK Establishment Number) Format check.
18:13:26 INFO  ValidationInstance - Validating 'eu.peppol.postaward.v3.billing-c801e0b9-893b-41f6-b617-68d2896dcb4c.asice#sch/PEPPOL-EN16931-CII.sch' with Engine [PEPPOL BIS Billing 3.0]
18:13:26 INFO  SchematronXsltChecker - Running Schematron XSTL-based validation
18:13:26 INFO  ValidationInstance - Loading document from stream
18:13:26 INFO  ValidationInstance -   Detected declaration: xml.test (with converter)
18:13:26 INFO  ValidationInstance -   Detected expectation: 5) ICD 0217 (Dutch KVK Establishment Number) Format check.
18:13:26 INFO  ValidationInstance - Validating 'eu.peppol.postaward.v3.billing-c801e0b9-893b-41f6-b617-68d2896dcb4c.asice#sch/PEPPOL-EN16931-CII.sch' with Engine [PEPPOL BIS Billing 3.0]
18:13:26 INFO  SchematronXsltChecker - Running Schematron XSTL-based validation
18:13:26 INFO  ValidationInstance - Loading document from stream
18:13:26 INFO  ValidationInstance -   Detected declaration: xml.test (with converter)
18:13:26 INFO  ValidationInstance -   Detected expectation: 6) ICD 0217 (Dutch KVK Establishment Number) Format check.
18:13:26 INFO  ValidationInstance - Validating 'eu.peppol.postaward.v3.billing-c801e0b9-893b-41f6-b617-68d2896dcb4c.asice#sch/PEPPOL-EN16931-CII.sch' with Engine [PEPPOL BIS Billing 3.0]
18:13:26 INFO  SchematronXsltChecker - Running Schematron XSTL-based validation
18:13:26 INFO  ValidationInstance - Loading document from stream
18:13:26 INFO  ValidationInstance -   Detected declaration: xml.test (with converter)
18:13:26 INFO  ValidationInstance -   Detected expectation: 7) ICD 0217 (Dutch KVK Establishment Number) Format check.
18:13:26 INFO  ValidationInstance - Validating 'eu.peppol.postaward.v3.billing-c801e0b9-893b-41f6-b617-68d2896dcb4c.asice#sch/PEPPOL-EN16931-CII.sch' with Engine [PEPPOL BIS Billing 3.0]
18:13:26 INFO  SchematronXsltChecker - Running Schematron XSTL-based validation
18:13:26 INFO  Tester - TestSet '/src/rules/unit-CII-PEPPOL/PEPPOL-COMMON-R057.xml'
18:13:26 INFO  ValidationInstance - Loading document from stream
18:13:26 INFO  ValidationInstance -   Detected declaration: xml.testset (with children)
18:13:26 INFO  ValidationInstance - Loading document from stream
18:13:26 INFO  ValidationInstance -   Detected declaration: xml.test (with converter)
18:13:26 INFO  ValidationInstance -   Detected expectation: 1) Correct use of mime codes.
18:13:26 INFO  ValidationInstance - Validating 'eu.peppol.postaward.v3.billing-c801e0b9-893b-41f6-b617-68d2896dcb4c.asice#sch/PEPPOL-EN16931-CII.sch' with Engine [PEPPOL BIS Billing 3.0]
18:13:26 INFO  SchematronXsltChecker - Running Schematron XSTL-based validation
18:13:26 INFO  ValidationInstance - Loading document from stream
18:13:26 INFO  ValidationInstance -   Detected declaration: xml.test (with converter)
18:13:26 INFO  ValidationInstance -   Detected expectation: 2) Correct use of mime codes.
18:13:26 INFO  ValidationInstance - Validating 'eu.peppol.postaward.v3.billing-c801e0b9-893b-41f6-b617-68d2896dcb4c.asice#sch/PEPPOL-EN16931-CII.sch' with Engine [PEPPOL BIS Billing 3.0]
18:13:26 INFO  SchematronXsltChecker - Running Schematron XSTL-based validation
18:13:26 INFO  Tester - TestSet '/src/rules/unit-CII-PEPPOL/PEPPOL-EN16931-CL001.xml'
18:13:26 INFO  ValidationInstance - Loading document from stream
18:13:26 INFO  ValidationInstance -   Detected declaration: xml.testset (with children)
18:13:26 INFO  ValidationInstance - Loading document from stream
18:13:26 INFO  ValidationInstance -   Detected declaration: xml.test (with converter)
18:13:26 INFO  ValidationInstance -   Detected expectation: 1) Correct use of allowance codes.
18:13:26 INFO  ValidationInstance - Validating 'eu.peppol.postaward.v3.billing-c801e0b9-893b-41f6-b617-68d2896dcb4c.asice#sch/PEPPOL-EN16931-CII.sch' with Engine [PEPPOL BIS Billing 3.0]
18:13:26 INFO  SchematronXsltChecker - Running Schematron XSTL-based validation
18:13:26 INFO  ValidationInstance - Loading document from stream
18:13:26 INFO  ValidationInstance -   Detected declaration: xml.test (with converter)
18:13:26 INFO  ValidationInstance -   Detected expectation: 2) Correct use of allowance codes.
18:13:26 INFO  ValidationInstance - Validating 'eu.peppol.postaward.v3.billing-c801e0b9-893b-41f6-b617-68d2896dcb4c.asice#sch/PEPPOL-EN16931-CII.sch' with Engine [PEPPOL BIS Billing 3.0]
18:13:26 INFO  SchematronXsltChecker - Running Schematron XSTL-based validation
18:13:26 INFO  ValidationInstance - Loading document from stream
18:13:26 INFO  ValidationInstance -   Detected declaration: xml.test (with converter)
18:13:26 INFO  ValidationInstance -   Detected expectation: 3) Correct use of allowance codes.
18:13:26 INFO  ValidationInstance - Validating 'eu.peppol.postaward.v3.billing-c801e0b9-893b-41f6-b617-68d2896dcb4c.asice#sch/PEPPOL-EN16931-CII.sch' with Engine [PEPPOL BIS Billing 3.0]
18:13:26 INFO  SchematronXsltChecker - Running Schematron XSTL-based validation
18:13:26 INFO  ValidationInstance - Loading document from stream
18:13:26 INFO  ValidationInstance -   Detected declaration: xml.test (with converter)
18:13:26 INFO  ValidationInstance -   Detected expectation: 4) Correct use of allowance codes.
18:13:26 INFO  ValidationInstance - Validating 'eu.peppol.postaward.v3.billing-c801e0b9-893b-41f6-b617-68d2896dcb4c.asice#sch/PEPPOL-EN16931-CII.sch' with Engine [PEPPOL BIS Billing 3.0]
18:13:26 INFO  SchematronXsltChecker - Running Schematron XSTL-based validation
18:13:26 INFO  Tester - TestSet '/src/rules/unit-CII-PEPPOL/PEPPOL-EN16931-CL002.xml'
18:13:26 INFO  ValidationInstance - Loading document from stream
18:13:26 INFO  ValidationInstance -   Detected declaration: xml.testset (with children)
18:13:26 INFO  ValidationInstance - Loading document from stream
18:13:26 INFO  ValidationInstance -   Detected declaration: xml.test (with converter)
18:13:26 INFO  ValidationInstance -   Detected expectation: 1) Correct use of charge codes.
18:13:26 INFO  ValidationInstance - Validating 'eu.peppol.postaward.v3.billing-c801e0b9-893b-41f6-b617-68d2896dcb4c.asice#sch/PEPPOL-EN16931-CII.sch' with Engine [PEPPOL BIS Billing 3.0]
18:13:26 INFO  SchematronXsltChecker - Running Schematron XSTL-based validation
18:13:26 INFO  ValidationInstance - Loading document from stream
18:13:26 INFO  ValidationInstance -   Detected declaration: xml.test (with converter)
18:13:26 INFO  ValidationInstance -   Detected expectation: 2) Correct use of charge codes.
18:13:26 INFO  ValidationInstance - Validating 'eu.peppol.postaward.v3.billing-c801e0b9-893b-41f6-b617-68d2896dcb4c.asice#sch/PEPPOL-EN16931-CII.sch' with Engine [PEPPOL BIS Billing 3.0]
18:13:26 INFO  SchematronXsltChecker - Running Schematron XSTL-based validation
18:13:26 INFO  ValidationInstance - Loading document from stream
18:13:26 INFO  ValidationInstance -   Detected declaration: xml.test (with converter)
18:13:26 INFO  ValidationInstance -   Detected expectation: 3) Correct use of charge codes.
18:13:26 INFO  ValidationInstance - Validating 'eu.peppol.postaward.v3.billing-c801e0b9-893b-41f6-b617-68d2896dcb4c.asice#sch/PEPPOL-EN16931-CII.sch' with Engine [PEPPOL BIS Billing 3.0]
18:13:26 INFO  SchematronXsltChecker - Running Schematron XSTL-based validation
18:13:26 INFO  ValidationInstance - Loading document from stream
18:13:26 INFO  ValidationInstance -   Detected declaration: xml.test (with converter)
18:13:26 INFO  ValidationInstance -   Detected expectation: 4) Correct use of charge codes.
18:13:26 INFO  ValidationInstance - Validating 'eu.peppol.postaward.v3.billing-c801e0b9-893b-41f6-b617-68d2896dcb4c.asice#sch/PEPPOL-EN16931-CII.sch' with Engine [PEPPOL BIS Billing 3.0]
18:13:26 INFO  SchematronXsltChecker - Running Schematron XSTL-based validation
18:13:27 INFO  Tester - TestSet '/src/rules/unit-CII-PEPPOL/PEPPOL-EN16931-CL003.xml'
18:13:27 INFO  ValidationInstance - Loading document from stream
18:13:27 INFO  ValidationInstance -   Detected declaration: xml.testset (with children)
18:13:27 INFO  ValidationInstance - Loading document from stream
18:13:27 INFO  ValidationInstance -   Detected declaration: xml.test (with converter)
18:13:27 INFO  ValidationInstance -   Detected expectation: 1) Verify currency is provided.
18:13:27 INFO  ValidationInstance - Validating 'eu.peppol.postaward.v3.billing-c801e0b9-893b-41f6-b617-68d2896dcb4c.asice#sch/PEPPOL-EN16931-CII.sch' with Engine [PEPPOL BIS Billing 3.0]
18:13:27 INFO  SchematronXsltChecker - Running Schematron XSTL-based validation
18:13:27 INFO  ValidationInstance - Loading document from stream
18:13:27 INFO  ValidationInstance -   Detected declaration: xml.test (with converter)
18:13:27 INFO  ValidationInstance -   Detected expectation: 2) Verify currency is provided.
18:13:27 INFO  ValidationInstance - Validating 'eu.peppol.postaward.v3.billing-c801e0b9-893b-41f6-b617-68d2896dcb4c.asice#sch/PEPPOL-EN16931-CII.sch' with Engine [PEPPOL BIS Billing 3.0]
18:13:27 INFO  SchematronXsltChecker - Running Schematron XSTL-based validation
18:13:27 INFO  Tester - TestSet '/src/rules/unit-CII-PEPPOL/PEPPOL-EN16931-CL007.xml'
18:13:27 INFO  ValidationInstance - Loading document from stream
18:13:27 INFO  ValidationInstance -   Detected declaration: xml.testset (with children)
18:13:27 INFO  ValidationInstance - Loading document from stream
18:13:27 INFO  ValidationInstance -   Detected declaration: xml.test (with converter)
18:13:27 INFO  ValidationInstance -   Detected expectation: 1) Verify that EndpointID scheme identifier is from the eaid list
18:13:27 INFO  ValidationInstance - Validating 'eu.peppol.postaward.v3.billing-c801e0b9-893b-41f6-b617-68d2896dcb4c.asice#sch/PEPPOL-EN16931-CII.sch' with Engine [PEPPOL BIS Billing 3.0]
18:13:27 INFO  SchematronXsltChecker - Running Schematron XSTL-based validation
18:13:27 INFO  ValidationInstance - Loading document from stream
18:13:27 INFO  ValidationInstance -   Detected declaration: xml.test (with converter)
18:13:27 INFO  ValidationInstance -   Detected expectation: 2) Verify that EndpointID scheme identifier is from the eaid list
18:13:27 INFO  ValidationInstance - Validating 'eu.peppol.postaward.v3.billing-c801e0b9-893b-41f6-b617-68d2896dcb4c.asice#sch/PEPPOL-EN16931-CII.sch' with Engine [PEPPOL BIS Billing 3.0]
18:13:27 INFO  SchematronXsltChecker - Running Schematron XSTL-based validation
18:13:27 INFO  Tester - TestSet '/src/rules/unit-CII-PEPPOL/PEPPOL-EN16931-CL008.xml'
18:13:27 INFO  ValidationInstance - Loading document from stream
18:13:27 INFO  ValidationInstance -   Detected declaration: xml.testset (with children)
18:13:27 INFO  ValidationInstance - Loading document from stream
18:13:27 INFO  ValidationInstance -   Detected declaration: xml.test (with converter)
18:13:27 INFO  ValidationInstance -   Detected expectation: 1) Verify formatting of date elements.
18:13:27 INFO  ValidationInstance - Validating 'eu.peppol.postaward.v3.billing-c801e0b9-893b-41f6-b617-68d2896dcb4c.asice#sch/PEPPOL-EN16931-CII.sch' with Engine [PEPPOL BIS Billing 3.0]
18:13:27 INFO  SchematronXsltChecker - Running Schematron XSTL-based validation
18:13:27 INFO  ValidationInstance - Loading document from stream
18:13:27 INFO  ValidationInstance -   Detected declaration: xml.test (with converter)
18:13:27 INFO  ValidationInstance -   Detected expectation: 2) Verify formatting of date elements.
18:13:27 INFO  ValidationInstance - Validating 'eu.peppol.postaward.v3.billing-c801e0b9-893b-41f6-b617-68d2896dcb4c.asice#sch/PEPPOL-EN16931-CII.sch' with Engine [PEPPOL BIS Billing 3.0]
18:13:27 INFO  SchematronXsltChecker - Running Schematron XSTL-based validation
18:13:27 INFO  ValidationInstance - Loading document from stream
18:13:27 INFO  ValidationInstance -   Detected declaration: xml.test (with converter)
18:13:27 INFO  ValidationInstance -   Detected expectation: 3) Verify formatting of date elements.
18:13:27 INFO  ValidationInstance - Validating 'eu.peppol.postaward.v3.billing-c801e0b9-893b-41f6-b617-68d2896dcb4c.asice#sch/PEPPOL-EN16931-CII.sch' with Engine [PEPPOL BIS Billing 3.0]
18:13:27 INFO  SchematronXsltChecker - Running Schematron XSTL-based validation
18:13:27 INFO  Tester - TestSet '/src/rules/unit-CII-PEPPOL/PEPPOL-EN16931-F001.xml'
18:13:27 INFO  ValidationInstance - Loading document from stream
18:13:27 INFO  ValidationInstance -   Detected declaration: xml.testset (with children)
18:13:27 INFO  ValidationInstance - Loading document from stream
18:13:27 INFO  ValidationInstance -   Detected declaration: xml.test (with converter)
18:13:27 INFO  ValidationInstance -   Detected expectation: 1) Verify invoice type code for profile 01.
18:13:27 INFO  ValidationInstance - Validating 'eu.peppol.postaward.v3.billing-c801e0b9-893b-41f6-b617-68d2896dcb4c.asice#sch/PEPPOL-EN16931-CII.sch' with Engine [PEPPOL BIS Billing 3.0]
18:13:27 INFO  SchematronXsltChecker - Running Schematron XSTL-based validation
18:13:27 INFO  ValidationInstance - Loading document from stream
18:13:27 INFO  ValidationInstance -   Detected declaration: xml.test (with converter)
18:13:27 INFO  ValidationInstance -   Detected expectation: 2) Verify invoice type code for profile 01.
18:13:27 INFO  ValidationInstance - Validating 'eu.peppol.postaward.v3.billing-c801e0b9-893b-41f6-b617-68d2896dcb4c.asice#sch/PEPPOL-EN16931-CII.sch' with Engine [PEPPOL BIS Billing 3.0]
18:13:27 INFO  SchematronXsltChecker - Running Schematron XSTL-based validation
18:13:27 INFO  ValidationInstance - Loading document from stream
18:13:27 INFO  ValidationInstance -   Detected declaration: xml.test (with converter)
18:13:27 INFO  ValidationInstance -   Detected expectation: 3) Verify invoice type code for profile 01.
18:13:27 INFO  ValidationInstance - Validating 'eu.peppol.postaward.v3.billing-c801e0b9-893b-41f6-b617-68d2896dcb4c.asice#sch/PEPPOL-EN16931-CII.sch' with Engine [PEPPOL BIS Billing 3.0]
18:13:27 INFO  SchematronXsltChecker - Running Schematron XSTL-based validation
18:13:27 INFO  Tester - TestSet '/src/rules/unit-CII-PEPPOL/PEPPOL-EN16931-P0100.xml'
18:13:27 INFO  ValidationInstance - Loading document from stream
18:13:27 INFO  ValidationInstance -   Detected declaration: xml.testset (with children)
18:13:27 INFO  ValidationInstance - Loading document from stream
18:13:27 INFO  ValidationInstance -   Detected declaration: xml.test (with converter)
18:13:27 INFO  ValidationInstance -   Detected expectation: 1) Verify existence of ProfileID.
18:13:27 INFO  ValidationInstance - Validating 'eu.peppol.postaward.v3.billing-c801e0b9-893b-41f6-b617-68d2896dcb4c.asice#sch/PEPPOL-EN16931-CII.sch' with Engine [PEPPOL BIS Billing 3.0]
18:13:27 INFO  SchematronXsltChecker - Running Schematron XSTL-based validation
18:13:27 INFO  ValidationInstance - Loading document from stream
18:13:27 INFO  ValidationInstance -   Detected declaration: xml.test (with converter)
18:13:27 INFO  ValidationInstance -   Detected expectation: 2) Verify existence of ProfileID.
18:13:27 INFO  ValidationInstance - Validating 'eu.peppol.postaward.v3.billing-c801e0b9-893b-41f6-b617-68d2896dcb4c.asice#sch/PEPPOL-EN16931-CII.sch' with Engine [PEPPOL BIS Billing 3.0]
18:13:27 INFO  SchematronXsltChecker - Running Schematron XSTL-based validation
18:13:27 INFO  ValidationInstance - Loading document from stream
18:13:27 INFO  ValidationInstance -   Detected declaration: xml.test (with converter)
18:13:27 INFO  ValidationInstance -   Detected expectation: 3) Verify existence of ProfileID.
18:13:27 INFO  ValidationInstance - Validating 'eu.peppol.postaward.v3.billing-c801e0b9-893b-41f6-b617-68d2896dcb4c.asice#sch/PEPPOL-EN16931-CII.sch' with Engine [PEPPOL BIS Billing 3.0]
18:13:27 INFO  SchematronXsltChecker - Running Schematron XSTL-based validation
18:13:27 INFO  Tester - TestSet '/src/rules/unit-CII-PEPPOL/PEPPOL-EN16931-R001.xml'
18:13:27 INFO  ValidationInstance - Loading document from stream
18:13:27 INFO  ValidationInstance -   Detected declaration: xml.testset (with children)
18:13:27 INFO  ValidationInstance - Loading document from stream
18:13:27 INFO  ValidationInstance -   Detected declaration: xml.test (with converter)
18:13:27 INFO  ValidationInstance -   Detected expectation: 1) Verify existence of not more than a single Note element on line level.
18:13:27 INFO  ValidationInstance - Validating 'eu.peppol.postaward.v3.billing-c801e0b9-893b-41f6-b617-68d2896dcb4c.asice#sch/PEPPOL-EN16931-CII.sch' with Engine [PEPPOL BIS Billing 3.0]
18:13:27 INFO  SchematronXsltChecker - Running Schematron XSTL-based validation
18:13:27 INFO  ValidationInstance - Loading document from stream
18:13:27 INFO  ValidationInstance -   Detected declaration: xml.test (with converter)
18:13:27 INFO  ValidationInstance -   Detected expectation: 2) Verify existence of not more than a single Note element on line level.
18:13:27 INFO  ValidationInstance - Validating 'eu.peppol.postaward.v3.billing-c801e0b9-893b-41f6-b617-68d2896dcb4c.asice#sch/PEPPOL-EN16931-CII.sch' with Engine [PEPPOL BIS Billing 3.0]
18:13:27 INFO  SchematronXsltChecker - Running Schematron XSTL-based validation
18:13:27 INFO  ValidationInstance - Loading document from stream
18:13:27 INFO  ValidationInstance -   Detected declaration: xml.test (with converter)
18:13:27 INFO  ValidationInstance -   Detected expectation: 3) Verify existence of not more than a single Note element on line level.
18:13:27 INFO  ValidationInstance - Validating 'eu.peppol.postaward.v3.billing-c801e0b9-893b-41f6-b617-68d2896dcb4c.asice#sch/PEPPOL-EN16931-CII.sch' with Engine [PEPPOL BIS Billing 3.0]
18:13:27 INFO  SchematronXsltChecker - Running Schematron XSTL-based validation
18:13:27 INFO  ValidationInstance - Loading document from stream
18:13:27 INFO  ValidationInstance -   Detected declaration: xml.test (with converter)
18:13:27 INFO  ValidationInstance -   Detected expectation: 4) Verify existence of not more than a single Note element on line level.
18:13:27 INFO  ValidationInstance - Validating 'eu.peppol.postaward.v3.billing-c801e0b9-893b-41f6-b617-68d2896dcb4c.asice#sch/PEPPOL-EN16931-CII.sch' with Engine [PEPPOL BIS Billing 3.0]
18:13:27 INFO  SchematronXsltChecker - Running Schematron XSTL-based validation
18:13:27 INFO  Tester - TestSet '/src/rules/unit-CII-PEPPOL/PEPPOL-EN16931-R002.xml'
18:13:27 INFO  ValidationInstance - Loading document from stream
18:13:27 INFO  ValidationInstance -   Detected declaration: xml.testset (with children)
18:13:27 INFO  ValidationInstance - Loading document from stream
18:13:27 INFO  ValidationInstance -   Detected declaration: xml.test (with converter)
18:13:27 INFO  ValidationInstance -   Detected expectation: 1) Verify existence of buyer reference or purchase order reference.
18:13:27 INFO  ValidationInstance - Validating 'eu.peppol.postaward.v3.billing-c801e0b9-893b-41f6-b617-68d2896dcb4c.asice#sch/PEPPOL-EN16931-CII.sch' with Engine [PEPPOL BIS Billing 3.0]
18:13:27 INFO  SchematronXsltChecker - Running Schematron XSTL-based validation
18:13:27 INFO  ValidationInstance - Loading document from stream
18:13:27 INFO  ValidationInstance -   Detected declaration: xml.test (with converter)
18:13:27 INFO  ValidationInstance -   Detected expectation: 2) Verify existence of buyer reference or purchase order reference.
18:13:27 INFO  ValidationInstance - Validating 'eu.peppol.postaward.v3.billing-c801e0b9-893b-41f6-b617-68d2896dcb4c.asice#sch/PEPPOL-EN16931-CII.sch' with Engine [PEPPOL BIS Billing 3.0]
18:13:27 INFO  SchematronXsltChecker - Running Schematron XSTL-based validation
18:13:27 INFO  ValidationInstance - Loading document from stream
18:13:27 INFO  ValidationInstance -   Detected declaration: xml.test (with converter)
18:13:27 INFO  ValidationInstance -   Detected expectation: 3) Verify existence of buyer reference or purchase order reference.
18:13:27 INFO  ValidationInstance - Validating 'eu.peppol.postaward.v3.billing-c801e0b9-893b-41f6-b617-68d2896dcb4c.asice#sch/PEPPOL-EN16931-CII.sch' with Engine [PEPPOL BIS Billing 3.0]
18:13:27 INFO  SchematronXsltChecker - Running Schematron XSTL-based validation
18:13:27 INFO  Tester - TestSet '/src/rules/unit-CII-PEPPOL/PEPPOL-EN16931-R003.xml'
18:13:27 INFO  ValidationInstance - Loading document from stream
18:13:27 INFO  ValidationInstance -   Detected declaration: xml.testset (with children)
18:13:27 INFO  ValidationInstance - Loading document from stream
18:13:27 INFO  ValidationInstance -   Detected declaration: xml.test (with converter)
18:13:27 INFO  ValidationInstance -   Detected expectation: 1) Verify customization identifier.
18:13:27 INFO  ValidationInstance - Validating 'eu.peppol.postaward.v3.billing-c801e0b9-893b-41f6-b617-68d2896dcb4c.asice#sch/PEPPOL-EN16931-CII.sch' with Engine [PEPPOL BIS Billing 3.0]
18:13:27 INFO  SchematronXsltChecker - Running Schematron XSTL-based validation
18:13:27 INFO  ValidationInstance - Loading document from stream
18:13:27 INFO  ValidationInstance -   Detected declaration: xml.test (with converter)
18:13:27 INFO  ValidationInstance -   Detected expectation: 2) Verify customization identifier.
18:13:27 INFO  ValidationInstance - Validating 'eu.peppol.postaward.v3.billing-c801e0b9-893b-41f6-b617-68d2896dcb4c.asice#sch/PEPPOL-EN16931-CII.sch' with Engine [PEPPOL BIS Billing 3.0]
18:13:27 INFO  SchematronXsltChecker - Running Schematron XSTL-based validation
18:13:27 INFO  ValidationInstance - Loading document from stream
18:13:27 INFO  ValidationInstance -   Detected declaration: xml.test (with converter)
18:13:27 INFO  ValidationInstance -   Detected expectation: 3) Verify customization identifier.
18:13:27 INFO  ValidationInstance - Validating 'eu.peppol.postaward.v3.billing-c801e0b9-893b-41f6-b617-68d2896dcb4c.asice#sch/PEPPOL-EN16931-CII.sch' with Engine [PEPPOL BIS Billing 3.0]
18:13:27 INFO  SchematronXsltChecker - Running Schematron XSTL-based validation
18:13:27 INFO  ValidationInstance - Loading document from stream
18:13:27 INFO  ValidationInstance -   Detected declaration: xml.test (with converter)
18:13:27 INFO  ValidationInstance -   Detected expectation: 4) Verify customization identifier.
18:13:27 INFO  ValidationInstance - Validating 'eu.peppol.postaward.v3.billing-c801e0b9-893b-41f6-b617-68d2896dcb4c.asice#sch/PEPPOL-EN16931-CII.sch' with Engine [PEPPOL BIS Billing 3.0]
18:13:27 INFO  SchematronXsltChecker - Running Schematron XSTL-based validation
18:13:27 INFO  ValidationInstance - Loading document from stream
18:13:27 INFO  ValidationInstance -   Detected declaration: xml.test (with converter)
18:13:28 INFO  ValidationInstance -   Detected expectation: 5) Verify customization identifier.
18:13:28 INFO  ValidationInstance - Validating 'eu.peppol.postaward.v3.billing-c801e0b9-893b-41f6-b617-68d2896dcb4c.asice#sch/PEPPOL-EN16931-CII.sch' with Engine [PEPPOL BIS Billing 3.0]
18:13:28 INFO  SchematronXsltChecker - Running Schematron XSTL-based validation
18:13:28 INFO  Tester - TestSet '/src/rules/unit-CII-PEPPOL/PEPPOL-EN16931-R004.xml'
18:13:28 INFO  ValidationInstance - Loading document from stream
18:13:28 INFO  ValidationInstance -   Detected declaration: xml.testset (with children)
18:13:28 INFO  ValidationInstance - Loading document from stream
18:13:28 INFO  ValidationInstance -   Detected declaration: xml.test (with converter)
18:13:28 INFO  ValidationInstance -   Detected expectation: 1) Verify correct use of tax currency code.
18:13:28 INFO  ValidationInstance - Validating 'eu.peppol.postaward.v3.billing-c801e0b9-893b-41f6-b617-68d2896dcb4c.asice#sch/PEPPOL-EN16931-CII.sch' with Engine [PEPPOL BIS Billing 3.0]
18:13:28 INFO  SchematronXsltChecker - Running Schematron XSTL-based validation
18:13:28 INFO  ValidationInstance - Loading document from stream
18:13:28 INFO  ValidationInstance -   Detected declaration: xml.test (with converter)
18:13:28 INFO  ValidationInstance -   Detected expectation: 2) Verify correct use of tax currency code.
18:13:28 INFO  ValidationInstance - Validating 'eu.peppol.postaward.v3.billing-c801e0b9-893b-41f6-b617-68d2896dcb4c.asice#sch/PEPPOL-EN16931-CII.sch' with Engine [PEPPOL BIS Billing 3.0]
18:13:28 INFO  SchematronXsltChecker - Running Schematron XSTL-based validation
18:13:28 INFO  Tester - TestSet '/src/rules/unit-CII-PEPPOL/PEPPOL-EN16931-R005.xml'
18:13:28 INFO  ValidationInstance - Loading document from stream
18:13:28 INFO  ValidationInstance -   Detected declaration: xml.testset (with children)
18:13:28 INFO  ValidationInstance - Loading document from stream
18:13:28 INFO  ValidationInstance -   Detected declaration: xml.test (with converter)
18:13:28 INFO  ValidationInstance -   Detected expectation: 1) Verify existence of not more than a single invoiced object on document level.
18:13:28 INFO  ValidationInstance - Validating 'eu.peppol.postaward.v3.billing-c801e0b9-893b-41f6-b617-68d2896dcb4c.asice#sch/PEPPOL-EN16931-CII.sch' with Engine [PEPPOL BIS Billing 3.0]
18:13:28 INFO  SchematronXsltChecker - Running Schematron XSTL-based validation
18:13:28 INFO  ValidationInstance - Loading document from stream
18:13:28 INFO  ValidationInstance -   Detected declaration: xml.test (with converter)
18:13:28 INFO  ValidationInstance -   Detected expectation: 2) Verify existence of not more than a single invoiced object on document level.
18:13:28 INFO  ValidationInstance - Validating 'eu.peppol.postaward.v3.billing-c801e0b9-893b-41f6-b617-68d2896dcb4c.asice#sch/PEPPOL-EN16931-CII.sch' with Engine [PEPPOL BIS Billing 3.0]
18:13:28 INFO  SchematronXsltChecker - Running Schematron XSTL-based validation
18:13:28 INFO  ValidationInstance - Loading document from stream
18:13:28 INFO  ValidationInstance -   Detected declaration: xml.test (with converter)
18:13:28 INFO  ValidationInstance -   Detected expectation: 3) Verify existence of not more than a single invoiced object on document level.
18:13:28 INFO  ValidationInstance - Validating 'eu.peppol.postaward.v3.billing-c801e0b9-893b-41f6-b617-68d2896dcb4c.asice#sch/PEPPOL-EN16931-CII.sch' with Engine [PEPPOL BIS Billing 3.0]
18:13:28 INFO  SchematronXsltChecker - Running Schematron XSTL-based validation
18:13:28 INFO  Tester - TestSet '/src/rules/unit-CII-PEPPOL/PEPPOL-EN16931-R006.xml'
18:13:28 INFO  ValidationInstance - Loading document from stream
18:13:28 INFO  ValidationInstance -   Detected declaration: xml.testset (with children)
18:13:28 INFO  ValidationInstance - Loading document from stream
18:13:28 INFO  ValidationInstance -   Detected declaration: xml.test (with converter)
18:13:28 INFO  ValidationInstance -   Detected expectation: 1) Verify format of ProfileID.
18:13:28 INFO  ValidationInstance - Validating 'eu.peppol.postaward.v3.billing-c801e0b9-893b-41f6-b617-68d2896dcb4c.asice#sch/PEPPOL-EN16931-CII.sch' with Engine [PEPPOL BIS Billing 3.0]
18:13:28 INFO  SchematronXsltChecker - Running Schematron XSTL-based validation
18:13:28 INFO  ValidationInstance - Loading document from stream
18:13:28 INFO  ValidationInstance -   Detected declaration: xml.test (with converter)
18:13:28 INFO  ValidationInstance -   Detected expectation: 2) Verify format of ProfileID.
18:13:28 INFO  ValidationInstance - Validating 'eu.peppol.postaward.v3.billing-c801e0b9-893b-41f6-b617-68d2896dcb4c.asice#sch/PEPPOL-EN16931-CII.sch' with Engine [PEPPOL BIS Billing 3.0]
18:13:28 INFO  SchematronXsltChecker - Running Schematron XSTL-based validation
18:13:28 INFO  Tester - TestSet '/src/rules/unit-CII-PEPPOL/PEPPOL-EN16931-R007.xml'
18:13:28 INFO  ValidationInstance - Loading document from stream
18:13:28 INFO  ValidationInstance -   Detected declaration: xml.testset (with children)
18:13:28 INFO  ValidationInstance - Loading document from stream
18:13:28 INFO  ValidationInstance -   Detected declaration: xml.test (with converter)
18:13:28 INFO  ValidationInstance -   Detected expectation: 1) Verify existence of EndpointID for buyer.
18:13:28 INFO  ValidationInstance - Validating 'eu.peppol.postaward.v3.billing-c801e0b9-893b-41f6-b617-68d2896dcb4c.asice#sch/PEPPOL-EN16931-CII.sch' with Engine [PEPPOL BIS Billing 3.0]
18:13:28 INFO  SchematronXsltChecker - Running Schematron XSTL-based validation
18:13:28 INFO  ValidationInstance - Loading document from stream
18:13:28 INFO  ValidationInstance -   Detected declaration: xml.test (with converter)
18:13:28 INFO  ValidationInstance -   Detected expectation: 2) Verify existence of EndpointID for buyer.
18:13:28 INFO  ValidationInstance - Validating 'eu.peppol.postaward.v3.billing-c801e0b9-893b-41f6-b617-68d2896dcb4c.asice#sch/PEPPOL-EN16931-CII.sch' with Engine [PEPPOL BIS Billing 3.0]
18:13:28 INFO  SchematronXsltChecker - Running Schematron XSTL-based validation
18:13:28 INFO  Tester - TestSet '/src/rules/unit-CII-PEPPOL/PEPPOL-EN16931-R010.xml'
18:13:28 INFO  ValidationInstance - Loading document from stream
18:13:28 INFO  ValidationInstance -   Detected declaration: xml.testset (with children)
18:13:28 INFO  ValidationInstance - Loading document from stream
18:13:28 INFO  ValidationInstance -   Detected declaration: xml.test (with converter)
18:13:28 INFO  ValidationInstance -   Detected expectation: 1) Verify existence of EndpointID for seller.
18:13:28 INFO  ValidationInstance - Validating 'eu.peppol.postaward.v3.billing-c801e0b9-893b-41f6-b617-68d2896dcb4c.asice#sch/PEPPOL-EN16931-CII.sch' with Engine [PEPPOL BIS Billing 3.0]
18:13:28 INFO  SchematronXsltChecker - Running Schematron XSTL-based validation
18:13:28 INFO  ValidationInstance - Loading document from stream
18:13:28 INFO  ValidationInstance -   Detected declaration: xml.test (with converter)
18:13:28 INFO  ValidationInstance -   Detected expectation: 2) Verify existence of EndpointID for seller.
18:13:28 INFO  ValidationInstance - Validating 'eu.peppol.postaward.v3.billing-c801e0b9-893b-41f6-b617-68d2896dcb4c.asice#sch/PEPPOL-EN16931-CII.sch' with Engine [PEPPOL BIS Billing 3.0]
18:13:28 INFO  SchematronXsltChecker - Running Schematron XSTL-based validation
18:13:28 INFO  Tester - TestSet '/src/rules/unit-CII-PEPPOL/PEPPOL-EN16931-R020.xml'
18:13:28 INFO  ValidationInstance - Loading document from stream
18:13:28 INFO  ValidationInstance -   Detected declaration: xml.testset (with children)
18:13:28 INFO  ValidationInstance - Loading document from stream
18:13:28 INFO  ValidationInstance -   Detected declaration: xml.test (with converter)
18:13:28 INFO  ValidationInstance -   Detected expectation: 1) Verify calculation of allowance/charge.
18:13:28 INFO  ValidationInstance - Validating 'eu.peppol.postaward.v3.billing-c801e0b9-893b-41f6-b617-68d2896dcb4c.asice#sch/PEPPOL-EN16931-CII.sch' with Engine [PEPPOL BIS Billing 3.0]
18:13:28 INFO  SchematronXsltChecker - Running Schematron XSTL-based validation
18:13:28 INFO  ValidationInstance - Loading document from stream
18:13:28 INFO  ValidationInstance -   Detected declaration: xml.test (with converter)
18:13:28 INFO  ValidationInstance -   Detected expectation: 2) Verify calculation of allowance/charge.
18:13:28 INFO  ValidationInstance - Validating 'eu.peppol.postaward.v3.billing-c801e0b9-893b-41f6-b617-68d2896dcb4c.asice#sch/PEPPOL-EN16931-CII.sch' with Engine [PEPPOL BIS Billing 3.0]
18:13:28 INFO  SchematronXsltChecker - Running Schematron XSTL-based validation
18:13:28 INFO  Tester - TestSet '/src/rules/unit-CII-PEPPOL/PEPPOL-EN16931-R040.xml'
18:13:28 INFO  ValidationInstance - Loading document from stream
18:13:28 INFO  ValidationInstance -   Detected declaration: xml.testset (with children)
18:13:28 INFO  ValidationInstance - Loading document from stream
18:13:28 INFO  ValidationInstance -   Detected declaration: xml.test (with converter)
18:13:28 INFO  ValidationInstance -   Detected expectation: 1) Verify calculation of allowance/charge.
18:13:28 INFO  ValidationInstance - Validating 'eu.peppol.postaward.v3.billing-c801e0b9-893b-41f6-b617-68d2896dcb4c.asice#sch/PEPPOL-EN16931-CII.sch' with Engine [PEPPOL BIS Billing 3.0]
18:13:28 INFO  SchematronXsltChecker - Running Schematron XSTL-based validation
18:13:28 INFO  ValidationInstance - Loading document from stream
18:13:28 INFO  ValidationInstance -   Detected declaration: xml.test (with converter)
18:13:28 INFO  ValidationInstance -   Detected expectation: 2) Verify calculation of allowance/charge.
18:13:28 INFO  ValidationInstance - Validating 'eu.peppol.postaward.v3.billing-c801e0b9-893b-41f6-b617-68d2896dcb4c.asice#sch/PEPPOL-EN16931-CII.sch' with Engine [PEPPOL BIS Billing 3.0]
18:13:28 INFO  SchematronXsltChecker - Running Schematron XSTL-based validation
18:13:28 INFO  Tester - TestSet '/src/rules/unit-CII-PEPPOL/PEPPOL-EN16931-R041.xml'
18:13:28 INFO  ValidationInstance - Loading document from stream
18:13:28 INFO  ValidationInstance -   Detected declaration: xml.testset (with children)
18:13:28 INFO  ValidationInstance - Loading document from stream
18:13:28 INFO  ValidationInstance -   Detected declaration: xml.test (with converter)
18:13:28 INFO  ValidationInstance -   Detected expectation: 1) Verify calculation of allowance/charge.
18:13:28 INFO  ValidationInstance - Validating 'eu.peppol.postaward.v3.billing-c801e0b9-893b-41f6-b617-68d2896dcb4c.asice#sch/PEPPOL-EN16931-CII.sch' with Engine [PEPPOL BIS Billing 3.0]
18:13:28 INFO  SchematronXsltChecker - Running Schematron XSTL-based validation
18:13:28 INFO  ValidationInstance - Loading document from stream
18:13:28 INFO  ValidationInstance -   Detected declaration: xml.test (with converter)
18:13:28 INFO  ValidationInstance -   Detected expectation: 2) Verify calculation of allowance/charge.
18:13:28 INFO  ValidationInstance - Validating 'eu.peppol.postaward.v3.billing-c801e0b9-893b-41f6-b617-68d2896dcb4c.asice#sch/PEPPOL-EN16931-CII.sch' with Engine [PEPPOL BIS Billing 3.0]
18:13:28 INFO  SchematronXsltChecker - Running Schematron XSTL-based validation
18:13:28 INFO  Tester - TestSet '/src/rules/unit-CII-PEPPOL/PEPPOL-EN16931-R042.xml'
18:13:28 INFO  ValidationInstance - Loading document from stream
18:13:28 INFO  ValidationInstance -   Detected declaration: xml.testset (with children)
18:13:28 INFO  ValidationInstance - Loading document from stream
18:13:28 INFO  ValidationInstance -   Detected declaration: xml.test (with converter)
18:13:28 INFO  ValidationInstance -   Detected expectation: 1) Verify format of ChargeIndicator
18:13:28 INFO  ValidationInstance - Validating 'eu.peppol.postaward.v3.billing-c801e0b9-893b-41f6-b617-68d2896dcb4c.asice#sch/PEPPOL-EN16931-CII.sch' with Engine [PEPPOL BIS Billing 3.0]
18:13:28 INFO  SchematronXsltChecker - Running Schematron XSTL-based validation
18:13:28 INFO  ValidationInstance - Loading document from stream
18:13:28 INFO  ValidationInstance -   Detected declaration: xml.test (with converter)
18:13:28 INFO  ValidationInstance -   Detected expectation: 2) Verify format of ChargeIndicator
18:13:28 INFO  ValidationInstance - Validating 'eu.peppol.postaward.v3.billing-c801e0b9-893b-41f6-b617-68d2896dcb4c.asice#sch/PEPPOL-EN16931-CII.sch' with Engine [PEPPOL BIS Billing 3.0]
18:13:28 INFO  SchematronXsltChecker - Running Schematron XSTL-based validation
18:13:28 INFO  ValidationInstance - Loading document from stream
18:13:28 INFO  ValidationInstance -   Detected declaration: xml.test (with converter)
18:13:28 INFO  ValidationInstance -   Detected expectation: 3) Verify format of ChargeIndicator
18:13:28 INFO  ValidationInstance - Validating 'eu.peppol.postaward.v3.billing-c801e0b9-893b-41f6-b617-68d2896dcb4c.asice#sch/PEPPOL-EN16931-CII.sch' with Engine [PEPPOL BIS Billing 3.0]
18:13:28 INFO  SchematronXsltChecker - Running Schematron XSTL-based validation
18:13:28 INFO  ValidationInstance - Loading document from stream
18:13:28 INFO  ValidationInstance -   Detected declaration: xml.test (with converter)
18:13:28 INFO  ValidationInstance -   Detected expectation: 4) Verify format of ChargeIndicator
18:13:28 INFO  ValidationInstance - Validating 'eu.peppol.postaward.v3.billing-c801e0b9-893b-41f6-b617-68d2896dcb4c.asice#sch/PEPPOL-EN16931-CII.sch' with Engine [PEPPOL BIS Billing 3.0]
18:13:28 INFO  SchematronXsltChecker - Running Schematron XSTL-based validation
18:13:28 INFO  ValidationInstance - Loading document from stream
18:13:28 INFO  ValidationInstance -   Detected declaration: xml.test (with converter)
18:13:28 INFO  ValidationInstance -   Detected expectation: 5) Verify format of ChargeIndicator
18:13:28 INFO  ValidationInstance - Validating 'eu.peppol.postaward.v3.billing-c801e0b9-893b-41f6-b617-68d2896dcb4c.asice#sch/PEPPOL-EN16931-CII.sch' with Engine [PEPPOL BIS Billing 3.0]
18:13:28 INFO  SchematronXsltChecker - Running Schematron XSTL-based validation
18:13:28 INFO  ValidationInstance - Loading document from stream
18:13:28 INFO  ValidationInstance -   Detected declaration: xml.test (with converter)
18:13:28 INFO  ValidationInstance -   Detected expectation: 6) Verify format of ChargeIndicator
18:13:28 INFO  ValidationInstance - Validating 'eu.peppol.postaward.v3.billing-c801e0b9-893b-41f6-b617-68d2896dcb4c.asice#sch/PEPPOL-EN16931-CII.sch' with Engine [PEPPOL BIS Billing 3.0]
18:13:28 INFO  SchematronXsltChecker - Running Schematron XSTL-based validation
18:13:28 INFO  Tester - TestSet '/src/rules/unit-CII-PEPPOL/PEPPOL-EN16931-R043.xml'
18:13:28 INFO  ValidationInstance - Loading document from stream
18:13:28 INFO  ValidationInstance -   Detected declaration: xml.testset (with children)
18:13:29 INFO  ValidationInstance - Loading document from stream
18:13:29 INFO  ValidationInstance -   Detected declaration: xml.test (with converter)
18:13:29 INFO  ValidationInstance -   Detected expectation: 1) Verify amount of tax totals.
18:13:29 INFO  ValidationInstance - Validating 'eu.peppol.postaward.v3.billing-c801e0b9-893b-41f6-b617-68d2896dcb4c.asice#sch/PEPPOL-EN16931-CII.sch' with Engine [PEPPOL BIS Billing 3.0]
18:13:29 INFO  SchematronXsltChecker - Running Schematron XSTL-based validation
18:13:29 INFO  ValidationInstance - Loading document from stream
18:13:29 INFO  ValidationInstance -   Detected declaration: xml.test (with converter)
18:13:29 INFO  ValidationInstance -   Detected expectation: 2) Verify amount of tax totals.
18:13:29 INFO  ValidationInstance - Validating 'eu.peppol.postaward.v3.billing-c801e0b9-893b-41f6-b617-68d2896dcb4c.asice#sch/PEPPOL-EN16931-CII.sch' with Engine [PEPPOL BIS Billing 3.0]
18:13:29 INFO  SchematronXsltChecker - Running Schematron XSTL-based validation
18:13:29 INFO  Tester - TestSet '/src/rules/unit-CII-PEPPOL/PEPPOL-EN16931-R053.xml'
18:13:29 INFO  ValidationInstance - Loading document from stream
18:13:29 INFO  ValidationInstance -   Detected declaration: xml.testset (with children)
18:13:29 INFO  ValidationInstance - Loading document from stream
18:13:29 INFO  ValidationInstance -   Detected declaration: xml.test (with converter)
18:13:29 INFO  ValidationInstance -   Detected expectation: 1) Verify amount of tax totals.
18:13:29 INFO  ValidationInstance - Validating 'eu.peppol.postaward.v3.billing-c801e0b9-893b-41f6-b617-68d2896dcb4c.asice#sch/PEPPOL-EN16931-CII.sch' with Engine [PEPPOL BIS Billing 3.0]
18:13:29 INFO  SchematronXsltChecker - Running Schematron XSTL-based validation
18:13:29 INFO  ValidationInstance - Loading document from stream
18:13:29 INFO  ValidationInstance -   Detected declaration: xml.test (with converter)
18:13:29 INFO  ValidationInstance -   Detected expectation: 2) Verify amount of tax totals.
18:13:29 INFO  ValidationInstance - Validating 'eu.peppol.postaward.v3.billing-c801e0b9-893b-41f6-b617-68d2896dcb4c.asice#sch/PEPPOL-EN16931-CII.sch' with Engine [PEPPOL BIS Billing 3.0]
18:13:29 INFO  SchematronXsltChecker - Running Schematron XSTL-based validation
18:13:29 INFO  ValidationInstance - Loading document from stream
18:13:29 INFO  ValidationInstance -   Detected declaration: xml.test (with converter)
18:13:29 INFO  ValidationInstance -   Detected expectation: 3) Verify amount of tax totals.
18:13:29 INFO  ValidationInstance - Validating 'eu.peppol.postaward.v3.billing-c801e0b9-893b-41f6-b617-68d2896dcb4c.asice#sch/PEPPOL-EN16931-CII.sch' with Engine [PEPPOL BIS Billing 3.0]
18:13:29 INFO  SchematronXsltChecker - Running Schematron XSTL-based validation
18:13:29 INFO  Tester - TestSet '/src/rules/unit-CII-PEPPOL/PEPPOL-EN16931-R054.xml'
18:13:29 INFO  ValidationInstance - Loading document from stream
18:13:29 INFO  ValidationInstance -   Detected declaration: xml.testset (with children)
18:13:29 INFO  ValidationInstance - Loading document from stream
18:13:29 INFO  ValidationInstance -   Detected declaration: xml.test (with converter)
18:13:29 INFO  ValidationInstance -   Detected expectation: 1) Verify operational signs in tax totals in different currencies.
18:13:29 INFO  ValidationInstance - Validating 'eu.peppol.postaward.v3.billing-c801e0b9-893b-41f6-b617-68d2896dcb4c.asice#sch/PEPPOL-EN16931-CII.sch' with Engine [PEPPOL BIS Billing 3.0]
18:13:29 INFO  SchematronXsltChecker - Running Schematron XSTL-based validation
18:13:29 INFO  ValidationInstance - Loading document from stream
18:13:29 INFO  ValidationInstance -   Detected declaration: xml.test (with converter)
18:13:29 INFO  ValidationInstance -   Detected expectation: 2) Verify operational signs in tax totals in different currencies.
18:13:29 INFO  ValidationInstance - Validating 'eu.peppol.postaward.v3.billing-c801e0b9-893b-41f6-b617-68d2896dcb4c.asice#sch/PEPPOL-EN16931-CII.sch' with Engine [PEPPOL BIS Billing 3.0]
18:13:29 INFO  SchematronXsltChecker - Running Schematron XSTL-based validation
18:13:29 INFO  Tester - TestSet '/src/rules/unit-CII-PEPPOL/PEPPOL-EN16931-R055.xml'
18:13:29 INFO  ValidationInstance - Loading document from stream
18:13:29 INFO  ValidationInstance -   Detected declaration: xml.testset (with children)
18:13:29 INFO  ValidationInstance - Loading document from stream
18:13:29 INFO  ValidationInstance -   Detected declaration: xml.test (with converter)
18:13:29 INFO  ValidationInstance -   Detected expectation: 1) Verify existence of required element.
18:13:29 INFO  ValidationInstance - Validating 'eu.peppol.postaward.v3.billing-c801e0b9-893b-41f6-b617-68d2896dcb4c.asice#sch/PEPPOL-EN16931-CII.sch' with Engine [PEPPOL BIS Billing 3.0]
18:13:29 INFO  SchematronXsltChecker - Running Schematron XSTL-based validation
18:13:29 INFO  ValidationInstance - Loading document from stream
18:13:29 INFO  ValidationInstance -   Detected declaration: xml.test (with converter)
18:13:29 INFO  ValidationInstance -   Detected expectation: 2) Verify existence of required element.
18:13:29 INFO  ValidationInstance - Validating 'eu.peppol.postaward.v3.billing-c801e0b9-893b-41f6-b617-68d2896dcb4c.asice#sch/PEPPOL-EN16931-CII.sch' with Engine [PEPPOL BIS Billing 3.0]
18:13:29 INFO  SchematronXsltChecker - Running Schematron XSTL-based validation
18:13:29 INFO  ValidationInstance - Loading document from stream
18:13:29 INFO  ValidationInstance -   Detected declaration: xml.test (with converter)
18:13:29 INFO  ValidationInstance -   Detected expectation: 3) Verify existence of required element.
18:13:29 INFO  ValidationInstance - Validating 'eu.peppol.postaward.v3.billing-c801e0b9-893b-41f6-b617-68d2896dcb4c.asice#sch/PEPPOL-EN16931-CII.sch' with Engine [PEPPOL BIS Billing 3.0]
18:13:29 INFO  SchematronXsltChecker - Running Schematron XSTL-based validation
18:13:29 INFO  Tester - TestSet '/src/rules/unit-CII-PEPPOL/PEPPOL-EN16931-R061.xml'
18:13:29 INFO  ValidationInstance - Loading document from stream
18:13:29 INFO  ValidationInstance -   Detected declaration: xml.testset (with children)
18:13:29 INFO  ValidationInstance - Loading document from stream
18:13:29 INFO  ValidationInstance -   Detected declaration: xml.test (with converter)
18:13:29 INFO  ValidationInstance -   Detected expectation: 1) Verify existence of not more than a single project reference on document level.
18:13:29 INFO  ValidationInstance - Validating 'eu.peppol.postaward.v3.billing-c801e0b9-893b-41f6-b617-68d2896dcb4c.asice#sch/PEPPOL-EN16931-CII.sch' with Engine [PEPPOL BIS Billing 3.0]
18:13:29 INFO  SchematronXsltChecker - Running Schematron XSTL-based validation
18:13:29 INFO  ValidationInstance - Loading document from stream
18:13:29 INFO  ValidationInstance -   Detected declaration: xml.test (with converter)
18:13:29 INFO  ValidationInstance -   Detected expectation: 2) Verify existence of not more than a single project reference on document level.
18:13:29 INFO  ValidationInstance - Validating 'eu.peppol.postaward.v3.billing-c801e0b9-893b-41f6-b617-68d2896dcb4c.asice#sch/PEPPOL-EN16931-CII.sch' with Engine [PEPPOL BIS Billing 3.0]
18:13:29 INFO  SchematronXsltChecker - Running Schematron XSTL-based validation
18:13:29 INFO  ValidationInstance - Loading document from stream
18:13:29 INFO  ValidationInstance -   Detected declaration: xml.test (with converter)
18:13:29 INFO  ValidationInstance -   Detected expectation: 3) Verify existence of not more than a single project reference on document level.
18:13:29 INFO  ValidationInstance - Validating 'eu.peppol.postaward.v3.billing-c801e0b9-893b-41f6-b617-68d2896dcb4c.asice#sch/PEPPOL-EN16931-CII.sch' with Engine [PEPPOL BIS Billing 3.0]
18:13:29 INFO  SchematronXsltChecker - Running Schematron XSTL-based validation
18:13:29 INFO  Tester - TestSet '/src/rules/unit-CII-PEPPOL/PEPPOL-EN16931-R080.xml'
18:13:29 INFO  ValidationInstance - Loading document from stream
18:13:29 INFO  ValidationInstance -   Detected declaration: xml.testset (with children)
18:13:29 INFO  ValidationInstance - Loading document from stream
18:13:29 INFO  ValidationInstance -   Detected declaration: xml.test (with converter)
18:13:29 INFO  ValidationInstance -   Detected expectation: 1) Verify existence of not more than a single object identifier pr invoice
            line
18:13:29 INFO  ValidationInstance - Validating 'eu.peppol.postaward.v3.billing-c801e0b9-893b-41f6-b617-68d2896dcb4c.asice#sch/PEPPOL-EN16931-CII.sch' with Engine [PEPPOL BIS Billing 3.0]
18:13:29 INFO  SchematronXsltChecker - Running Schematron XSTL-based validation
18:13:29 INFO  ValidationInstance - Loading document from stream
18:13:29 INFO  ValidationInstance -   Detected declaration: xml.test (with converter)
18:13:29 INFO  ValidationInstance -   Detected expectation: 2) Verify existence of not more than a single object identifier pr invoice
            line
18:13:29 INFO  ValidationInstance - Validating 'eu.peppol.postaward.v3.billing-c801e0b9-893b-41f6-b617-68d2896dcb4c.asice#sch/PEPPOL-EN16931-CII.sch' with Engine [PEPPOL BIS Billing 3.0]
18:13:29 INFO  SchematronXsltChecker - Running Schematron XSTL-based validation
18:13:29 INFO  ValidationInstance - Loading document from stream
18:13:29 INFO  ValidationInstance -   Detected declaration: xml.test (with converter)
18:13:29 INFO  ValidationInstance -   Detected expectation: 3) Verify existence of not more than a single object identifier pr invoice
            line
18:13:29 INFO  ValidationInstance - Validating 'eu.peppol.postaward.v3.billing-c801e0b9-893b-41f6-b617-68d2896dcb4c.asice#sch/PEPPOL-EN16931-CII.sch' with Engine [PEPPOL BIS Billing 3.0]
18:13:29 INFO  SchematronXsltChecker - Running Schematron XSTL-based validation
18:13:29 INFO  Tester - TestSet '/src/rules/unit-CII-PEPPOL/PEPPOL-EN16931-R100.xml'
18:13:29 INFO  ValidationInstance - Loading document from stream
18:13:29 INFO  ValidationInstance -   Detected declaration: xml.testset (with children)
18:13:29 INFO  ValidationInstance - Loading document from stream
18:13:29 INFO  ValidationInstance -   Detected declaration: xml.test (with converter)
18:13:29 INFO  ValidationInstance -   Detected expectation: 1) Verify that element DocumentReference is not used for information other than invoiced line object.
18:13:29 INFO  ValidationInstance - Validating 'eu.peppol.postaward.v3.billing-c801e0b9-893b-41f6-b617-68d2896dcb4c.asice#sch/PEPPOL-EN16931-CII.sch' with Engine [PEPPOL BIS Billing 3.0]
18:13:29 INFO  SchematronXsltChecker - Running Schematron XSTL-based validation
18:13:29 INFO  ValidationInstance - Loading document from stream
18:13:29 INFO  ValidationInstance -   Detected declaration: xml.test (with converter)
18:13:29 INFO  ValidationInstance -   Detected expectation: 2) Verify that element DocumentReference is not used for information other than invoiced line object.
18:13:29 INFO  ValidationInstance - Validating 'eu.peppol.postaward.v3.billing-c801e0b9-893b-41f6-b617-68d2896dcb4c.asice#sch/PEPPOL-EN16931-CII.sch' with Engine [PEPPOL BIS Billing 3.0]
18:13:29 INFO  SchematronXsltChecker - Running Schematron XSTL-based validation
18:13:29 INFO  Tester - TestSet '/src/rules/unit-CII-PEPPOL/PEPPOL-EN16931-R101.xml'
18:13:29 INFO  ValidationInstance - Loading document from stream
18:13:29 INFO  ValidationInstance -   Detected declaration: xml.testset (with children)
18:13:29 INFO  ValidationInstance - Loading document from stream
18:13:29 INFO  ValidationInstance -   Detected declaration: xml.test (with converter)
18:13:29 INFO  ValidationInstance -   Detected expectation: 1) Verify verification of invoice period.
18:13:29 INFO  ValidationInstance - Validating 'eu.peppol.postaward.v3.billing-c801e0b9-893b-41f6-b617-68d2896dcb4c.asice#sch/PEPPOL-EN16931-CII.sch' with Engine [PEPPOL BIS Billing 3.0]
18:13:29 INFO  SchematronXsltChecker - Running Schematron XSTL-based validation
18:13:29 INFO  ValidationInstance - Loading document from stream
18:13:29 INFO  ValidationInstance -   Detected declaration: xml.test (with converter)
18:13:29 INFO  ValidationInstance -   Detected expectation: 2) Verify verification of invoice period.
18:13:29 INFO  ValidationInstance - Validating 'eu.peppol.postaward.v3.billing-c801e0b9-893b-41f6-b617-68d2896dcb4c.asice#sch/PEPPOL-EN16931-CII.sch' with Engine [PEPPOL BIS Billing 3.0]
18:13:29 INFO  SchematronXsltChecker - Running Schematron XSTL-based validation
18:13:29 INFO  ValidationInstance - Loading document from stream
18:13:29 INFO  ValidationInstance -   Detected declaration: xml.test (with converter)
18:13:29 INFO  ValidationInstance -   Detected expectation: 3) Verify verification of invoice period.
18:13:29 INFO  ValidationInstance - Validating 'eu.peppol.postaward.v3.billing-c801e0b9-893b-41f6-b617-68d2896dcb4c.asice#sch/PEPPOL-EN16931-CII.sch' with Engine [PEPPOL BIS Billing 3.0]
18:13:29 INFO  SchematronXsltChecker - Running Schematron XSTL-based validation
18:13:29 INFO  Tester - TestSet '/src/rules/unit-CII-PEPPOL/PEPPOL-EN16931-R110.xml'
18:13:29 INFO  ValidationInstance - Loading document from stream
18:13:29 INFO  ValidationInstance -   Detected declaration: xml.testset (with children)
18:13:29 INFO  ValidationInstance - Loading document from stream
18:13:29 INFO  ValidationInstance -   Detected declaration: xml.test (with converter)
18:13:29 INFO  ValidationInstance -   Detected expectation: 1) Verify verification of invoice period.
18:13:29 INFO  ValidationInstance - Validating 'eu.peppol.postaward.v3.billing-c801e0b9-893b-41f6-b617-68d2896dcb4c.asice#sch/PEPPOL-EN16931-CII.sch' with Engine [PEPPOL BIS Billing 3.0]
18:13:29 INFO  SchematronXsltChecker - Running Schematron XSTL-based validation
18:13:29 INFO  ValidationInstance - Loading document from stream
18:13:29 INFO  ValidationInstance -   Detected declaration: xml.test (with converter)
18:13:29 INFO  ValidationInstance -   Detected expectation: 2) Verify verification of invoice period.
18:13:29 INFO  ValidationInstance - Validating 'eu.peppol.postaward.v3.billing-c801e0b9-893b-41f6-b617-68d2896dcb4c.asice#sch/PEPPOL-EN16931-CII.sch' with Engine [PEPPOL BIS Billing 3.0]
18:13:29 INFO  SchematronXsltChecker - Running Schematron XSTL-based validation
18:13:29 INFO  ValidationInstance - Loading document from stream
18:13:29 INFO  ValidationInstance -   Detected declaration: xml.test (with converter)
18:13:29 INFO  ValidationInstance -   Detected expectation: 3) Verify verification of invoice period.
18:13:29 INFO  ValidationInstance - Validating 'eu.peppol.postaward.v3.billing-c801e0b9-893b-41f6-b617-68d2896dcb4c.asice#sch/PEPPOL-EN16931-CII.sch' with Engine [PEPPOL BIS Billing 3.0]
18:13:29 INFO  SchematronXsltChecker - Running Schematron XSTL-based validation
18:13:29 INFO  Tester - TestSet '/src/rules/unit-CII-PEPPOL/PEPPOL-EN16931-R111.xml'
18:13:29 INFO  ValidationInstance - Loading document from stream
18:13:29 INFO  ValidationInstance -   Detected declaration: xml.testset (with children)
18:13:29 INFO  ValidationInstance - Loading document from stream
18:13:29 INFO  ValidationInstance -   Detected declaration: xml.test (with converter)
18:13:30 INFO  ValidationInstance -   Detected expectation: 1) Verify calculation of line extension amount.
18:13:30 INFO  ValidationInstance - Validating 'eu.peppol.postaward.v3.billing-c801e0b9-893b-41f6-b617-68d2896dcb4c.asice#sch/PEPPOL-EN16931-CII.sch' with Engine [PEPPOL BIS Billing 3.0]
18:13:30 INFO  SchematronXsltChecker - Running Schematron XSTL-based validation
18:13:30 INFO  Tester - TestSet '/src/rules/unit-CII-PEPPOL/PEPPOL-EN16931-R120.xml'
18:13:30 INFO  ValidationInstance - Loading document from stream
18:13:30 INFO  ValidationInstance -   Detected declaration: xml.testset (with children)
18:13:30 INFO  ValidationInstance - Loading document from stream
18:13:30 INFO  ValidationInstance -   Detected declaration: xml.test (with converter)
18:13:30 INFO  ValidationInstance -   Detected expectation: 1) Verify base amount is above zero.
18:13:30 INFO  ValidationInstance - Validating 'eu.peppol.postaward.v3.billing-c801e0b9-893b-41f6-b617-68d2896dcb4c.asice#sch/PEPPOL-EN16931-CII.sch' with Engine [PEPPOL BIS Billing 3.0]
18:13:30 INFO  SchematronXsltChecker - Running Schematron XSTL-based validation
18:13:30 INFO  ValidationInstance - Loading document from stream
18:13:30 INFO  ValidationInstance -   Detected declaration: xml.test (with converter)
18:13:30 INFO  ValidationInstance -   Detected expectation: 2) Verify base amount is above zero.
18:13:30 INFO  ValidationInstance - Validating 'eu.peppol.postaward.v3.billing-c801e0b9-893b-41f6-b617-68d2896dcb4c.asice#sch/PEPPOL-EN16931-CII.sch' with Engine [PEPPOL BIS Billing 3.0]
18:13:30 INFO  SchematronXsltChecker - Running Schematron XSTL-based validation
18:13:30 INFO  ValidationInstance - Loading document from stream
18:13:30 INFO  ValidationInstance -   Detected declaration: xml.test (with converter)
18:13:30 INFO  ValidationInstance -   Detected expectation: 3) Verify base amount is above zero.
18:13:30 INFO  ValidationInstance - Validating 'eu.peppol.postaward.v3.billing-c801e0b9-893b-41f6-b617-68d2896dcb4c.asice#sch/PEPPOL-EN16931-CII.sch' with Engine [PEPPOL BIS Billing 3.0]
18:13:30 INFO  SchematronXsltChecker - Running Schematron XSTL-based validation
18:13:30 INFO  ValidationInstance - Loading document from stream
18:13:30 INFO  ValidationInstance -   Detected declaration: xml.test (with converter)
18:13:30 INFO  ValidationInstance -   Detected expectation: 4) Verify base amount is above zero.
18:13:30 INFO  ValidationInstance - Validating 'eu.peppol.postaward.v3.billing-c801e0b9-893b-41f6-b617-68d2896dcb4c.asice#sch/PEPPOL-EN16931-CII.sch' with Engine [PEPPOL BIS Billing 3.0]
18:13:30 INFO  SchematronXsltChecker - Running Schematron XSTL-based validation
18:13:30 INFO  Tester - TestSet '/src/rules/unit-CII-PEPPOL/PEPPOL-EN16931-R121.xml'
18:13:30 INFO  ValidationInstance - Loading document from stream
18:13:30 INFO  ValidationInstance -   Detected declaration: xml.testset (with children)
18:13:30 INFO  ValidationInstance - Loading document from stream
18:13:30 INFO  ValidationInstance -   Detected declaration: xml.test (with converter)
18:13:30 INFO  ValidationInstance -   Detected expectation: 1) Verify unit codes are same.
18:13:30 INFO  ValidationInstance - Validating 'eu.peppol.postaward.v3.billing-c801e0b9-893b-41f6-b617-68d2896dcb4c.asice#sch/PEPPOL-EN16931-CII.sch' with Engine [PEPPOL BIS Billing 3.0]
18:13:30 INFO  SchematronXsltChecker - Running Schematron XSTL-based validation
18:13:30 INFO  ValidationInstance - Loading document from stream
18:13:30 INFO  ValidationInstance -   Detected declaration: xml.test (with converter)
18:13:30 INFO  ValidationInstance -   Detected expectation: 2) Verify unit codes are same.
18:13:30 INFO  ValidationInstance - Validating 'eu.peppol.postaward.v3.billing-c801e0b9-893b-41f6-b617-68d2896dcb4c.asice#sch/PEPPOL-EN16931-CII.sch' with Engine [PEPPOL BIS Billing 3.0]
18:13:30 INFO  SchematronXsltChecker - Running Schematron XSTL-based validation
18:13:30 INFO  ValidationInstance - Loading document from stream
18:13:30 INFO  ValidationInstance -   Detected declaration: xml.test (with converter)
18:13:30 INFO  ValidationInstance -   Detected expectation: 3) Verify unit codes are same.
18:13:30 INFO  ValidationInstance - Validating 'eu.peppol.postaward.v3.billing-c801e0b9-893b-41f6-b617-68d2896dcb4c.asice#sch/PEPPOL-EN16931-CII.sch' with Engine [PEPPOL BIS Billing 3.0]
18:13:30 INFO  SchematronXsltChecker - Running Schematron XSTL-based validation
18:13:30 INFO  ValidationInstance - Loading document from stream
18:13:30 INFO  ValidationInstance -   Detected declaration: xml.test (with converter)
18:13:30 INFO  ValidationInstance -   Detected expectation: 4) Verify unit codes are same.
18:13:30 INFO  ValidationInstance - Validating 'eu.peppol.postaward.v3.billing-c801e0b9-893b-41f6-b617-68d2896dcb4c.asice#sch/PEPPOL-EN16931-CII.sch' with Engine [PEPPOL BIS Billing 3.0]
18:13:30 INFO  SchematronXsltChecker - Running Schematron XSTL-based validation
18:13:30 INFO  Tester - TestSet '/src/rules/unit-CII-PEPPOL/PEPPOL-EN16931-R130.xml'
18:13:30 INFO  ValidationInstance - Loading document from stream
18:13:30 INFO  ValidationInstance -   Detected declaration: xml.testset (with children)
18:13:30 INFO  ValidationInstance - Loading document from stream
18:13:30 INFO  ValidationInstance -   Detected declaration: xml.test (with converter)
18:13:30 INFO  ValidationInstance -   Detected expectation: 1) Verify existence of VAT registration information
18:13:30 INFO  ValidationInstance - Validating 'eu.peppol.postaward.v3.billing-c801e0b9-893b-41f6-b617-68d2896dcb4c.asice#sch/PEPPOL-EN16931-CII.sch' with Engine [PEPPOL BIS Billing 3.0]
18:13:30 INFO  SchematronXsltChecker - Running Schematron XSTL-based validation
18:13:30 INFO  ValidationInstance - Loading document from stream
18:13:30 INFO  ValidationInstance -   Detected declaration: xml.test (with converter)
18:13:30 INFO  ValidationInstance -   Detected expectation: 2) Verify existence of VAT registration information
18:13:30 INFO  ValidationInstance - Validating 'eu.peppol.postaward.v3.billing-c801e0b9-893b-41f6-b617-68d2896dcb4c.asice#sch/PEPPOL-EN16931-CII.sch' with Engine [PEPPOL BIS Billing 3.0]
18:13:30 INFO  SchematronXsltChecker - Running Schematron XSTL-based validation
18:13:30 INFO  ValidationInstance - Loading document from stream
18:13:30 INFO  ValidationInstance -   Detected declaration: xml.test (with converter)
18:13:30 INFO  ValidationInstance -   Detected expectation: 3) Verify existence of VAT registration information
18:13:30 INFO  ValidationInstance - Validating 'eu.peppol.postaward.v3.billing-c801e0b9-893b-41f6-b617-68d2896dcb4c.asice#sch/PEPPOL-EN16931-CII.sch' with Engine [PEPPOL BIS Billing 3.0]
18:13:30 INFO  SchematronXsltChecker - Running Schematron XSTL-based validation
18:13:30 INFO  Tester - TestSet '/src/rules/unit-CII-NO/NO-R-001.xml'
18:13:30 INFO  ValidationInstance - Loading document from stream
18:13:30 INFO  ValidationInstance -   Detected declaration: xml.testset (with children)
18:13:30 INFO  ValidationInstance - Loading document from stream
18:13:30 INFO  ValidationInstance -   Detected declaration: xml.test (with converter)
18:13:30 INFO  ValidationInstance -   Detected expectation: 1) Verify existence of VAT registration information
18:13:30 INFO  ValidationInstance - Validating 'eu.peppol.postaward.v3.billing-c801e0b9-893b-41f6-b617-68d2896dcb4c.asice#sch/PEPPOL-EN16931-CII.sch' with Engine [PEPPOL BIS Billing 3.0]
18:13:30 INFO  SchematronXsltChecker - Running Schematron XSTL-based validation
18:13:30 INFO  ValidationInstance - Loading document from stream
18:13:30 INFO  ValidationInstance -   Detected declaration: xml.test (with converter)
18:13:30 INFO  ValidationInstance -   Detected expectation: 2) Verify existence of VAT registration information
18:13:30 INFO  ValidationInstance - Validating 'eu.peppol.postaward.v3.billing-c801e0b9-893b-41f6-b617-68d2896dcb4c.asice#sch/PEPPOL-EN16931-CII.sch' with Engine [PEPPOL BIS Billing 3.0]
18:13:30 INFO  SchematronXsltChecker - Running Schematron XSTL-based validation
18:13:30 INFO  ValidationInstance - Loading document from stream
18:13:30 INFO  ValidationInstance -   Detected declaration: xml.test (with converter)
18:13:30 INFO  ValidationInstance -   Detected expectation: 3) Verify existence of VAT registration information
18:13:30 INFO  ValidationInstance - Validating 'eu.peppol.postaward.v3.billing-c801e0b9-893b-41f6-b617-68d2896dcb4c.asice#sch/PEPPOL-EN16931-CII.sch' with Engine [PEPPOL BIS Billing 3.0]
18:13:30 INFO  SchematronXsltChecker - Running Schematron XSTL-based validation
18:13:30 INFO  ValidationInstance - Loading document from stream
18:13:30 INFO  ValidationInstance -   Detected declaration: xml.test (with converter)
18:13:30 INFO  ValidationInstance -   Detected expectation: 4) Verify existence of VAT registration information
18:13:30 INFO  ValidationInstance - Validating 'eu.peppol.postaward.v3.billing-c801e0b9-893b-41f6-b617-68d2896dcb4c.asice#sch/PEPPOL-EN16931-CII.sch' with Engine [PEPPOL BIS Billing 3.0]
18:13:30 INFO  SchematronXsltChecker - Running Schematron XSTL-based validation
18:13:30 INFO  ValidationInstance - Loading document from stream
18:13:30 INFO  ValidationInstance -   Detected declaration: xml.test (with converter)
18:13:30 INFO  ValidationInstance -   Detected expectation: 5) Verify existence of VAT registration information
18:13:30 INFO  ValidationInstance - Validating 'eu.peppol.postaward.v3.billing-c801e0b9-893b-41f6-b617-68d2896dcb4c.asice#sch/PEPPOL-EN16931-CII.sch' with Engine [PEPPOL BIS Billing 3.0]
18:13:30 INFO  SchematronXsltChecker - Running Schematron XSTL-based validation
18:13:30 INFO  ValidationInstance - Loading document from stream
18:13:30 INFO  ValidationInstance -   Detected declaration: xml.test (with converter)
18:13:30 INFO  ValidationInstance -   Detected expectation: 6) Verify existence of VAT registration information
18:13:30 INFO  ValidationInstance - Validating 'eu.peppol.postaward.v3.billing-c801e0b9-893b-41f6-b617-68d2896dcb4c.asice#sch/PEPPOL-EN16931-CII.sch' with Engine [PEPPOL BIS Billing 3.0]
18:13:30 INFO  SchematronXsltChecker - Running Schematron XSTL-based validation
18:13:30 INFO  ValidationInstance - Loading document from stream
18:13:30 INFO  ValidationInstance -   Detected declaration: xml.test (with converter)
18:13:30 INFO  ValidationInstance -   Detected expectation: 7) Verify existence of VAT registration information
18:13:30 INFO  ValidationInstance - Validating 'eu.peppol.postaward.v3.billing-c801e0b9-893b-41f6-b617-68d2896dcb4c.asice#sch/PEPPOL-EN16931-CII.sch' with Engine [PEPPOL BIS Billing 3.0]
18:13:30 INFO  SchematronXsltChecker - Running Schematron XSTL-based validation
18:13:30 INFO  ValidationInstance - Loading document from stream
18:13:30 INFO  ValidationInstance -   Detected declaration: xml.test (with converter)
18:13:30 INFO  ValidationInstance -   Detected expectation: 8) Verify existence of VAT registration information
18:13:30 INFO  ValidationInstance - Validating 'eu.peppol.postaward.v3.billing-c801e0b9-893b-41f6-b617-68d2896dcb4c.asice#sch/PEPPOL-EN16931-CII.sch' with Engine [PEPPOL BIS Billing 3.0]
18:13:30 INFO  SchematronXsltChecker - Running Schematron XSTL-based validation
18:13:30 INFO  ValidationInstance - Loading document from stream
18:13:30 INFO  ValidationInstance -   Detected declaration: xml.test (with converter)
18:13:30 INFO  ValidationInstance -   Detected expectation: 9) Verify existence of VAT registration information
18:13:30 INFO  ValidationInstance - Validating 'eu.peppol.postaward.v3.billing-c801e0b9-893b-41f6-b617-68d2896dcb4c.asice#sch/PEPPOL-EN16931-CII.sch' with Engine [PEPPOL BIS Billing 3.0]
18:13:30 INFO  SchematronXsltChecker - Running Schematron XSTL-based validation
18:13:30 INFO  ValidationInstance - Loading document from stream
18:13:30 INFO  ValidationInstance -   Detected declaration: xml.test (with converter)
18:13:30 INFO  ValidationInstance -   Detected expectation: 10) Verify existence of VAT registration information
18:13:30 INFO  ValidationInstance - Validating 'eu.peppol.postaward.v3.billing-c801e0b9-893b-41f6-b617-68d2896dcb4c.asice#sch/PEPPOL-EN16931-CII.sch' with Engine [PEPPOL BIS Billing 3.0]
18:13:30 INFO  SchematronXsltChecker - Running Schematron XSTL-based validation
18:13:30 INFO  Tester - TestSet '/src/rules/unit-CII-NO/NO-R-002.xml'
18:13:30 INFO  ValidationInstance - Loading document from stream
18:13:30 INFO  ValidationInstance -   Detected declaration: xml.testset (with children)
18:13:30 INFO  ValidationInstance - Loading document from stream
18:13:30 INFO  ValidationInstance -   Detected declaration: xml.test (with converter)
18:13:30 INFO  ValidationInstance -   Detected expectation: 1) Verify the length of BT-32 for Italian suppliers
18:13:30 INFO  ValidationInstance - Validating 'eu.peppol.postaward.v3.billing-c801e0b9-893b-41f6-b617-68d2896dcb4c.asice#sch/PEPPOL-EN16931-CII.sch' with Engine [PEPPOL BIS Billing 3.0]
18:13:30 INFO  SchematronXsltChecker - Running Schematron XSTL-based validation
18:13:30 INFO  ValidationInstance - Loading document from stream
18:13:30 INFO  ValidationInstance -   Detected declaration: xml.test (with converter)
18:13:30 INFO  ValidationInstance -   Detected expectation: 2) Verify the length of BT-32 for Italian suppliers
18:13:30 INFO  ValidationInstance - Validating 'eu.peppol.postaward.v3.billing-c801e0b9-893b-41f6-b617-68d2896dcb4c.asice#sch/PEPPOL-EN16931-CII.sch' with Engine [PEPPOL BIS Billing 3.0]
18:13:30 INFO  SchematronXsltChecker - Running Schematron XSTL-based validation
18:13:30 INFO  ValidationInstance - Loading document from stream
18:13:30 INFO  ValidationInstance -   Detected declaration: xml.test (with converter)
18:13:30 INFO  ValidationInstance -   Detected expectation: 3) Verify the length of BT-32 for Italian suppliers
18:13:30 INFO  ValidationInstance - Validating 'eu.peppol.postaward.v3.billing-c801e0b9-893b-41f6-b617-68d2896dcb4c.asice#sch/PEPPOL-EN16931-CII.sch' with Engine [PEPPOL BIS Billing 3.0]
18:13:30 INFO  SchematronXsltChecker - Running Schematron XSTL-based validation
18:13:30 INFO  Tester - TestSet '/src/rules/unit-CII-IT/IT-R-001.xml'
18:13:30 INFO  ValidationInstance - Loading document from stream
18:13:30 INFO  ValidationInstance -   Detected declaration: xml.testset (with children)
18:13:31 INFO  ValidationInstance - Loading document from stream
18:13:31 INFO  ValidationInstance -   Detected declaration: xml.test (with converter)
18:13:31 INFO  ValidationInstance -   Detected expectation: 1) Verify existence of Seller address line for Italian suppliers
18:13:31 INFO  ValidationInstance - Validating 'eu.peppol.postaward.v3.billing-c801e0b9-893b-41f6-b617-68d2896dcb4c.asice#sch/PEPPOL-EN16931-CII.sch' with Engine [PEPPOL BIS Billing 3.0]
18:13:31 INFO  SchematronXsltChecker - Running Schematron XSTL-based validation
18:13:31 INFO  ValidationInstance - Loading document from stream
18:13:31 INFO  ValidationInstance -   Detected declaration: xml.test (with converter)
18:13:31 INFO  ValidationInstance -   Detected expectation: 2) Verify existence of Seller address line for Italian suppliers
18:13:31 INFO  ValidationInstance - Validating 'eu.peppol.postaward.v3.billing-c801e0b9-893b-41f6-b617-68d2896dcb4c.asice#sch/PEPPOL-EN16931-CII.sch' with Engine [PEPPOL BIS Billing 3.0]
18:13:31 INFO  SchematronXsltChecker - Running Schematron XSTL-based validation
18:13:31 INFO  ValidationInstance - Loading document from stream
18:13:31 INFO  ValidationInstance -   Detected declaration: xml.test (with converter)
18:13:31 INFO  ValidationInstance -   Detected expectation: 3) Verify existence of Seller address line for Italian suppliers
18:13:31 INFO  ValidationInstance - Validating 'eu.peppol.postaward.v3.billing-c801e0b9-893b-41f6-b617-68d2896dcb4c.asice#sch/PEPPOL-EN16931-CII.sch' with Engine [PEPPOL BIS Billing 3.0]
18:13:31 INFO  SchematronXsltChecker - Running Schematron XSTL-based validation
18:13:31 INFO  Tester - TestSet '/src/rules/unit-CII-IT/IT-R-002.xml'
18:13:31 INFO  ValidationInstance - Loading document from stream
18:13:31 INFO  ValidationInstance -   Detected declaration: xml.testset (with children)
18:13:31 INFO  ValidationInstance - Loading document from stream
18:13:31 INFO  ValidationInstance -   Detected declaration: xml.test (with converter)
18:13:31 INFO  ValidationInstance -   Detected expectation: 1) Verify existence of Seller City for Italian suppliers
18:13:31 INFO  ValidationInstance - Validating 'eu.peppol.postaward.v3.billing-c801e0b9-893b-41f6-b617-68d2896dcb4c.asice#sch/PEPPOL-EN16931-CII.sch' with Engine [PEPPOL BIS Billing 3.0]
18:13:31 INFO  SchematronXsltChecker - Running Schematron XSTL-based validation
18:13:31 INFO  ValidationInstance - Loading document from stream
18:13:31 INFO  ValidationInstance -   Detected declaration: xml.test (with converter)
18:13:31 INFO  ValidationInstance -   Detected expectation: 2) Verify existence of Seller City for Italian suppliers
18:13:31 INFO  ValidationInstance - Validating 'eu.peppol.postaward.v3.billing-c801e0b9-893b-41f6-b617-68d2896dcb4c.asice#sch/PEPPOL-EN16931-CII.sch' with Engine [PEPPOL BIS Billing 3.0]
18:13:31 INFO  SchematronXsltChecker - Running Schematron XSTL-based validation
18:13:31 INFO  ValidationInstance - Loading document from stream
18:13:31 INFO  ValidationInstance -   Detected declaration: xml.test (with converter)
18:13:31 INFO  ValidationInstance -   Detected expectation: 3) Verify existence of Seller City for Italian suppliers
18:13:31 INFO  ValidationInstance - Validating 'eu.peppol.postaward.v3.billing-c801e0b9-893b-41f6-b617-68d2896dcb4c.asice#sch/PEPPOL-EN16931-CII.sch' with Engine [PEPPOL BIS Billing 3.0]
18:13:31 INFO  SchematronXsltChecker - Running Schematron XSTL-based validation
18:13:31 INFO  Tester - TestSet '/src/rules/unit-CII-IT/IT-R-003.xml'
18:13:31 INFO  ValidationInstance - Loading document from stream
18:13:31 INFO  ValidationInstance -   Detected declaration: xml.testset (with children)
18:13:31 INFO  ValidationInstance - Loading document from stream
18:13:31 INFO  ValidationInstance -   Detected declaration: xml.test (with converter)
18:13:31 INFO  ValidationInstance -   Detected expectation: 1) Verify existence of Seller Post Code for Italian suppliers
18:13:31 INFO  ValidationInstance - Validating 'eu.peppol.postaward.v3.billing-c801e0b9-893b-41f6-b617-68d2896dcb4c.asice#sch/PEPPOL-EN16931-CII.sch' with Engine [PEPPOL BIS Billing 3.0]
18:13:31 INFO  SchematronXsltChecker - Running Schematron XSTL-based validation
18:13:31 INFO  ValidationInstance - Loading document from stream
18:13:31 INFO  ValidationInstance -   Detected declaration: xml.test (with converter)
18:13:31 INFO  ValidationInstance -   Detected expectation: 2) Verify existence of Seller Post Code for Italian suppliers
18:13:31 INFO  ValidationInstance - Validating 'eu.peppol.postaward.v3.billing-c801e0b9-893b-41f6-b617-68d2896dcb4c.asice#sch/PEPPOL-EN16931-CII.sch' with Engine [PEPPOL BIS Billing 3.0]
18:13:31 INFO  SchematronXsltChecker - Running Schematron XSTL-based validation
18:13:31 INFO  ValidationInstance - Loading document from stream
18:13:31 INFO  ValidationInstance -   Detected declaration: xml.test (with converter)
18:13:31 INFO  ValidationInstance -   Detected expectation: 3) Verify existence of Seller Post Code for Italian suppliers
18:13:31 INFO  ValidationInstance - Validating 'eu.peppol.postaward.v3.billing-c801e0b9-893b-41f6-b617-68d2896dcb4c.asice#sch/PEPPOL-EN16931-CII.sch' with Engine [PEPPOL BIS Billing 3.0]
18:13:31 INFO  SchematronXsltChecker - Running Schematron XSTL-based validation
18:13:31 INFO  Tester - TestSet '/src/rules/unit-CII-IT/IT-R-004.xml'
18:13:31 INFO  ValidationInstance - Loading document from stream
18:13:31 INFO  ValidationInstance -   Detected declaration: xml.testset (with children)
18:13:31 INFO  ValidationInstance - Loading document from stream
18:13:31 INFO  ValidationInstance -   Detected declaration: xml.test (with converter)
18:13:31 INFO  ValidationInstance -   Detected expectation: 1) Danish suppliers MUST provide legal entity.
18:13:31 INFO  ValidationInstance - Validating 'eu.peppol.postaward.v3.billing-c801e0b9-893b-41f6-b617-68d2896dcb4c.asice#sch/PEPPOL-EN16931-CII.sch' with Engine [PEPPOL BIS Billing 3.0]
18:13:31 INFO  SchematronXsltChecker - Running Schematron XSTL-based validation
18:13:31 INFO  ValidationInstance - Loading document from stream
18:13:31 INFO  ValidationInstance -   Detected declaration: xml.test (with converter)
18:13:31 INFO  ValidationInstance -   Detected expectation: 2) Danish suppliers MUST provide legal entity.
18:13:31 INFO  ValidationInstance - Validating 'eu.peppol.postaward.v3.billing-c801e0b9-893b-41f6-b617-68d2896dcb4c.asice#sch/PEPPOL-EN16931-CII.sch' with Engine [PEPPOL BIS Billing 3.0]
18:13:31 INFO  SchematronXsltChecker - Running Schematron XSTL-based validation
18:13:31 INFO  ValidationInstance - Loading document from stream
18:13:31 INFO  ValidationInstance -   Detected declaration: xml.test (with converter)
18:13:31 INFO  ValidationInstance -   Detected expectation: 3) Danish suppliers MUST provide legal entity.
18:13:31 INFO  ValidationInstance - Validating 'eu.peppol.postaward.v3.billing-c801e0b9-893b-41f6-b617-68d2896dcb4c.asice#sch/PEPPOL-EN16931-CII.sch' with Engine [PEPPOL BIS Billing 3.0]
18:13:31 INFO  SchematronXsltChecker - Running Schematron XSTL-based validation
18:13:31 INFO  ValidationInstance - Loading document from stream
18:13:31 INFO  ValidationInstance -   Detected declaration: xml.test (with converter)
18:13:31 INFO  ValidationInstance -   Detected expectation: 4) Danish suppliers MUST provide legal entity.
18:13:31 INFO  ValidationInstance - Validating 'eu.peppol.postaward.v3.billing-c801e0b9-893b-41f6-b617-68d2896dcb4c.asice#sch/PEPPOL-EN16931-CII.sch' with Engine [PEPPOL BIS Billing 3.0]
18:13:31 INFO  SchematronXsltChecker - Running Schematron XSTL-based validation
18:13:31 INFO  Tester - TestSet '/src/rules/unit-CII-DK/DK_Validation_DKR002_CII.xml'
18:13:31 INFO  ValidationInstance - Loading document from stream
18:13:31 INFO  ValidationInstance -   Detected declaration: xml.testset (with children)
18:13:31 INFO  ValidationInstance - Loading document from stream
18:13:31 INFO  ValidationInstance -   Detected declaration: xml.test (with converter)
18:13:31 INFO  ValidationInstance -   Detected expectation: 1) If ItemClassification is provided from Danish suppliers, UNSPSC version 19.0501 should be used
18:13:31 INFO  ValidationInstance - Validating 'eu.peppol.postaward.v3.billing-c801e0b9-893b-41f6-b617-68d2896dcb4c.asice#sch/PEPPOL-EN16931-CII.sch' with Engine [PEPPOL BIS Billing 3.0]
18:13:31 INFO  SchematronXsltChecker - Running Schematron XSTL-based validation
18:13:31 INFO  ValidationInstance - Loading document from stream
18:13:31 INFO  ValidationInstance -   Detected declaration: xml.test (with converter)
18:13:31 INFO  ValidationInstance -   Detected expectation: 2) If ItemClassification is provided from Danish suppliers, UNSPSC version 19.0501 should be used
18:13:31 INFO  ValidationInstance - Validating 'eu.peppol.postaward.v3.billing-c801e0b9-893b-41f6-b617-68d2896dcb4c.asice#sch/PEPPOL-EN16931-CII.sch' with Engine [PEPPOL BIS Billing 3.0]
18:13:31 INFO  SchematronXsltChecker - Running Schematron XSTL-based validation
18:13:31 INFO  ValidationInstance - Loading document from stream
18:13:31 INFO  ValidationInstance -   Detected declaration: xml.test (with converter)
18:13:31 INFO  ValidationInstance -   Detected expectation: 3) If ItemClassification is provided from Danish suppliers, UNSPSC version 19.0501 should be used
18:13:31 INFO  ValidationInstance - Validating 'eu.peppol.postaward.v3.billing-c801e0b9-893b-41f6-b617-68d2896dcb4c.asice#sch/PEPPOL-EN16931-CII.sch' with Engine [PEPPOL BIS Billing 3.0]
18:13:31 INFO  SchematronXsltChecker - Running Schematron XSTL-based validation
18:13:31 INFO  ValidationInstance - Loading document from stream
18:13:31 INFO  ValidationInstance -   Detected declaration: xml.test (with converter)
18:13:31 INFO  ValidationInstance -   Detected expectation: 4) If ItemClassification is provided from Danish suppliers, UNSPSC version 19.0501 should be used
18:13:31 INFO  ValidationInstance - Validating 'eu.peppol.postaward.v3.billing-c801e0b9-893b-41f6-b617-68d2896dcb4c.asice#sch/PEPPOL-EN16931-CII.sch' with Engine [PEPPOL BIS Billing 3.0]
18:13:31 INFO  SchematronXsltChecker - Running Schematron XSTL-based validation
18:13:31 INFO  ValidationInstance - Loading document from stream
18:13:31 INFO  ValidationInstance -   Detected declaration: xml.test (with converter)
18:13:31 INFO  ValidationInstance -   Detected expectation: 5) If ItemClassification is provided from Danish suppliers, UNSPSC version 19.0501 should be used
18:13:31 INFO  ValidationInstance - Validating 'eu.peppol.postaward.v3.billing-c801e0b9-893b-41f6-b617-68d2896dcb4c.asice#sch/PEPPOL-EN16931-CII.sch' with Engine [PEPPOL BIS Billing 3.0]
18:13:31 INFO  SchematronXsltChecker - Running Schematron XSTL-based validation
18:13:31 INFO  ValidationInstance - Loading document from stream
18:13:31 INFO  ValidationInstance -   Detected declaration: xml.test (with converter)
18:13:31 INFO  ValidationInstance -   Detected expectation: 6) If ItemClassification is provided from Danish suppliers, UNSPSC version 19.0501 should be used
18:13:31 INFO  ValidationInstance - Validating 'eu.peppol.postaward.v3.billing-c801e0b9-893b-41f6-b617-68d2896dcb4c.asice#sch/PEPPOL-EN16931-CII.sch' with Engine [PEPPOL BIS Billing 3.0]
18:13:31 INFO  SchematronXsltChecker - Running Schematron XSTL-based validation
18:13:31 INFO  ValidationInstance - Loading document from stream
18:13:31 INFO  ValidationInstance -   Detected declaration: xml.test (with converter)
18:13:31 INFO  ValidationInstance -   Detected expectation: 7) If ItemClassification is provided from Danish suppliers, UNSPSC version 19.0501 should be used
18:13:31 INFO  ValidationInstance - Validating 'eu.peppol.postaward.v3.billing-c801e0b9-893b-41f6-b617-68d2896dcb4c.asice#sch/PEPPOL-EN16931-CII.sch' with Engine [PEPPOL BIS Billing 3.0]
18:13:31 INFO  SchematronXsltChecker - Running Schematron XSTL-based validation
18:13:31 INFO  ValidationInstance - Loading document from stream
18:13:31 INFO  ValidationInstance -   Detected declaration: xml.test (with converter)
18:13:31 INFO  ValidationInstance -   Detected expectation: 8) If ItemClassification is provided from Danish suppliers, UNSPSC version 19.0501 should be used
18:13:31 INFO  ValidationInstance - Validating 'eu.peppol.postaward.v3.billing-c801e0b9-893b-41f6-b617-68d2896dcb4c.asice#sch/PEPPOL-EN16931-CII.sch' with Engine [PEPPOL BIS Billing 3.0]
18:13:31 INFO  SchematronXsltChecker - Running Schematron XSTL-based validation
18:13:31 INFO  ValidationInstance - Loading document from stream
18:13:31 INFO  ValidationInstance -   Detected declaration: xml.test (with converter)
18:13:31 INFO  ValidationInstance -   Detected expectation: 9) If ItemClassification is provided from Danish suppliers, UNSPSC version 19.0501 should be used
18:13:31 INFO  ValidationInstance - Validating 'eu.peppol.postaward.v3.billing-c801e0b9-893b-41f6-b617-68d2896dcb4c.asice#sch/PEPPOL-EN16931-CII.sch' with Engine [PEPPOL BIS Billing 3.0]
18:13:31 INFO  SchematronXsltChecker - Running Schematron XSTL-based validation
18:13:31 INFO  ValidationInstance - Loading document from stream
18:13:31 INFO  ValidationInstance -   Detected declaration: xml.test (with converter)
18:13:31 INFO  ValidationInstance -   Detected expectation: 10) If ItemClassification is provided from Danish suppliers, UNSPSC version 19.0501 should be used
18:13:31 INFO  ValidationInstance - Validating 'eu.peppol.postaward.v3.billing-c801e0b9-893b-41f6-b617-68d2896dcb4c.asice#sch/PEPPOL-EN16931-CII.sch' with Engine [PEPPOL BIS Billing 3.0]
18:13:31 INFO  SchematronXsltChecker - Running Schematron XSTL-based validation
18:13:31 INFO  ValidationInstance - Loading document from stream
18:13:31 INFO  ValidationInstance -   Detected declaration: xml.test (with converter)
18:13:32 INFO  ValidationInstance -   Detected expectation: 11) If ItemClassification is provided from Danish suppliers, UNSPSC version 19.0501 should be used
18:13:32 INFO  ValidationInstance - Validating 'eu.peppol.postaward.v3.billing-c801e0b9-893b-41f6-b617-68d2896dcb4c.asice#sch/PEPPOL-EN16931-CII.sch' with Engine [PEPPOL BIS Billing 3.0]
18:13:32 INFO  SchematronXsltChecker - Running Schematron XSTL-based validation
18:13:32 INFO  ValidationInstance - Loading document from stream
18:13:32 INFO  ValidationInstance -   Detected declaration: xml.test (with converter)
18:13:32 INFO  ValidationInstance -   Detected expectation: 12) If ItemClassification is provided from Danish suppliers, UNSPSC version 19.0501 should be used
18:13:32 INFO  ValidationInstance - Validating 'eu.peppol.postaward.v3.billing-c801e0b9-893b-41f6-b617-68d2896dcb4c.asice#sch/PEPPOL-EN16931-CII.sch' with Engine [PEPPOL BIS Billing 3.0]
18:13:32 INFO  SchematronXsltChecker - Running Schematron XSTL-based validation
18:13:32 INFO  Tester - TestSet '/src/rules/unit-CII-DK/DK_Validation_DKR003_CII.xml'
18:13:32 INFO  ValidationInstance - Loading document from stream
18:13:32 INFO  ValidationInstance -   Detected declaration: xml.testset (with children)
18:13:32 INFO  ValidationInstance - Loading document from stream
18:13:32 INFO  ValidationInstance -   Detected declaration: xml.test (with converter)
18:13:32 INFO  ValidationInstance -   Detected expectation: 1) When specifying non-VAT Taxes for Danish customers, Danish suppliers MUST use the SpecifiedTradeAllowanceCharge/ReasonCode="ZZZ" and the 4-digit Tax category MUST be specified as Reason
18:13:32 INFO  ValidationInstance - Validating 'eu.peppol.postaward.v3.billing-c801e0b9-893b-41f6-b617-68d2896dcb4c.asice#sch/PEPPOL-EN16931-CII.sch' with Engine [PEPPOL BIS Billing 3.0]
18:13:32 INFO  SchematronXsltChecker - Running Schematron XSTL-based validation
18:13:32 INFO  ValidationInstance - Loading document from stream
18:13:32 INFO  ValidationInstance -   Detected declaration: xml.test (with converter)
18:13:32 INFO  ValidationInstance -   Detected expectation: 2) When specifying non-VAT Taxes for Danish customers, Danish suppliers MUST use the SpecifiedTradeAllowanceCharge/ReasonCode="ZZZ" and the 4-digit Tax category MUST be specified as Reason
18:13:32 INFO  ValidationInstance - Validating 'eu.peppol.postaward.v3.billing-c801e0b9-893b-41f6-b617-68d2896dcb4c.asice#sch/PEPPOL-EN16931-CII.sch' with Engine [PEPPOL BIS Billing 3.0]
18:13:32 INFO  SchematronXsltChecker - Running Schematron XSTL-based validation
18:13:32 INFO  ValidationInstance - Loading document from stream
18:13:32 INFO  ValidationInstance -   Detected declaration: xml.test (with converter)
18:13:32 INFO  ValidationInstance -   Detected expectation: 3) When specifying non-VAT Taxes for Danish customers, Danish suppliers MUST use the SpecifiedTradeAllowanceCharge/ReasonCode="ZZZ" and the 4-digit Tax category MUST be specified as Reason
18:13:32 INFO  ValidationInstance - Validating 'eu.peppol.postaward.v3.billing-c801e0b9-893b-41f6-b617-68d2896dcb4c.asice#sch/PEPPOL-EN16931-CII.sch' with Engine [PEPPOL BIS Billing 3.0]
18:13:32 INFO  SchematronXsltChecker - Running Schematron XSTL-based validation
18:13:32 INFO  ValidationInstance - Loading document from stream
18:13:32 INFO  ValidationInstance -   Detected declaration: xml.test (with converter)
18:13:32 INFO  ValidationInstance -   Detected expectation: 4) When specifying non-VAT Taxes for Danish customers, Danish suppliers MUST use the SpecifiedTradeAllowanceCharge/ReasonCode="ZZZ" and the 4-digit Tax category MUST be specified as Reason
18:13:32 INFO  ValidationInstance - Validating 'eu.peppol.postaward.v3.billing-c801e0b9-893b-41f6-b617-68d2896dcb4c.asice#sch/PEPPOL-EN16931-CII.sch' with Engine [PEPPOL BIS Billing 3.0]
18:13:32 INFO  SchematronXsltChecker - Running Schematron XSTL-based validation
18:13:32 INFO  ValidationInstance - Loading document from stream
18:13:32 INFO  ValidationInstance -   Detected declaration: xml.test (with converter)
18:13:32 INFO  ValidationInstance -   Detected expectation: 5) When specifying non-VAT Taxes for Danish customers, Danish suppliers MUST use the SpecifiedTradeAllowanceCharge/ReasonCode="ZZZ" and the 4-digit Tax category MUST be specified as Reason
18:13:32 INFO  ValidationInstance - Validating 'eu.peppol.postaward.v3.billing-c801e0b9-893b-41f6-b617-68d2896dcb4c.asice#sch/PEPPOL-EN16931-CII.sch' with Engine [PEPPOL BIS Billing 3.0]
18:13:32 INFO  SchematronXsltChecker - Running Schematron XSTL-based validation
18:13:32 INFO  ValidationInstance - Loading document from stream
18:13:32 INFO  ValidationInstance -   Detected declaration: xml.test (with converter)
18:13:32 INFO  ValidationInstance -   Detected expectation: 6) When specifying non-VAT Taxes for Danish customers, Danish suppliers MUST use the SpecifiedTradeAllowanceCharge/ReasonCode="ZZZ" and the 4-digit Tax category MUST be specified as Reason
18:13:32 INFO  ValidationInstance - Validating 'eu.peppol.postaward.v3.billing-c801e0b9-893b-41f6-b617-68d2896dcb4c.asice#sch/PEPPOL-EN16931-CII.sch' with Engine [PEPPOL BIS Billing 3.0]
18:13:32 INFO  SchematronXsltChecker - Running Schematron XSTL-based validation
18:13:32 INFO  ValidationInstance - Loading document from stream
18:13:32 INFO  ValidationInstance -   Detected declaration: xml.test (with converter)
18:13:32 INFO  ValidationInstance -   Detected expectation: 7) When specifying non-VAT Taxes for Danish customers, Danish suppliers MUST use the SpecifiedTradeAllowanceCharge/ReasonCode="ZZZ" and the 4-digit Tax category MUST be specified as Reason
18:13:32 INFO  ValidationInstance - Validating 'eu.peppol.postaward.v3.billing-c801e0b9-893b-41f6-b617-68d2896dcb4c.asice#sch/PEPPOL-EN16931-CII.sch' with Engine [PEPPOL BIS Billing 3.0]
18:13:32 INFO  SchematronXsltChecker - Running Schematron XSTL-based validation
18:13:32 INFO  ValidationInstance - Loading document from stream
18:13:32 INFO  ValidationInstance -   Detected declaration: xml.test (with converter)
18:13:32 INFO  ValidationInstance -   Detected expectation: 8) When specifying non-VAT Taxes for Danish customers, Danish suppliers MUST use the SpecifiedTradeAllowanceCharge/ReasonCode="ZZZ" and the 4-digit Tax category MUST be specified as Reason
18:13:32 INFO  ValidationInstance - Validating 'eu.peppol.postaward.v3.billing-c801e0b9-893b-41f6-b617-68d2896dcb4c.asice#sch/PEPPOL-EN16931-CII.sch' with Engine [PEPPOL BIS Billing 3.0]
18:13:32 INFO  SchematronXsltChecker - Running Schematron XSTL-based validation
18:13:32 INFO  Tester - TestSet '/src/rules/unit-CII-DK/DK_Validation_DKR004_CII.xml'
18:13:32 INFO  ValidationInstance - Loading document from stream
18:13:32 INFO  ValidationInstance -   Detected declaration: xml.testset (with children)
18:13:32 INFO  ValidationInstance - Loading document from stream
18:13:32 INFO  ValidationInstance -   Detected declaration: xml.test (with converter)
18:13:32 INFO  ValidationInstance -   Detected expectation: 1) For Danish suppliers the following Payment means type codes are allowed: 1, 31, 42, 48, 49, 50, 58, 59, 93 and 97
18:13:32 INFO  ValidationInstance - Validating 'eu.peppol.postaward.v3.billing-c801e0b9-893b-41f6-b617-68d2896dcb4c.asice#sch/PEPPOL-EN16931-CII.sch' with Engine [PEPPOL BIS Billing 3.0]
18:13:32 INFO  SchematronXsltChecker - Running Schematron XSTL-based validation
18:13:32 INFO  ValidationInstance - Loading document from stream
18:13:32 INFO  ValidationInstance -   Detected declaration: xml.test (with converter)
18:13:32 INFO  ValidationInstance -   Detected expectation: 2) For Danish suppliers the following Payment means type codes are allowed: 1, 31, 42, 48, 49, 50, 58, 59, 93 and 97
18:13:32 INFO  ValidationInstance - Validating 'eu.peppol.postaward.v3.billing-c801e0b9-893b-41f6-b617-68d2896dcb4c.asice#sch/PEPPOL-EN16931-CII.sch' with Engine [PEPPOL BIS Billing 3.0]
18:13:32 INFO  SchematronXsltChecker - Running Schematron XSTL-based validation
18:13:32 INFO  ValidationInstance - Loading document from stream
18:13:32 INFO  ValidationInstance -   Detected declaration: xml.test (with converter)
18:13:32 INFO  ValidationInstance -   Detected expectation: 3) For Danish suppliers the following Payment means type codes are allowed: 1, 31, 42, 48, 49, 50, 58, 59, 93 and 97
18:13:32 INFO  ValidationInstance - Validating 'eu.peppol.postaward.v3.billing-c801e0b9-893b-41f6-b617-68d2896dcb4c.asice#sch/PEPPOL-EN16931-CII.sch' with Engine [PEPPOL BIS Billing 3.0]
18:13:32 INFO  SchematronXsltChecker - Running Schematron XSTL-based validation
18:13:32 INFO  ValidationInstance - Loading document from stream
18:13:32 INFO  ValidationInstance -   Detected declaration: xml.test (with converter)
18:13:32 INFO  ValidationInstance -   Detected expectation: 4) For Danish suppliers the following Payment means type codes are allowed: 1, 31, 42, 48, 49, 50, 58, 59, 93 and 97
18:13:32 INFO  ValidationInstance - Validating 'eu.peppol.postaward.v3.billing-c801e0b9-893b-41f6-b617-68d2896dcb4c.asice#sch/PEPPOL-EN16931-CII.sch' with Engine [PEPPOL BIS Billing 3.0]
18:13:32 INFO  SchematronXsltChecker - Running Schematron XSTL-based validation
18:13:32 INFO  ValidationInstance - Loading document from stream
18:13:32 INFO  ValidationInstance -   Detected declaration: xml.test (with converter)
18:13:32 INFO  ValidationInstance -   Detected expectation: 5) For Danish suppliers the following Payment means type codes are allowed: 1, 31, 42, 48, 49, 50, 58, 59, 93 and 97
18:13:32 INFO  ValidationInstance - Validating 'eu.peppol.postaward.v3.billing-c801e0b9-893b-41f6-b617-68d2896dcb4c.asice#sch/PEPPOL-EN16931-CII.sch' with Engine [PEPPOL BIS Billing 3.0]
18:13:32 INFO  SchematronXsltChecker - Running Schematron XSTL-based validation
18:13:32 INFO  ValidationInstance - Loading document from stream
18:13:32 INFO  ValidationInstance -   Detected declaration: xml.test (with converter)
18:13:32 INFO  ValidationInstance -   Detected expectation: 6) For Danish suppliers the following Payment means type codes are allowed: 1, 31, 42, 48, 49, 50, 58, 59, 93 and 97
18:13:32 INFO  ValidationInstance - Validating 'eu.peppol.postaward.v3.billing-c801e0b9-893b-41f6-b617-68d2896dcb4c.asice#sch/PEPPOL-EN16931-CII.sch' with Engine [PEPPOL BIS Billing 3.0]
18:13:32 INFO  SchematronXsltChecker - Running Schematron XSTL-based validation
18:13:32 INFO  ValidationInstance - Loading document from stream
18:13:32 INFO  ValidationInstance -   Detected declaration: xml.test (with converter)
18:13:32 INFO  ValidationInstance -   Detected expectation: 7) For Danish suppliers the following Payment means type codes are allowed: 1, 31, 42, 48, 49, 50, 58, 59, 93 and 97
18:13:32 INFO  ValidationInstance - Validating 'eu.peppol.postaward.v3.billing-c801e0b9-893b-41f6-b617-68d2896dcb4c.asice#sch/PEPPOL-EN16931-CII.sch' with Engine [PEPPOL BIS Billing 3.0]
18:13:32 INFO  SchematronXsltChecker - Running Schematron XSTL-based validation
18:13:32 INFO  Tester - TestSet '/src/rules/unit-CII-DK/DK_Validation_DKR005_CII.xml'
18:13:32 INFO  ValidationInstance - Loading document from stream
18:13:32 INFO  ValidationInstance -   Detected declaration: xml.testset (with children)
18:13:32 INFO  ValidationInstance - Loading document from stream
18:13:32 INFO  ValidationInstance -   Detected declaration: xml.test (with converter)
18:13:32 INFO  ValidationInstance -   Detected expectation: 1) For Danish suppliers bank account and registration account is mandatory if payment means is 31 or 42
18:13:32 INFO  ValidationInstance - Validating 'eu.peppol.postaward.v3.billing-c801e0b9-893b-41f6-b617-68d2896dcb4c.asice#sch/PEPPOL-EN16931-CII.sch' with Engine [PEPPOL BIS Billing 3.0]
18:13:32 INFO  SchematronXsltChecker - Running Schematron XSTL-based validation
18:13:32 INFO  ValidationInstance - Loading document from stream
18:13:32 INFO  ValidationInstance -   Detected declaration: xml.test (with converter)
18:13:32 INFO  ValidationInstance -   Detected expectation: 2) For Danish suppliers bank account and registration account is mandatory if payment means is 31 or 42
18:13:32 INFO  ValidationInstance - Validating 'eu.peppol.postaward.v3.billing-c801e0b9-893b-41f6-b617-68d2896dcb4c.asice#sch/PEPPOL-EN16931-CII.sch' with Engine [PEPPOL BIS Billing 3.0]
18:13:32 INFO  SchematronXsltChecker - Running Schematron XSTL-based validation
18:13:32 INFO  ValidationInstance - Loading document from stream
18:13:32 INFO  ValidationInstance -   Detected declaration: xml.test (with converter)
18:13:32 INFO  ValidationInstance -   Detected expectation: 3) For Danish suppliers bank account and registration account is mandatory if payment means is 31 or 42
18:13:32 INFO  ValidationInstance - Validating 'eu.peppol.postaward.v3.billing-c801e0b9-893b-41f6-b617-68d2896dcb4c.asice#sch/PEPPOL-EN16931-CII.sch' with Engine [PEPPOL BIS Billing 3.0]
18:13:32 INFO  SchematronXsltChecker - Running Schematron XSTL-based validation
18:13:32 INFO  ValidationInstance - Loading document from stream
18:13:32 INFO  ValidationInstance -   Detected declaration: xml.test (with converter)
18:13:32 INFO  ValidationInstance -   Detected expectation: 4) For Danish suppliers bank account and registration account is mandatory if payment means is 31 or 42
18:13:32 INFO  ValidationInstance - Validating 'eu.peppol.postaward.v3.billing-c801e0b9-893b-41f6-b617-68d2896dcb4c.asice#sch/PEPPOL-EN16931-CII.sch' with Engine [PEPPOL BIS Billing 3.0]
18:13:32 INFO  SchematronXsltChecker - Running Schematron XSTL-based validation
18:13:32 INFO  ValidationInstance - Loading document from stream
18:13:32 INFO  ValidationInstance -   Detected declaration: xml.test (with converter)
18:13:32 INFO  ValidationInstance -   Detected expectation: 5) For Danish suppliers bank account and registration account is mandatory if payment means is 31 or 42
18:13:32 INFO  ValidationInstance - Validating 'eu.peppol.postaward.v3.billing-c801e0b9-893b-41f6-b617-68d2896dcb4c.asice#sch/PEPPOL-EN16931-CII.sch' with Engine [PEPPOL BIS Billing 3.0]
18:13:32 INFO  SchematronXsltChecker - Running Schematron XSTL-based validation
18:13:32 INFO  ValidationInstance - Loading document from stream
18:13:32 INFO  ValidationInstance -   Detected declaration: xml.test (with converter)
18:13:32 INFO  ValidationInstance -   Detected expectation: 6) For Danish suppliers bank account and registration account is mandatory if payment means is 31 or 42
18:13:32 INFO  ValidationInstance - Validating 'eu.peppol.postaward.v3.billing-c801e0b9-893b-41f6-b617-68d2896dcb4c.asice#sch/PEPPOL-EN16931-CII.sch' with Engine [PEPPOL BIS Billing 3.0]
18:13:32 INFO  SchematronXsltChecker - Running Schematron XSTL-based validation
18:13:32 INFO  ValidationInstance - Loading document from stream
18:13:32 INFO  ValidationInstance -   Detected declaration: xml.test (with converter)
18:13:32 INFO  ValidationInstance -   Detected expectation: 7) For Danish suppliers bank account and registration account is mandatory if payment means is 31 or 42
18:13:32 INFO  ValidationInstance - Validating 'eu.peppol.postaward.v3.billing-c801e0b9-893b-41f6-b617-68d2896dcb4c.asice#sch/PEPPOL-EN16931-CII.sch' with Engine [PEPPOL BIS Billing 3.0]
18:13:32 INFO  SchematronXsltChecker - Running Schematron XSTL-based validation
18:13:32 INFO  ValidationInstance - Loading document from stream
18:13:32 INFO  ValidationInstance -   Detected declaration: xml.test (with converter)
18:13:32 INFO  ValidationInstance -   Detected expectation: 8) For Danish suppliers bank account and registration account is mandatory if payment means is 31 or 42
18:13:32 INFO  ValidationInstance - Validating 'eu.peppol.postaward.v3.billing-c801e0b9-893b-41f6-b617-68d2896dcb4c.asice#sch/PEPPOL-EN16931-CII.sch' with Engine [PEPPOL BIS Billing 3.0]
18:13:32 INFO  SchematronXsltChecker - Running Schematron XSTL-based validation
18:13:32 INFO  Tester - TestSet '/src/rules/unit-CII-DK/DK_Validation_DKR006_CII.xml'
18:13:32 INFO  ValidationInstance - Loading document from stream
18:13:32 INFO  ValidationInstance -   Detected declaration: xml.testset (with children)
18:13:33 INFO  ValidationInstance - Loading document from stream
18:13:33 INFO  ValidationInstance -   Detected declaration: xml.test (with converter)
18:13:33 INFO  ValidationInstance -   Detected expectation: 1) For Danish suppliers DirectDebitMandateID and CreditorReferenceID are mandatory when payment means is 49
18:13:33 INFO  ValidationInstance - Validating 'eu.peppol.postaward.v3.billing-c801e0b9-893b-41f6-b617-68d2896dcb4c.asice#sch/PEPPOL-EN16931-CII.sch' with Engine [PEPPOL BIS Billing 3.0]
18:13:33 INFO  SchematronXsltChecker - Running Schematron XSTL-based validation
18:13:33 INFO  ValidationInstance - Loading document from stream
18:13:33 INFO  ValidationInstance -   Detected declaration: xml.test (with converter)
18:13:33 INFO  ValidationInstance -   Detected expectation: 2) For Danish suppliers DirectDebitMandateID and CreditorReferenceID are mandatory when payment means is 49
18:13:33 INFO  ValidationInstance - Validating 'eu.peppol.postaward.v3.billing-c801e0b9-893b-41f6-b617-68d2896dcb4c.asice#sch/PEPPOL-EN16931-CII.sch' with Engine [PEPPOL BIS Billing 3.0]
18:13:33 INFO  SchematronXsltChecker - Running Schematron XSTL-based validation
18:13:33 INFO  ValidationInstance - Loading document from stream
18:13:33 INFO  ValidationInstance -   Detected declaration: xml.test (with converter)
18:13:33 INFO  ValidationInstance -   Detected expectation: 3) For Danish suppliers DirectDebitMandateID and CreditorReferenceID are mandatory when payment means is 49
18:13:33 INFO  ValidationInstance - Validating 'eu.peppol.postaward.v3.billing-c801e0b9-893b-41f6-b617-68d2896dcb4c.asice#sch/PEPPOL-EN16931-CII.sch' with Engine [PEPPOL BIS Billing 3.0]
18:13:33 INFO  SchematronXsltChecker - Running Schematron XSTL-based validation
18:13:33 INFO  ValidationInstance - Loading document from stream
18:13:33 INFO  ValidationInstance -   Detected declaration: xml.test (with converter)
18:13:33 INFO  ValidationInstance -   Detected expectation: 4) For Danish suppliers DirectDebitMandateID and CreditorReferenceID are mandatory when payment means is 49
18:13:33 INFO  ValidationInstance - Validating 'eu.peppol.postaward.v3.billing-c801e0b9-893b-41f6-b617-68d2896dcb4c.asice#sch/PEPPOL-EN16931-CII.sch' with Engine [PEPPOL BIS Billing 3.0]
18:13:33 INFO  SchematronXsltChecker - Running Schematron XSTL-based validation
18:13:33 INFO  ValidationInstance - Loading document from stream
18:13:33 INFO  ValidationInstance -   Detected declaration: xml.test (with converter)
18:13:33 INFO  ValidationInstance -   Detected expectation: 5) For Danish suppliers DirectDebitMandateID and CreditorReferenceID are mandatory when payment means is 49
18:13:33 INFO  ValidationInstance - Validating 'eu.peppol.postaward.v3.billing-c801e0b9-893b-41f6-b617-68d2896dcb4c.asice#sch/PEPPOL-EN16931-CII.sch' with Engine [PEPPOL BIS Billing 3.0]
18:13:33 INFO  SchematronXsltChecker - Running Schematron XSTL-based validation
18:13:33 INFO  ValidationInstance - Loading document from stream
18:13:33 INFO  ValidationInstance -   Detected declaration: xml.test (with converter)
18:13:33 INFO  ValidationInstance -   Detected expectation: 6) For Danish suppliers DirectDebitMandateID and CreditorReferenceID are mandatory when payment means is 49
18:13:33 INFO  ValidationInstance - Validating 'eu.peppol.postaward.v3.billing-c801e0b9-893b-41f6-b617-68d2896dcb4c.asice#sch/PEPPOL-EN16931-CII.sch' with Engine [PEPPOL BIS Billing 3.0]
18:13:33 INFO  SchematronXsltChecker - Running Schematron XSTL-based validation
18:13:33 INFO  ValidationInstance - Loading document from stream
18:13:33 INFO  ValidationInstance -   Detected declaration: xml.test (with converter)
18:13:33 INFO  ValidationInstance -   Detected expectation: 7) For Danish suppliers DirectDebitMandateID and CreditorReferenceID are mandatory when payment means is 49
18:13:33 INFO  ValidationInstance - Validating 'eu.peppol.postaward.v3.billing-c801e0b9-893b-41f6-b617-68d2896dcb4c.asice#sch/PEPPOL-EN16931-CII.sch' with Engine [PEPPOL BIS Billing 3.0]
18:13:33 INFO  SchematronXsltChecker - Running Schematron XSTL-based validation
18:13:33 INFO  ValidationInstance - Loading document from stream
18:13:33 INFO  ValidationInstance -   Detected declaration: xml.test (with converter)
18:13:33 INFO  ValidationInstance -   Detected expectation: 8) For Danish suppliers DirectDebitMandateID and CreditorReferenceID are mandatory when payment means is 49
18:13:33 INFO  ValidationInstance - Validating 'eu.peppol.postaward.v3.billing-c801e0b9-893b-41f6-b617-68d2896dcb4c.asice#sch/PEPPOL-EN16931-CII.sch' with Engine [PEPPOL BIS Billing 3.0]
18:13:33 INFO  SchematronXsltChecker - Running Schematron XSTL-based validation
18:13:33 INFO  ValidationInstance - Loading document from stream
18:13:33 INFO  ValidationInstance -   Detected declaration: xml.test (with converter)
18:13:33 INFO  ValidationInstance -   Detected expectation: 9) For Danish suppliers DirectDebitMandateID and CreditorReferenceID are mandatory when payment means is 49
18:13:33 INFO  ValidationInstance - Validating 'eu.peppol.postaward.v3.billing-c801e0b9-893b-41f6-b617-68d2896dcb4c.asice#sch/PEPPOL-EN16931-CII.sch' with Engine [PEPPOL BIS Billing 3.0]
18:13:33 INFO  SchematronXsltChecker - Running Schematron XSTL-based validation
18:13:33 INFO  Tester - TestSet '/src/rules/unit-CII-DK/DK_Validation_DKR007_CII.xml'
18:13:33 INFO  ValidationInstance - Loading document from stream
18:13:33 INFO  ValidationInstance -   Detected declaration: xml.testset (with children)
18:13:33 INFO  ValidationInstance - Loading document from stream
18:13:33 INFO  ValidationInstance -   Detected declaration: xml.test (with converter)
18:13:33 INFO  ValidationInstance -   Detected expectation: 1) For Danish Suppliers PaymentReference is mandatory and MUST start with 01#, 04# or 15# (kortartkode), and PayeePartyCreditorFinancialAccount/IBANID (Giro kontonummer) is mandatory and must be 7 characters long, when payment means equals 50 (Giro)
18:13:33 INFO  ValidationInstance - Validating 'eu.peppol.postaward.v3.billing-c801e0b9-893b-41f6-b617-68d2896dcb4c.asice#sch/PEPPOL-EN16931-CII.sch' with Engine [PEPPOL BIS Billing 3.0]
18:13:33 INFO  SchematronXsltChecker - Running Schematron XSTL-based validation
18:13:33 INFO  ValidationInstance - Loading document from stream
18:13:33 INFO  ValidationInstance -   Detected declaration: xml.test (with converter)
18:13:33 INFO  ValidationInstance -   Detected expectation: 2) For Danish Suppliers PaymentReference is mandatory and MUST start with 01#, 04# or 15# (kortartkode), and PayeePartyCreditorFinancialAccount/IBANID (Giro kontonummer) is mandatory and must be 7 characters long, when payment means equals 50 (Giro)
18:13:33 INFO  ValidationInstance - Validating 'eu.peppol.postaward.v3.billing-c801e0b9-893b-41f6-b617-68d2896dcb4c.asice#sch/PEPPOL-EN16931-CII.sch' with Engine [PEPPOL BIS Billing 3.0]
18:13:33 INFO  SchematronXsltChecker - Running Schematron XSTL-based validation
18:13:33 INFO  ValidationInstance - Loading document from stream
18:13:33 INFO  ValidationInstance -   Detected declaration: xml.test (with converter)
18:13:33 INFO  ValidationInstance -   Detected expectation: 3) For Danish Suppliers PaymentReference is mandatory and MUST start with 01#, 04# or 15# (kortartkode), and PayeePartyCreditorFinancialAccount/IBANID (Giro kontonummer) is mandatory and must be 7 characters long, when payment means equals 50 (Giro)
18:13:33 INFO  ValidationInstance - Validating 'eu.peppol.postaward.v3.billing-c801e0b9-893b-41f6-b617-68d2896dcb4c.asice#sch/PEPPOL-EN16931-CII.sch' with Engine [PEPPOL BIS Billing 3.0]
18:13:33 INFO  SchematronXsltChecker - Running Schematron XSTL-based validation
18:13:33 INFO  ValidationInstance - Loading document from stream
18:13:33 INFO  ValidationInstance -   Detected declaration: xml.test (with converter)
18:13:33 INFO  ValidationInstance -   Detected expectation: 4) For Danish Suppliers PaymentReference is mandatory and MUST start with 01#, 04# or 15# (kortartkode), and PayeePartyCreditorFinancialAccount/IBANID (Giro kontonummer) is mandatory and must be 7 characters long, when payment means equals 50 (Giro)
18:13:33 INFO  ValidationInstance - Validating 'eu.peppol.postaward.v3.billing-c801e0b9-893b-41f6-b617-68d2896dcb4c.asice#sch/PEPPOL-EN16931-CII.sch' with Engine [PEPPOL BIS Billing 3.0]
18:13:33 INFO  SchematronXsltChecker - Running Schematron XSTL-based validation
18:13:33 INFO  ValidationInstance - Loading document from stream
18:13:33 INFO  ValidationInstance -   Detected declaration: xml.test (with converter)
18:13:33 INFO  ValidationInstance -   Detected expectation: 5) For Danish Suppliers PaymentReference is mandatory and MUST start with 01#, 04# or 15# (kortartkode), and PayeePartyCreditorFinancialAccount/IBANID (Giro kontonummer) is mandatory and must be 7 characters long, when payment means equals 50 (Giro)
18:13:33 INFO  ValidationInstance - Validating 'eu.peppol.postaward.v3.billing-c801e0b9-893b-41f6-b617-68d2896dcb4c.asice#sch/PEPPOL-EN16931-CII.sch' with Engine [PEPPOL BIS Billing 3.0]
18:13:33 INFO  SchematronXsltChecker - Running Schematron XSTL-based validation
18:13:33 INFO  ValidationInstance - Loading document from stream
18:13:33 INFO  ValidationInstance -   Detected declaration: xml.test (with converter)
18:13:33 INFO  ValidationInstance -   Detected expectation: 6) For Danish Suppliers PaymentReference is mandatory and MUST start with 01#, 04# or 15# (kortartkode), and PayeePartyCreditorFinancialAccount/IBANID (Giro kontonummer) is mandatory and must be 7 characters long, when payment means equals 50 (Giro)
18:13:33 INFO  ValidationInstance - Validating 'eu.peppol.postaward.v3.billing-c801e0b9-893b-41f6-b617-68d2896dcb4c.asice#sch/PEPPOL-EN16931-CII.sch' with Engine [PEPPOL BIS Billing 3.0]
18:13:33 INFO  SchematronXsltChecker - Running Schematron XSTL-based validation
18:13:33 INFO  ValidationInstance - Loading document from stream
18:13:33 INFO  ValidationInstance -   Detected declaration: xml.test (with converter)
18:13:33 INFO  ValidationInstance -   Detected expectation: 7) For Danish Suppliers PaymentReference is mandatory and MUST start with 01#, 04# or 15# (kortartkode), and PayeePartyCreditorFinancialAccount/IBANID (Giro kontonummer) is mandatory and must be 7 characters long, when payment means equals 50 (Giro)
18:13:33 INFO  ValidationInstance - Validating 'eu.peppol.postaward.v3.billing-c801e0b9-893b-41f6-b617-68d2896dcb4c.asice#sch/PEPPOL-EN16931-CII.sch' with Engine [PEPPOL BIS Billing 3.0]
18:13:33 INFO  SchematronXsltChecker - Running Schematron XSTL-based validation
18:13:33 INFO  ValidationInstance - Loading document from stream
18:13:33 INFO  ValidationInstance -   Detected declaration: xml.test (with converter)
18:13:33 INFO  ValidationInstance -   Detected expectation: 8) For Danish Suppliers PaymentReference is mandatory and MUST start with 01#, 04# or 15# (kortartkode), and PayeePartyCreditorFinancialAccount/IBANID (Giro kontonummer) is mandatory and must be 7 characters long, when payment means equals 50 (Giro)
18:13:33 INFO  ValidationInstance - Validating 'eu.peppol.postaward.v3.billing-c801e0b9-893b-41f6-b617-68d2896dcb4c.asice#sch/PEPPOL-EN16931-CII.sch' with Engine [PEPPOL BIS Billing 3.0]
18:13:33 INFO  SchematronXsltChecker - Running Schematron XSTL-based validation
18:13:33 INFO  ValidationInstance - Loading document from stream
18:13:33 INFO  ValidationInstance -   Detected declaration: xml.test (with converter)
18:13:33 INFO  ValidationInstance -   Detected expectation: 9) For Danish Suppliers PaymentReference is mandatory and MUST start with 01#, 04# or 15# (kortartkode), and PayeePartyCreditorFinancialAccount/IBANID (Giro kontonummer) is mandatory and must be 7 characters long, when payment means equals 50 (Giro)
18:13:33 INFO  ValidationInstance - Validating 'eu.peppol.postaward.v3.billing-c801e0b9-893b-41f6-b617-68d2896dcb4c.asice#sch/PEPPOL-EN16931-CII.sch' with Engine [PEPPOL BIS Billing 3.0]
18:13:33 INFO  SchematronXsltChecker - Running Schematron XSTL-based validation
18:13:33 INFO  ValidationInstance - Loading document from stream
18:13:33 INFO  ValidationInstance -   Detected declaration: xml.test (with converter)
18:13:33 INFO  ValidationInstance -   Detected expectation: 10) For Danish Suppliers PaymentReference is mandatory and MUST start with 01#, 04# or 15# (kortartkode), and PayeePartyCreditorFinancialAccount/IBANID (Giro kontonummer) is mandatory and must be 7 characters long, when payment means equals 50 (Giro)
18:13:33 INFO  ValidationInstance - Validating 'eu.peppol.postaward.v3.billing-c801e0b9-893b-41f6-b617-68d2896dcb4c.asice#sch/PEPPOL-EN16931-CII.sch' with Engine [PEPPOL BIS Billing 3.0]
18:13:33 INFO  SchematronXsltChecker - Running Schematron XSTL-based validation
18:13:33 INFO  ValidationInstance - Loading document from stream
18:13:33 INFO  ValidationInstance -   Detected declaration: xml.test (with converter)
18:13:33 INFO  ValidationInstance -   Detected expectation: 11) For Danish Suppliers PaymentReference is mandatory and MUST start with 01#, 04# or 15# (kortartkode), and PayeePartyCreditorFinancialAccount/IBANID (Giro kontonummer) is mandatory and must be 7 characters long, when payment means equals 50 (Giro)
18:13:33 INFO  ValidationInstance - Validating 'eu.peppol.postaward.v3.billing-c801e0b9-893b-41f6-b617-68d2896dcb4c.asice#sch/PEPPOL-EN16931-CII.sch' with Engine [PEPPOL BIS Billing 3.0]
18:13:33 INFO  SchematronXsltChecker - Running Schematron XSTL-based validation
18:13:33 INFO  ValidationInstance - Loading document from stream
18:13:33 INFO  ValidationInstance -   Detected declaration: xml.test (with converter)
18:13:33 INFO  ValidationInstance -   Detected expectation: 12) For Danish Suppliers PaymentReference is mandatory and MUST start with 01#, 04# or 15# (kortartkode), and PayeePartyCreditorFinancialAccount/IBANID (Giro kontonummer) is mandatory and must be 7 characters long, when payment means equals 50 (Giro)
18:13:33 INFO  ValidationInstance - Validating 'eu.peppol.postaward.v3.billing-c801e0b9-893b-41f6-b617-68d2896dcb4c.asice#sch/PEPPOL-EN16931-CII.sch' with Engine [PEPPOL BIS Billing 3.0]
18:13:33 INFO  SchematronXsltChecker - Running Schematron XSTL-based validation
18:13:33 INFO  Tester - TestSet '/src/rules/unit-CII-DK/DK_Validation_DKR008_CII.xml'
18:13:33 INFO  ValidationInstance - Loading document from stream
18:13:33 INFO  ValidationInstance -   Detected declaration: xml.testset (with children)
18:13:33 INFO  ValidationInstance - Loading document from stream
18:13:33 INFO  ValidationInstance -   Detected declaration: xml.test (with converter)
18:13:33 INFO  ValidationInstance -   Detected expectation: 1) For Danish Suppliers if the PaymentReference is prefixed with 04# or 015# the 16 digits instruction Id must be added to the PaymentReference eg. "04#1234567890123456" when Payment means equals 50 (Giro)
18:13:33 INFO  ValidationInstance - Validating 'eu.peppol.postaward.v3.billing-c801e0b9-893b-41f6-b617-68d2896dcb4c.asice#sch/PEPPOL-EN16931-CII.sch' with Engine [PEPPOL BIS Billing 3.0]
18:13:33 INFO  SchematronXsltChecker - Running Schematron XSTL-based validation
18:13:33 INFO  ValidationInstance - Loading document from stream
18:13:33 INFO  ValidationInstance -   Detected declaration: xml.test (with converter)
18:13:33 INFO  ValidationInstance -   Detected expectation: 2) For Danish Suppliers if the PaymentReference is prefixed with 04# or 015# the 16 digits instruction Id must be added to the PaymentReference eg. "04#1234567890123456" when Payment means equals 50 (Giro)
18:13:33 INFO  ValidationInstance - Validating 'eu.peppol.postaward.v3.billing-c801e0b9-893b-41f6-b617-68d2896dcb4c.asice#sch/PEPPOL-EN16931-CII.sch' with Engine [PEPPOL BIS Billing 3.0]
18:13:33 INFO  SchematronXsltChecker - Running Schematron XSTL-based validation
18:13:33 INFO  ValidationInstance - Loading document from stream
18:13:33 INFO  ValidationInstance -   Detected declaration: xml.test (with converter)
18:13:33 INFO  ValidationInstance -   Detected expectation: 3) For Danish Suppliers if the PaymentReference is prefixed with 04# or 015# the 16 digits instruction Id must be added to the PaymentReference eg. "04#1234567890123456" when Payment means equals 50 (Giro)
18:13:33 INFO  ValidationInstance - Validating 'eu.peppol.postaward.v3.billing-c801e0b9-893b-41f6-b617-68d2896dcb4c.asice#sch/PEPPOL-EN16931-CII.sch' with Engine [PEPPOL BIS Billing 3.0]
18:13:33 INFO  SchematronXsltChecker - Running Schematron XSTL-based validation
18:13:34 INFO  ValidationInstance - Loading document from stream
18:13:34 INFO  ValidationInstance -   Detected declaration: xml.test (with converter)
18:13:34 INFO  ValidationInstance -   Detected expectation: 4) For Danish Suppliers if the PaymentReference is prefixed with 04# or 015# the 16 digits instruction Id must be added to the PaymentReference eg. "04#1234567890123456" when Payment means equals 50 (Giro)
18:13:34 INFO  ValidationInstance - Validating 'eu.peppol.postaward.v3.billing-c801e0b9-893b-41f6-b617-68d2896dcb4c.asice#sch/PEPPOL-EN16931-CII.sch' with Engine [PEPPOL BIS Billing 3.0]
18:13:34 INFO  SchematronXsltChecker - Running Schematron XSTL-based validation
18:13:34 INFO  ValidationInstance - Loading document from stream
18:13:34 INFO  ValidationInstance -   Detected declaration: xml.test (with converter)
18:13:34 INFO  ValidationInstance -   Detected expectation: 5) For Danish Suppliers if the PaymentReference is prefixed with 04# or 015# the 16 digits instruction Id must be added to the PaymentReference eg. "04#1234567890123456" when Payment means equals 50 (Giro)
18:13:34 INFO  ValidationInstance - Validating 'eu.peppol.postaward.v3.billing-c801e0b9-893b-41f6-b617-68d2896dcb4c.asice#sch/PEPPOL-EN16931-CII.sch' with Engine [PEPPOL BIS Billing 3.0]
18:13:34 INFO  SchematronXsltChecker - Running Schematron XSTL-based validation
18:13:34 INFO  ValidationInstance - Loading document from stream
18:13:34 INFO  ValidationInstance -   Detected declaration: xml.test (with converter)
18:13:34 INFO  ValidationInstance -   Detected expectation: 6) For Danish Suppliers if the PaymentReference is prefixed with 04# or 015# the 16 digits instruction Id must be added to the PaymentReference eg. "04#1234567890123456" when Payment means equals 50 (Giro)
18:13:34 INFO  ValidationInstance - Validating 'eu.peppol.postaward.v3.billing-c801e0b9-893b-41f6-b617-68d2896dcb4c.asice#sch/PEPPOL-EN16931-CII.sch' with Engine [PEPPOL BIS Billing 3.0]
18:13:34 INFO  SchematronXsltChecker - Running Schematron XSTL-based validation
18:13:34 INFO  ValidationInstance - Loading document from stream
18:13:34 INFO  ValidationInstance -   Detected declaration: xml.test (with converter)
18:13:34 INFO  ValidationInstance -   Detected expectation: 7) For Danish Suppliers if the PaymentReference is prefixed with 04# or 015# the 16 digits instruction Id must be added to the PaymentReference eg. "04#1234567890123456" when Payment means equals 50 (Giro)
18:13:34 INFO  ValidationInstance - Validating 'eu.peppol.postaward.v3.billing-c801e0b9-893b-41f6-b617-68d2896dcb4c.asice#sch/PEPPOL-EN16931-CII.sch' with Engine [PEPPOL BIS Billing 3.0]
18:13:34 INFO  SchematronXsltChecker - Running Schematron XSTL-based validation
18:13:34 INFO  ValidationInstance - Loading document from stream
18:13:34 INFO  ValidationInstance -   Detected declaration: xml.test (with converter)
18:13:34 INFO  ValidationInstance -   Detected expectation: 8) For Danish Suppliers if the PaymentReference is prefixed with 04# or 015# the 16 digits instruction Id must be added to the PaymentReference eg. "04#1234567890123456" when Payment means equals 50 (Giro)
18:13:34 INFO  ValidationInstance - Validating 'eu.peppol.postaward.v3.billing-c801e0b9-893b-41f6-b617-68d2896dcb4c.asice#sch/PEPPOL-EN16931-CII.sch' with Engine [PEPPOL BIS Billing 3.0]
18:13:34 INFO  SchematronXsltChecker - Running Schematron XSTL-based validation
18:13:34 INFO  ValidationInstance - Loading document from stream
18:13:34 INFO  ValidationInstance -   Detected declaration: xml.test (with converter)
18:13:34 INFO  ValidationInstance -   Detected expectation: 9) For Danish Suppliers if the PaymentReference is prefixed with 04# or 015# the 16 digits instruction Id must be added to the PaymentReference eg. "04#1234567890123456" when Payment means equals 50 (Giro)
18:13:34 INFO  ValidationInstance - Validating 'eu.peppol.postaward.v3.billing-c801e0b9-893b-41f6-b617-68d2896dcb4c.asice#sch/PEPPOL-EN16931-CII.sch' with Engine [PEPPOL BIS Billing 3.0]
18:13:34 INFO  SchematronXsltChecker - Running Schematron XSTL-based validation
18:13:34 INFO  ValidationInstance - Loading document from stream
18:13:34 INFO  ValidationInstance -   Detected declaration: xml.test (with converter)
18:13:34 INFO  ValidationInstance -   Detected expectation: 10) For Danish Suppliers if the PaymentReference is prefixed with 04# or 015# the 16 digits instruction Id must be added to the PaymentReference eg. "04#1234567890123456" when Payment means equals 50 (Giro)
18:13:34 INFO  ValidationInstance - Validating 'eu.peppol.postaward.v3.billing-c801e0b9-893b-41f6-b617-68d2896dcb4c.asice#sch/PEPPOL-EN16931-CII.sch' with Engine [PEPPOL BIS Billing 3.0]
18:13:34 INFO  SchematronXsltChecker - Running Schematron XSTL-based validation
18:13:34 INFO  ValidationInstance - Loading document from stream
18:13:34 INFO  ValidationInstance -   Detected declaration: xml.test (with converter)
18:13:34 INFO  ValidationInstance -   Detected expectation: 11) For Danish Suppliers if the PaymentReference is prefixed with 04# or 015# the 16 digits instruction Id must be added to the PaymentReference eg. "04#1234567890123456" when Payment means equals 50 (Giro)
18:13:34 INFO  ValidationInstance - Validating 'eu.peppol.postaward.v3.billing-c801e0b9-893b-41f6-b617-68d2896dcb4c.asice#sch/PEPPOL-EN16931-CII.sch' with Engine [PEPPOL BIS Billing 3.0]
18:13:34 INFO  SchematronXsltChecker - Running Schematron XSTL-based validation
18:13:34 INFO  Tester - TestSet '/src/rules/unit-CII-DK/DK_Validation_DKR009_CII.xml'
18:13:34 INFO  ValidationInstance - Loading document from stream
18:13:34 INFO  ValidationInstance -   Detected declaration: xml.testset (with children)
18:13:34 INFO  ValidationInstance - Loading document from stream
18:13:34 INFO  ValidationInstance -   Detected declaration: xml.test (with converter)
18:13:34 INFO  ValidationInstance -   Detected expectation: 1) For Danish Suppliers using PaymentMeansCode 93, PaymentID is mandatory. The first three characters of the PaymentID MUST be 71#, 73# or 75# (kortartskode), and PayeeFinancialAccount/ID MUST be exactly 8 characters long.
18:13:34 INFO  ValidationInstance - Validating 'eu.peppol.postaward.v3.billing-c801e0b9-893b-41f6-b617-68d2896dcb4c.asice#sch/PEPPOL-EN16931-CII.sch' with Engine [PEPPOL BIS Billing 3.0]
18:13:34 INFO  SchematronXsltChecker - Running Schematron XSTL-based validation
18:13:34 INFO  ValidationInstance - Loading document from stream
18:13:34 INFO  ValidationInstance -   Detected declaration: xml.test (with converter)
18:13:34 INFO  ValidationInstance -   Detected expectation: 2) For Danish Suppliers using PaymentMeansCode 93, PaymentID is mandatory. The first three characters of the PaymentID MUST be 71#, 73# or 75# (kortartskode), and PayeeFinancialAccount/ID MUST be exactly 8 characters long.
18:13:34 INFO  ValidationInstance - Validating 'eu.peppol.postaward.v3.billing-c801e0b9-893b-41f6-b617-68d2896dcb4c.asice#sch/PEPPOL-EN16931-CII.sch' with Engine [PEPPOL BIS Billing 3.0]
18:13:34 INFO  SchematronXsltChecker - Running Schematron XSTL-based validation
18:13:34 INFO  ValidationInstance - Loading document from stream
18:13:34 INFO  ValidationInstance -   Detected declaration: xml.test (with converter)
18:13:34 INFO  ValidationInstance -   Detected expectation: 3) For Danish Suppliers using PaymentMeansCode 93, PaymentID is mandatory. The first three characters of the PaymentID MUST be 71#, 73# or 75# (kortartskode), and PayeeFinancialAccount/ID MUST be exactly 8 characters long.
18:13:34 INFO  ValidationInstance - Validating 'eu.peppol.postaward.v3.billing-c801e0b9-893b-41f6-b617-68d2896dcb4c.asice#sch/PEPPOL-EN16931-CII.sch' with Engine [PEPPOL BIS Billing 3.0]
18:13:34 INFO  SchematronXsltChecker - Running Schematron XSTL-based validation
18:13:34 INFO  ValidationInstance - Loading document from stream
18:13:34 INFO  ValidationInstance -   Detected declaration: xml.test (with converter)
18:13:34 INFO  ValidationInstance -   Detected expectation: 4) For Danish Suppliers using PaymentMeansCode 93, PaymentID is mandatory. The first three characters of the PaymentID MUST be 71#, 73# or 75# (kortartskode), and PayeeFinancialAccount/ID MUST be exactly 8 characters long.
18:13:34 INFO  ValidationInstance - Validating 'eu.peppol.postaward.v3.billing-c801e0b9-893b-41f6-b617-68d2896dcb4c.asice#sch/PEPPOL-EN16931-CII.sch' with Engine [PEPPOL BIS Billing 3.0]
18:13:34 INFO  SchematronXsltChecker - Running Schematron XSTL-based validation
18:13:34 INFO  ValidationInstance - Loading document from stream
18:13:34 INFO  ValidationInstance -   Detected declaration: xml.test (with converter)
18:13:34 INFO  ValidationInstance -   Detected expectation: 5) For Danish Suppliers using PaymentMeansCode 93, PaymentID is mandatory. The first three characters of the PaymentID MUST be 71#, 73# or 75# (kortartskode), and PayeeFinancialAccount/ID MUST be exactly 8 characters long.
18:13:34 INFO  ValidationInstance - Validating 'eu.peppol.postaward.v3.billing-c801e0b9-893b-41f6-b617-68d2896dcb4c.asice#sch/PEPPOL-EN16931-CII.sch' with Engine [PEPPOL BIS Billing 3.0]
18:13:34 INFO  SchematronXsltChecker - Running Schematron XSTL-based validation
18:13:34 INFO  ValidationInstance - Loading document from stream
18:13:34 INFO  ValidationInstance -   Detected declaration: xml.test (with converter)
18:13:34 INFO  ValidationInstance -   Detected expectation: 6) For Danish Suppliers using PaymentMeansCode 93, PaymentID is mandatory. The first three characters of the PaymentID MUST be 71#, 73# or 75# (kortartskode), and PayeeFinancialAccount/ID MUST be exactly 8 characters long.
18:13:34 INFO  ValidationInstance - Validating 'eu.peppol.postaward.v3.billing-c801e0b9-893b-41f6-b617-68d2896dcb4c.asice#sch/PEPPOL-EN16931-CII.sch' with Engine [PEPPOL BIS Billing 3.0]
18:13:34 INFO  SchematronXsltChecker - Running Schematron XSTL-based validation
18:13:34 INFO  ValidationInstance - Loading document from stream
18:13:34 INFO  ValidationInstance -   Detected declaration: xml.test (with converter)
18:13:34 INFO  ValidationInstance -   Detected expectation: 7) For Danish Suppliers using PaymentMeansCode 93, PaymentID is mandatory. The first three characters of the PaymentID MUST be 71#, 73# or 75# (kortartskode), and PayeeFinancialAccount/ID MUST be exactly 8 characters long.
18:13:34 INFO  ValidationInstance - Validating 'eu.peppol.postaward.v3.billing-c801e0b9-893b-41f6-b617-68d2896dcb4c.asice#sch/PEPPOL-EN16931-CII.sch' with Engine [PEPPOL BIS Billing 3.0]
18:13:34 INFO  SchematronXsltChecker - Running Schematron XSTL-based validation
18:13:34 INFO  ValidationInstance - Loading document from stream
18:13:34 INFO  ValidationInstance -   Detected declaration: xml.test (with converter)
18:13:34 INFO  ValidationInstance -   Detected expectation: 8) For Danish Suppliers using PaymentMeansCode 93, PaymentID is mandatory. The first three characters of the PaymentID MUST be 71#, 73# or 75# (kortartskode), and PayeeFinancialAccount/ID MUST be exactly 8 characters long.
18:13:34 INFO  ValidationInstance - Validating 'eu.peppol.postaward.v3.billing-c801e0b9-893b-41f6-b617-68d2896dcb4c.asice#sch/PEPPOL-EN16931-CII.sch' with Engine [PEPPOL BIS Billing 3.0]
18:13:34 INFO  SchematronXsltChecker - Running Schematron XSTL-based validation
18:13:34 INFO  ValidationInstance - Loading document from stream
18:13:34 INFO  ValidationInstance -   Detected declaration: xml.test (with converter)
18:13:34 INFO  ValidationInstance -   Detected expectation: 9) For Danish Suppliers using PaymentMeansCode 93, PaymentID is mandatory. The first three characters of the PaymentID MUST be 71#, 73# or 75# (kortartskode), and PayeeFinancialAccount/ID MUST be exactly 8 characters long.
18:13:34 INFO  ValidationInstance - Validating 'eu.peppol.postaward.v3.billing-c801e0b9-893b-41f6-b617-68d2896dcb4c.asice#sch/PEPPOL-EN16931-CII.sch' with Engine [PEPPOL BIS Billing 3.0]
18:13:34 INFO  SchematronXsltChecker - Running Schematron XSTL-based validation
18:13:34 INFO  ValidationInstance - Loading document from stream
18:13:34 INFO  ValidationInstance -   Detected declaration: xml.test (with converter)
18:13:34 INFO  ValidationInstance -   Detected expectation: 10) For Danish Suppliers using PaymentMeansCode 93, PaymentID is mandatory. The first three characters of the PaymentID MUST be 71#, 73# or 75# (kortartskode), and PayeeFinancialAccount/ID MUST be exactly 8 characters long.
18:13:34 INFO  ValidationInstance - Validating 'eu.peppol.postaward.v3.billing-c801e0b9-893b-41f6-b617-68d2896dcb4c.asice#sch/PEPPOL-EN16931-CII.sch' with Engine [PEPPOL BIS Billing 3.0]
18:13:34 INFO  SchematronXsltChecker - Running Schematron XSTL-based validation
18:13:34 INFO  ValidationInstance - Loading document from stream
18:13:34 INFO  ValidationInstance -   Detected declaration: xml.test (with converter)
18:13:34 INFO  ValidationInstance -   Detected expectation: 11) For Danish Suppliers using PaymentMeansCode 93, PaymentID is mandatory. The first three characters of the PaymentID MUST be 71#, 73# or 75# (kortartskode), and PayeeFinancialAccount/ID MUST be exactly 8 characters long.
18:13:34 INFO  ValidationInstance - Validating 'eu.peppol.postaward.v3.billing-c801e0b9-893b-41f6-b617-68d2896dcb4c.asice#sch/PEPPOL-EN16931-CII.sch' with Engine [PEPPOL BIS Billing 3.0]
18:13:34 INFO  SchematronXsltChecker - Running Schematron XSTL-based validation
18:13:34 INFO  ValidationInstance - Loading document from stream
18:13:34 INFO  ValidationInstance -   Detected declaration: xml.test (with converter)
18:13:34 INFO  ValidationInstance -   Detected expectation: 12) For Danish Suppliers using PaymentMeansCode 93, PaymentID is mandatory. The first three characters of the PaymentID MUST be 71#, 73# or 75# (kortartskode), and PayeeFinancialAccount/ID MUST be exactly 8 characters long.
18:13:34 INFO  ValidationInstance - Validating 'eu.peppol.postaward.v3.billing-c801e0b9-893b-41f6-b617-68d2896dcb4c.asice#sch/PEPPOL-EN16931-CII.sch' with Engine [PEPPOL BIS Billing 3.0]
18:13:34 INFO  SchematronXsltChecker - Running Schematron XSTL-based validation
18:13:34 INFO  ValidationInstance - Loading document from stream
18:13:34 INFO  ValidationInstance -   Detected declaration: xml.test (with converter)
18:13:34 INFO  ValidationInstance -   Detected expectation: 13) For Danish Suppliers using PaymentMeansCode 93, PaymentID is mandatory. The first three characters of the PaymentID MUST be 71#, 73# or 75# (kortartskode), and PayeeFinancialAccount/ID MUST be exactly 8 characters long.
18:13:34 INFO  ValidationInstance - Validating 'eu.peppol.postaward.v3.billing-c801e0b9-893b-41f6-b617-68d2896dcb4c.asice#sch/PEPPOL-EN16931-CII.sch' with Engine [PEPPOL BIS Billing 3.0]
18:13:34 INFO  SchematronXsltChecker - Running Schematron XSTL-based validation
18:13:34 INFO  Tester - TestSet '/src/rules/unit-CII-DK/DK_Validation_DKR010_CII.xml'
18:13:34 INFO  ValidationInstance - Loading document from stream
18:13:34 INFO  ValidationInstance -   Detected declaration: xml.testset (with children)
18:13:34 INFO  ValidationInstance - Loading document from stream
18:13:34 INFO  ValidationInstance -   Detected declaration: xml.test (with converter)
18:13:34 INFO  ValidationInstance -   Detected expectation: 1) For Danish Suppliers if the PaymentReference is prefixed with 71# or 75# the 15-16 digits instruction Id must be added to the PaymentReference eg. "71#1234567890123456" when payment Method equals 93 (FIK)
18:13:34 INFO  ValidationInstance - Validating 'eu.peppol.postaward.v3.billing-c801e0b9-893b-41f6-b617-68d2896dcb4c.asice#sch/PEPPOL-EN16931-CII.sch' with Engine [PEPPOL BIS Billing 3.0]
18:13:34 INFO  SchematronXsltChecker - Running Schematron XSTL-based validation
18:13:34 INFO  ValidationInstance - Loading document from stream
18:13:34 INFO  ValidationInstance -   Detected declaration: xml.test (with converter)
18:13:34 INFO  ValidationInstance -   Detected expectation: 2) For Danish Suppliers if the PaymentReference is prefixed with 71# or 75# the 15-16 digits instruction Id must be added to the PaymentReference eg. "71#1234567890123456" when payment Method equals 93 (FIK)
18:13:34 INFO  ValidationInstance - Validating 'eu.peppol.postaward.v3.billing-c801e0b9-893b-41f6-b617-68d2896dcb4c.asice#sch/PEPPOL-EN16931-CII.sch' with Engine [PEPPOL BIS Billing 3.0]
18:13:34 INFO  SchematronXsltChecker - Running Schematron XSTL-based validation
18:13:34 INFO  ValidationInstance - Loading document from stream
18:13:34 INFO  ValidationInstance -   Detected declaration: xml.test (with converter)
18:13:34 INFO  ValidationInstance -   Detected expectation: 3) For Danish Suppliers if the PaymentReference is prefixed with 71# or 75# the 15-16 digits instruction Id must be added to the PaymentReference eg. "71#1234567890123456" when payment Method equals 93 (FIK)
18:13:35 INFO  ValidationInstance - Validating 'eu.peppol.postaward.v3.billing-c801e0b9-893b-41f6-b617-68d2896dcb4c.asice#sch/PEPPOL-EN16931-CII.sch' with Engine [PEPPOL BIS Billing 3.0]
18:13:35 INFO  SchematronXsltChecker - Running Schematron XSTL-based validation
18:13:35 INFO  ValidationInstance - Loading document from stream
18:13:35 INFO  ValidationInstance -   Detected declaration: xml.test (with converter)
18:13:35 INFO  ValidationInstance -   Detected expectation: 4) For Danish Suppliers if the PaymentReference is prefixed with 71# or 75# the 15-16 digits instruction Id must be added to the PaymentReference eg. "71#1234567890123456" when payment Method equals 93 (FIK)
18:13:35 INFO  ValidationInstance - Validating 'eu.peppol.postaward.v3.billing-c801e0b9-893b-41f6-b617-68d2896dcb4c.asice#sch/PEPPOL-EN16931-CII.sch' with Engine [PEPPOL BIS Billing 3.0]
18:13:35 INFO  SchematronXsltChecker - Running Schematron XSTL-based validation
18:13:35 INFO  ValidationInstance - Loading document from stream
18:13:35 INFO  ValidationInstance -   Detected declaration: xml.test (with converter)
18:13:35 INFO  ValidationInstance -   Detected expectation: 5) For Danish Suppliers if the PaymentReference is prefixed with 71# or 75# the 15-16 digits instruction Id must be added to the PaymentReference eg. "71#1234567890123456" when payment Method equals 93 (FIK)
18:13:35 INFO  ValidationInstance - Validating 'eu.peppol.postaward.v3.billing-c801e0b9-893b-41f6-b617-68d2896dcb4c.asice#sch/PEPPOL-EN16931-CII.sch' with Engine [PEPPOL BIS Billing 3.0]
18:13:35 INFO  SchematronXsltChecker - Running Schematron XSTL-based validation
18:13:35 INFO  ValidationInstance - Loading document from stream
18:13:35 INFO  ValidationInstance -   Detected declaration: xml.test (with converter)
18:13:35 INFO  ValidationInstance -   Detected expectation: 6) For Danish Suppliers if the PaymentReference is prefixed with 71# or 75# the 15-16 digits instruction Id must be added to the PaymentReference eg. "71#1234567890123456" when payment Method equals 93 (FIK)
18:13:35 INFO  ValidationInstance - Validating 'eu.peppol.postaward.v3.billing-c801e0b9-893b-41f6-b617-68d2896dcb4c.asice#sch/PEPPOL-EN16931-CII.sch' with Engine [PEPPOL BIS Billing 3.0]
18:13:35 INFO  SchematronXsltChecker - Running Schematron XSTL-based validation
18:13:35 INFO  ValidationInstance - Loading document from stream
18:13:35 INFO  ValidationInstance -   Detected declaration: xml.test (with converter)
18:13:35 INFO  ValidationInstance -   Detected expectation: 7) For Danish Suppliers if the PaymentReference is prefixed with 71# or 75# the 15-16 digits instruction Id must be added to the PaymentReference eg. "71#1234567890123456" when payment Method equals 93 (FIK)
18:13:35 INFO  ValidationInstance - Validating 'eu.peppol.postaward.v3.billing-c801e0b9-893b-41f6-b617-68d2896dcb4c.asice#sch/PEPPOL-EN16931-CII.sch' with Engine [PEPPOL BIS Billing 3.0]
18:13:35 INFO  SchematronXsltChecker - Running Schematron XSTL-based validation
18:13:35 INFO  ValidationInstance - Loading document from stream
18:13:35 INFO  ValidationInstance -   Detected declaration: xml.test (with converter)
18:13:35 INFO  ValidationInstance -   Detected expectation: 8) For Danish Suppliers if the PaymentReference is prefixed with 71# or 75# the 15-16 digits instruction Id must be added to the PaymentReference eg. "71#1234567890123456" when payment Method equals 93 (FIK)
18:13:35 INFO  ValidationInstance - Validating 'eu.peppol.postaward.v3.billing-c801e0b9-893b-41f6-b617-68d2896dcb4c.asice#sch/PEPPOL-EN16931-CII.sch' with Engine [PEPPOL BIS Billing 3.0]
18:13:35 INFO  SchematronXsltChecker - Running Schematron XSTL-based validation
18:13:35 INFO  ValidationInstance - Loading document from stream
18:13:35 INFO  ValidationInstance -   Detected declaration: xml.test (with converter)
18:13:35 INFO  ValidationInstance -   Detected expectation: 9) For Danish Suppliers if the PaymentReference is prefixed with 71# or 75# the 15-16 digits instruction Id must be added to the PaymentReference eg. "71#1234567890123456" when payment Method equals 93 (FIK)
18:13:35 INFO  ValidationInstance - Validating 'eu.peppol.postaward.v3.billing-c801e0b9-893b-41f6-b617-68d2896dcb4c.asice#sch/PEPPOL-EN16931-CII.sch' with Engine [PEPPOL BIS Billing 3.0]
18:13:35 INFO  SchematronXsltChecker - Running Schematron XSTL-based validation
18:13:35 INFO  ValidationInstance - Loading document from stream
18:13:35 INFO  ValidationInstance -   Detected declaration: xml.test (with converter)
18:13:35 INFO  ValidationInstance -   Detected expectation: 10) For Danish Suppliers if the PaymentReference is prefixed with 71# or 75# the 15-16 digits instruction Id must be added to the PaymentReference eg. "71#1234567890123456" when payment Method equals 93 (FIK)
18:13:35 INFO  ValidationInstance - Validating 'eu.peppol.postaward.v3.billing-c801e0b9-893b-41f6-b617-68d2896dcb4c.asice#sch/PEPPOL-EN16931-CII.sch' with Engine [PEPPOL BIS Billing 3.0]
18:13:35 INFO  SchematronXsltChecker - Running Schematron XSTL-based validation
18:13:35 INFO  ValidationInstance - Loading document from stream
18:13:35 INFO  ValidationInstance -   Detected declaration: xml.test (with converter)
18:13:35 INFO  ValidationInstance -   Detected expectation: 11) For Danish Suppliers if the PaymentReference is prefixed with 71# or 75# the 15-16 digits instruction Id must be added to the PaymentReference eg. "71#1234567890123456" when payment Method equals 93 (FIK)
18:13:35 INFO  ValidationInstance - Validating 'eu.peppol.postaward.v3.billing-c801e0b9-893b-41f6-b617-68d2896dcb4c.asice#sch/PEPPOL-EN16931-CII.sch' with Engine [PEPPOL BIS Billing 3.0]
18:13:35 INFO  SchematronXsltChecker - Running Schematron XSTL-based validation
18:13:35 INFO  Tester - TestSet '/src/rules/unit-CII-DK/DK_Validation_DKR011_CII.xml'
18:13:35 INFO  ValidationInstance - Loading document from stream
18:13:35 INFO  ValidationInstance -   Detected declaration: xml.testset (with children)
18:13:35 INFO  ValidationInstance - Loading document from stream
18:13:35 INFO  ValidationInstance -   Detected declaration: xml.test (with converter)
18:13:35 INFO  ValidationInstance -   Detected expectation: 1) For Danish Suppliers it is mandatory to use schemeID when GlobalID is used for SellerTradeParty or BuyerTradeParty
18:13:35 INFO  ValidationInstance - Validating 'eu.peppol.postaward.v3.billing-c801e0b9-893b-41f6-b617-68d2896dcb4c.asice#sch/PEPPOL-EN16931-CII.sch' with Engine [PEPPOL BIS Billing 3.0]
18:13:35 INFO  SchematronXsltChecker - Running Schematron XSTL-based validation
18:13:35 INFO  ValidationInstance - Loading document from stream
18:13:35 INFO  ValidationInstance -   Detected declaration: xml.test (with converter)
18:13:35 INFO  ValidationInstance -   Detected expectation: 2) For Danish Suppliers it is mandatory to use schemeID when GlobalID is used for SellerTradeParty or BuyerTradeParty
18:13:35 INFO  ValidationInstance - Validating 'eu.peppol.postaward.v3.billing-c801e0b9-893b-41f6-b617-68d2896dcb4c.asice#sch/PEPPOL-EN16931-CII.sch' with Engine [PEPPOL BIS Billing 3.0]
18:13:35 INFO  SchematronXsltChecker - Running Schematron XSTL-based validation
18:13:35 INFO  ValidationInstance - Loading document from stream
18:13:35 INFO  ValidationInstance -   Detected declaration: xml.test (with converter)
18:13:35 INFO  ValidationInstance -   Detected expectation: 3) For Danish Suppliers it is mandatory to use schemeID when GlobalID is used for SellerTradeParty or BuyerTradeParty
18:13:35 INFO  ValidationInstance - Validating 'eu.peppol.postaward.v3.billing-c801e0b9-893b-41f6-b617-68d2896dcb4c.asice#sch/PEPPOL-EN16931-CII.sch' with Engine [PEPPOL BIS Billing 3.0]
18:13:35 INFO  SchematronXsltChecker - Running Schematron XSTL-based validation
18:13:35 INFO  ValidationInstance - Loading document from stream
18:13:35 INFO  ValidationInstance -   Detected declaration: xml.test (with converter)
18:13:35 INFO  ValidationInstance -   Detected expectation: 4) For Danish Suppliers it is mandatory to use schemeID when GlobalID is used for SellerTradeParty or BuyerTradeParty
18:13:35 INFO  ValidationInstance - Validating 'eu.peppol.postaward.v3.billing-c801e0b9-893b-41f6-b617-68d2896dcb4c.asice#sch/PEPPOL-EN16931-CII.sch' with Engine [PEPPOL BIS Billing 3.0]
18:13:35 INFO  SchematronXsltChecker - Running Schematron XSTL-based validation
18:13:35 INFO  ValidationInstance - Loading document from stream
18:13:35 INFO  ValidationInstance -   Detected declaration: xml.test (with converter)
18:13:35 INFO  ValidationInstance -   Detected expectation: 5) For Danish Suppliers it is mandatory to use schemeID when GlobalID is used for SellerTradeParty or BuyerTradeParty
18:13:35 INFO  ValidationInstance - Validating 'eu.peppol.postaward.v3.billing-c801e0b9-893b-41f6-b617-68d2896dcb4c.asice#sch/PEPPOL-EN16931-CII.sch' with Engine [PEPPOL BIS Billing 3.0]
18:13:35 INFO  SchematronXsltChecker - Running Schematron XSTL-based validation
18:13:35 INFO  ValidationInstance - Loading document from stream
18:13:35 INFO  ValidationInstance -   Detected declaration: xml.test (with converter)
18:13:35 INFO  ValidationInstance -   Detected expectation: 6) For Danish Suppliers it is mandatory to use schemeID when GlobalID is used for SellerTradeParty or BuyerTradeParty
18:13:35 INFO  ValidationInstance - Validating 'eu.peppol.postaward.v3.billing-c801e0b9-893b-41f6-b617-68d2896dcb4c.asice#sch/PEPPOL-EN16931-CII.sch' with Engine [PEPPOL BIS Billing 3.0]
18:13:35 INFO  SchematronXsltChecker - Running Schematron XSTL-based validation
18:13:35 INFO  ValidationInstance - Loading document from stream
18:13:35 INFO  ValidationInstance -   Detected declaration: xml.test (with converter)
18:13:35 INFO  ValidationInstance -   Detected expectation: 7) For Danish Suppliers it is mandatory to use schemeID when GlobalID is used for SellerTradeParty or BuyerTradeParty
18:13:35 INFO  ValidationInstance - Validating 'eu.peppol.postaward.v3.billing-c801e0b9-893b-41f6-b617-68d2896dcb4c.asice#sch/PEPPOL-EN16931-CII.sch' with Engine [PEPPOL BIS Billing 3.0]
18:13:35 INFO  SchematronXsltChecker - Running Schematron XSTL-based validation
18:13:35 INFO  Tester - TestSet '/src/rules/unit-CII-DK/DK_Validation_DKR013_CII.xml'
18:13:35 INFO  ValidationInstance - Loading document from stream
18:13:35 INFO  ValidationInstance -   Detected declaration: xml.testset (with children)
18:13:35 INFO  ValidationInstance - Loading document from stream
18:13:35 INFO  ValidationInstance -   Detected declaration: xml.test (with converter)
18:13:35 INFO  ValidationInstance -   Detected expectation: 1) For Danish Suppliers it is mandatory to specify schemeID as "0184" when SpecifiedLegalOrganization is used for SellerTradeParty
18:13:35 INFO  ValidationInstance - Validating 'eu.peppol.postaward.v3.billing-c801e0b9-893b-41f6-b617-68d2896dcb4c.asice#sch/PEPPOL-EN16931-CII.sch' with Engine [PEPPOL BIS Billing 3.0]
18:13:35 INFO  SchematronXsltChecker - Running Schematron XSTL-based validation
18:13:35 INFO  ValidationInstance - Loading document from stream
18:13:35 INFO  ValidationInstance -   Detected declaration: xml.test (with converter)
18:13:35 INFO  ValidationInstance -   Detected expectation: 2) For Danish Suppliers it is mandatory to specify schemeID as "0184" when SpecifiedLegalOrganization is used for SellerTradeParty
18:13:35 INFO  ValidationInstance - Validating 'eu.peppol.postaward.v3.billing-c801e0b9-893b-41f6-b617-68d2896dcb4c.asice#sch/PEPPOL-EN16931-CII.sch' with Engine [PEPPOL BIS Billing 3.0]
18:13:35 INFO  SchematronXsltChecker - Running Schematron XSTL-based validation
18:13:35 INFO  ValidationInstance - Loading document from stream
18:13:35 INFO  ValidationInstance -   Detected declaration: xml.test (with converter)
18:13:35 INFO  ValidationInstance -   Detected expectation: 3) For Danish Suppliers it is mandatory to specify schemeID as "0184" when SpecifiedLegalOrganization is used for SellerTradeParty
18:13:35 INFO  ValidationInstance - Validating 'eu.peppol.postaward.v3.billing-c801e0b9-893b-41f6-b617-68d2896dcb4c.asice#sch/PEPPOL-EN16931-CII.sch' with Engine [PEPPOL BIS Billing 3.0]
18:13:35 INFO  SchematronXsltChecker - Running Schematron XSTL-based validation
18:13:35 INFO  ValidationInstance - Loading document from stream
18:13:35 INFO  ValidationInstance -   Detected declaration: xml.test (with converter)
18:13:35 INFO  ValidationInstance -   Detected expectation: 4) For Danish Suppliers it is mandatory to specify schemeID as "0184" when SpecifiedLegalOrganization is used for SellerTradeParty
18:13:35 INFO  ValidationInstance - Validating 'eu.peppol.postaward.v3.billing-c801e0b9-893b-41f6-b617-68d2896dcb4c.asice#sch/PEPPOL-EN16931-CII.sch' with Engine [PEPPOL BIS Billing 3.0]
18:13:35 INFO  SchematronXsltChecker - Running Schematron XSTL-based validation
18:13:35 INFO  ValidationInstance - Loading document from stream
18:13:35 INFO  ValidationInstance -   Detected declaration: xml.test (with converter)
18:13:35 INFO  ValidationInstance -   Detected expectation: 5) For Danish Suppliers it is mandatory to specify schemeID as "0184" when SpecifiedLegalOrganization is used for SellerTradeParty
18:13:35 INFO  ValidationInstance - Validating 'eu.peppol.postaward.v3.billing-c801e0b9-893b-41f6-b617-68d2896dcb4c.asice#sch/PEPPOL-EN16931-CII.sch' with Engine [PEPPOL BIS Billing 3.0]
18:13:35 INFO  SchematronXsltChecker - Running Schematron XSTL-based validation
18:13:35 INFO  ValidationInstance - Loading document from stream
18:13:35 INFO  ValidationInstance -   Detected declaration: xml.test (with converter)
18:13:35 INFO  ValidationInstance -   Detected expectation: 6) For Danish Suppliers it is mandatory to specify schemeID as "0184" when SpecifiedLegalOrganization is used for SellerTradeParty
18:13:35 INFO  ValidationInstance - Validating 'eu.peppol.postaward.v3.billing-c801e0b9-893b-41f6-b617-68d2896dcb4c.asice#sch/PEPPOL-EN16931-CII.sch' with Engine [PEPPOL BIS Billing 3.0]
18:13:35 INFO  SchematronXsltChecker - Running Schematron XSTL-based validation
18:13:35 INFO  ValidationInstance - Loading document from stream
18:13:35 INFO  ValidationInstance -   Detected declaration: xml.test (with converter)
18:13:35 INFO  ValidationInstance -   Detected expectation: 7) For Danish Suppliers it is mandatory to specify schemeID as "0184" when SpecifiedLegalOrganization is used for SellerTradeParty
18:13:35 INFO  ValidationInstance - Validating 'eu.peppol.postaward.v3.billing-c801e0b9-893b-41f6-b617-68d2896dcb4c.asice#sch/PEPPOL-EN16931-CII.sch' with Engine [PEPPOL BIS Billing 3.0]
18:13:35 INFO  SchematronXsltChecker - Running Schematron XSTL-based validation
18:13:35 INFO  ValidationInstance - Loading document from stream
18:13:35 INFO  ValidationInstance -   Detected declaration: xml.test (with converter)
18:13:35 INFO  ValidationInstance -   Detected expectation: 8) For Danish Suppliers it is mandatory to specify schemeID as "0184" when SpecifiedLegalOrganization is used for SellerTradeParty
18:13:35 INFO  ValidationInstance - Validating 'eu.peppol.postaward.v3.billing-c801e0b9-893b-41f6-b617-68d2896dcb4c.asice#sch/PEPPOL-EN16931-CII.sch' with Engine [PEPPOL BIS Billing 3.0]
18:13:35 INFO  SchematronXsltChecker - Running Schematron XSTL-based validation
18:13:35 INFO  ValidationInstance - Loading document from stream
18:13:35 INFO  ValidationInstance -   Detected declaration: xml.test (with converter)
18:13:35 INFO  ValidationInstance -   Detected expectation: 9) For Danish Suppliers it is mandatory to specify schemeID as "0184" when SpecifiedLegalOrganization is used for SellerTradeParty
18:13:35 INFO  ValidationInstance - Validating 'eu.peppol.postaward.v3.billing-c801e0b9-893b-41f6-b617-68d2896dcb4c.asice#sch/PEPPOL-EN16931-CII.sch' with Engine [PEPPOL BIS Billing 3.0]
18:13:35 INFO  SchematronXsltChecker - Running Schematron XSTL-based validation
18:13:35 INFO  ValidationInstance - Loading document from stream
18:13:35 INFO  ValidationInstance -   Detected declaration: xml.test (with converter)
18:13:35 INFO  ValidationInstance -   Detected expectation: 10) For Danish Suppliers it is mandatory to specify schemeID as "0184" when SpecifiedLegalOrganization is used for SellerTradeParty
18:13:35 INFO  ValidationInstance - Validating 'eu.peppol.postaward.v3.billing-c801e0b9-893b-41f6-b617-68d2896dcb4c.asice#sch/PEPPOL-EN16931-CII.sch' with Engine [PEPPOL BIS Billing 3.0]
18:13:35 INFO  SchematronXsltChecker - Running Schematron XSTL-based validation
18:13:36 INFO  ValidationInstance - Loading document from stream
18:13:36 INFO  ValidationInstance -   Detected declaration: xml.test (with converter)
18:13:36 INFO  ValidationInstance -   Detected expectation: 11) For Danish Suppliers it is mandatory to specify schemeID as "0184" when SpecifiedLegalOrganization is used for SellerTradeParty
18:13:36 INFO  ValidationInstance - Validating 'eu.peppol.postaward.v3.billing-c801e0b9-893b-41f6-b617-68d2896dcb4c.asice#sch/PEPPOL-EN16931-CII.sch' with Engine [PEPPOL BIS Billing 3.0]
18:13:36 INFO  SchematronXsltChecker - Running Schematron XSTL-based validation
18:13:36 INFO  Tester - TestSet '/src/rules/unit-CII-DK/DK_Validation_DKR014_CII.xml'
18:13:36 INFO  ValidationInstance - Loading document from stream
18:13:36 INFO  ValidationInstance -   Detected declaration: xml.testset (with children)
18:13:36 INFO  ValidationInstance - Loading document from stream
18:13:36 INFO  ValidationInstance -   Detected declaration: xml.test (with converter)
18:13:36 INFO  ValidationInstance -   Detected expectation: 1) For Danish Suppliers, a Credit note cannot have a negative total (DuePayableAmount)
18:13:36 INFO  ValidationInstance - Validating 'eu.peppol.postaward.v3.billing-c801e0b9-893b-41f6-b617-68d2896dcb4c.asice#sch/PEPPOL-EN16931-CII.sch' with Engine [PEPPOL BIS Billing 3.0]
18:13:36 INFO  SchematronXsltChecker - Running Schematron XSTL-based validation
18:13:36 INFO  ValidationInstance - Loading document from stream
18:13:36 INFO  ValidationInstance -   Detected declaration: xml.test (with converter)
18:13:36 INFO  ValidationInstance -   Detected expectation: 2) For Danish Suppliers, a Credit note cannot have a negative total (DuePayableAmount)
18:13:36 INFO  ValidationInstance - Validating 'eu.peppol.postaward.v3.billing-c801e0b9-893b-41f6-b617-68d2896dcb4c.asice#sch/PEPPOL-EN16931-CII.sch' with Engine [PEPPOL BIS Billing 3.0]
18:13:36 INFO  SchematronXsltChecker - Running Schematron XSTL-based validation
18:13:36 INFO  ValidationInstance - Loading document from stream
18:13:36 INFO  ValidationInstance -   Detected declaration: xml.test (with converter)
18:13:36 INFO  ValidationInstance -   Detected expectation: 3) For Danish Suppliers, a Credit note cannot have a negative total (DuePayableAmount)
18:13:36 INFO  ValidationInstance - Validating 'eu.peppol.postaward.v3.billing-c801e0b9-893b-41f6-b617-68d2896dcb4c.asice#sch/PEPPOL-EN16931-CII.sch' with Engine [PEPPOL BIS Billing 3.0]
18:13:36 INFO  SchematronXsltChecker - Running Schematron XSTL-based validation
18:13:36 INFO  ValidationInstance - Loading document from stream
18:13:36 INFO  ValidationInstance -   Detected declaration: xml.test (with converter)
18:13:36 INFO  ValidationInstance -   Detected expectation: 4) For Danish Suppliers, a Credit note cannot have a negative total (DuePayableAmount)
18:13:36 INFO  ValidationInstance - Validating 'eu.peppol.postaward.v3.billing-c801e0b9-893b-41f6-b617-68d2896dcb4c.asice#sch/PEPPOL-EN16931-CII.sch' with Engine [PEPPOL BIS Billing 3.0]
18:13:36 INFO  SchematronXsltChecker - Running Schematron XSTL-based validation
18:13:36 INFO  ValidationInstance - Loading document from stream
18:13:36 INFO  ValidationInstance -   Detected declaration: xml.test (with converter)
18:13:36 INFO  ValidationInstance -   Detected expectation: 5) For Danish Suppliers, a Credit note cannot have a negative total (DuePayableAmount)
18:13:36 INFO  ValidationInstance - Validating 'eu.peppol.postaward.v3.billing-c801e0b9-893b-41f6-b617-68d2896dcb4c.asice#sch/PEPPOL-EN16931-CII.sch' with Engine [PEPPOL BIS Billing 3.0]
18:13:36 INFO  SchematronXsltChecker - Running Schematron XSTL-based validation
18:13:36 INFO  ValidationInstance - Loading document from stream
18:13:36 INFO  ValidationInstance -   Detected declaration: xml.test (with converter)
18:13:36 INFO  ValidationInstance -   Detected expectation: 6) For Danish Suppliers, a Credit note cannot have a negative total (DuePayableAmount)
18:13:36 INFO  ValidationInstance - Validating 'eu.peppol.postaward.v3.billing-c801e0b9-893b-41f6-b617-68d2896dcb4c.asice#sch/PEPPOL-EN16931-CII.sch' with Engine [PEPPOL BIS Billing 3.0]
18:13:36 INFO  SchematronXsltChecker - Running Schematron XSTL-based validation
18:13:36 INFO  ValidationInstance - Loading document from stream
18:13:36 INFO  ValidationInstance -   Detected declaration: xml.test (with converter)
18:13:36 INFO  ValidationInstance -   Detected expectation: 7) For Danish Suppliers, a Credit note cannot have a negative total (DuePayableAmount)
18:13:36 INFO  ValidationInstance - Validating 'eu.peppol.postaward.v3.billing-c801e0b9-893b-41f6-b617-68d2896dcb4c.asice#sch/PEPPOL-EN16931-CII.sch' with Engine [PEPPOL BIS Billing 3.0]
18:13:36 INFO  SchematronXsltChecker - Running Schematron XSTL-based validation
18:13:36 INFO  Tester - TestSet '/src/rules/unit-CII-DK/DK_Validation_DKR016_CII.xml'
18:13:36 INFO  ValidationInstance - Loading document from stream
18:13:36 INFO  ValidationInstance -   Detected declaration: xml.testset (with children)
18:13:36 INFO  ValidationInstance - Loading document from stream
18:13:36 INFO  ValidationInstance -   Detected declaration: xml.test (with converter)
18:13:36 INFO  ValidationInstance -   Detected expectation: 1) Swedish VAT-numbers must consist of 14 characters.
18:13:36 INFO  ValidationInstance - Validating 'eu.peppol.postaward.v3.billing-c801e0b9-893b-41f6-b617-68d2896dcb4c.asice#sch/PEPPOL-EN16931-CII.sch' with Engine [PEPPOL BIS Billing 3.0]
18:13:36 INFO  SchematronXsltChecker - Running Schematron XSTL-based validation
18:13:36 INFO  ValidationInstance - Loading document from stream
18:13:36 INFO  ValidationInstance -   Detected declaration: xml.test (with converter)
18:13:36 INFO  ValidationInstance -   Detected expectation: 2) Swedish VAT-numbers must consist of 14 characters.
18:13:36 INFO  ValidationInstance - Validating 'eu.peppol.postaward.v3.billing-c801e0b9-893b-41f6-b617-68d2896dcb4c.asice#sch/PEPPOL-EN16931-CII.sch' with Engine [PEPPOL BIS Billing 3.0]
18:13:36 INFO  SchematronXsltChecker - Running Schematron XSTL-based validation
18:13:36 INFO  Tester - TestSet '/src/rules/unit-CII-SE/CII-IN_SE-R-001.xml'
18:13:36 INFO  ValidationInstance - Loading document from stream
18:13:36 INFO  ValidationInstance -   Detected declaration: xml.testset (with children)
18:13:36 INFO  ValidationInstance - Loading document from stream
18:13:36 INFO  ValidationInstance -   Detected declaration: xml.test (with converter)
18:13:36 INFO  ValidationInstance -   Detected expectation: 1) Swedish VAT-numbers must have the trailing 12 characters in numeric form
18:13:36 INFO  ValidationInstance - Validating 'eu.peppol.postaward.v3.billing-c801e0b9-893b-41f6-b617-68d2896dcb4c.asice#sch/PEPPOL-EN16931-CII.sch' with Engine [PEPPOL BIS Billing 3.0]
18:13:36 INFO  SchematronXsltChecker - Running Schematron XSTL-based validation
18:13:36 INFO  ValidationInstance - Loading document from stream
18:13:36 INFO  ValidationInstance -   Detected declaration: xml.test (with converter)
18:13:36 INFO  ValidationInstance -   Detected expectation: 2) Swedish VAT-numbers must have the trailing 12 characters in numeric form
18:13:36 INFO  ValidationInstance - Validating 'eu.peppol.postaward.v3.billing-c801e0b9-893b-41f6-b617-68d2896dcb4c.asice#sch/PEPPOL-EN16931-CII.sch' with Engine [PEPPOL BIS Billing 3.0]
18:13:36 INFO  SchematronXsltChecker - Running Schematron XSTL-based validation
18:13:36 INFO  Tester - TestSet '/src/rules/unit-CII-SE/CII-IN_SE-R-002.xml'
18:13:36 INFO  ValidationInstance - Loading document from stream
18:13:36 INFO  ValidationInstance -   Detected declaration: xml.testset (with children)
18:13:36 INFO  ValidationInstance - Loading document from stream
18:13:36 INFO  ValidationInstance -   Detected declaration: xml.test (with converter)
18:13:36 INFO  ValidationInstance -   Detected expectation: 1) Swedish organisation numbers should be numeric.
18:13:36 INFO  ValidationInstance - Validating 'eu.peppol.postaward.v3.billing-c801e0b9-893b-41f6-b617-68d2896dcb4c.asice#sch/PEPPOL-EN16931-CII.sch' with Engine [PEPPOL BIS Billing 3.0]
18:13:36 INFO  SchematronXsltChecker - Running Schematron XSTL-based validation
18:13:36 INFO  ValidationInstance - Loading document from stream
18:13:36 INFO  ValidationInstance -   Detected declaration: xml.test (with converter)
18:13:36 INFO  ValidationInstance -   Detected expectation: 2) Swedish organisation numbers should be numeric.
18:13:36 INFO  ValidationInstance - Validating 'eu.peppol.postaward.v3.billing-c801e0b9-893b-41f6-b617-68d2896dcb4c.asice#sch/PEPPOL-EN16931-CII.sch' with Engine [PEPPOL BIS Billing 3.0]
18:13:36 INFO  SchematronXsltChecker - Running Schematron XSTL-based validation
18:13:36 INFO  Tester - TestSet '/src/rules/unit-CII-SE/CII-IN_SE-R-003.xml'
18:13:36 INFO  ValidationInstance - Loading document from stream
18:13:36 INFO  ValidationInstance -   Detected declaration: xml.testset (with children)
18:13:36 INFO  ValidationInstance - Loading document from stream
18:13:36 INFO  ValidationInstance -   Detected declaration: xml.test (with converter)
18:13:36 INFO  ValidationInstance -   Detected expectation: 1) Swedish organisation numbers consist of 10 characters.
18:13:36 INFO  ValidationInstance - Validating 'eu.peppol.postaward.v3.billing-c801e0b9-893b-41f6-b617-68d2896dcb4c.asice#sch/PEPPOL-EN16931-CII.sch' with Engine [PEPPOL BIS Billing 3.0]
18:13:36 INFO  SchematronXsltChecker - Running Schematron XSTL-based validation
18:13:36 INFO  ValidationInstance - Loading document from stream
18:13:36 INFO  ValidationInstance -   Detected declaration: xml.test (with converter)
18:13:36 INFO  ValidationInstance -   Detected expectation: 2) Swedish organisation numbers consist of 10 characters.
18:13:36 INFO  ValidationInstance - Validating 'eu.peppol.postaward.v3.billing-c801e0b9-893b-41f6-b617-68d2896dcb4c.asice#sch/PEPPOL-EN16931-CII.sch' with Engine [PEPPOL BIS Billing 3.0]
18:13:36 INFO  SchematronXsltChecker - Running Schematron XSTL-based validation
18:13:36 INFO  Tester - TestSet '/src/rules/unit-CII-SE/CII-IN_SE-R-004.xml'
18:13:36 INFO  ValidationInstance - Loading document from stream
18:13:36 INFO  ValidationInstance -   Detected declaration: xml.testset (with children)
18:13:36 INFO  ValidationInstance - Loading document from stream
18:13:36 INFO  ValidationInstance -   Detected declaration: xml.test (with converter)
18:13:36 INFO  ValidationInstance -   Detected expectation: 1) For Swedish suppliers, when using Seller tax registration identifier, 'Godkänd för F-skatt' must be stated
18:13:36 INFO  ValidationInstance - Validating 'eu.peppol.postaward.v3.billing-c801e0b9-893b-41f6-b617-68d2896dcb4c.asice#sch/PEPPOL-EN16931-CII.sch' with Engine [PEPPOL BIS Billing 3.0]
18:13:36 INFO  SchematronXsltChecker - Running Schematron XSTL-based validation
18:13:36 INFO  ValidationInstance - Loading document from stream
18:13:36 INFO  ValidationInstance -   Detected declaration: xml.test (with converter)
18:13:36 INFO  ValidationInstance -   Detected expectation: 2) For Swedish suppliers, when using Seller tax registration identifier, 'Godkänd för F-skatt' must be stated
18:13:36 INFO  ValidationInstance - Validating 'eu.peppol.postaward.v3.billing-c801e0b9-893b-41f6-b617-68d2896dcb4c.asice#sch/PEPPOL-EN16931-CII.sch' with Engine [PEPPOL BIS Billing 3.0]
18:13:36 INFO  SchematronXsltChecker - Running Schematron XSTL-based validation
18:13:36 INFO  Tester - TestSet '/src/rules/unit-CII-SE/CII-IN_SE-R-005.xml'
18:13:36 INFO  ValidationInstance - Loading document from stream
18:13:36 INFO  ValidationInstance -   Detected declaration: xml.testset (with children)
18:13:36 INFO  ValidationInstance - Loading document from stream
18:13:36 INFO  ValidationInstance -   Detected declaration: xml.test (with converter)
18:13:36 INFO  ValidationInstance -   Detected expectation: 1) For Swedish suppliers, only standard VAT rate of 6, 12 or 25 are used
18:13:36 INFO  ValidationInstance - Validating 'eu.peppol.postaward.v3.billing-c801e0b9-893b-41f6-b617-68d2896dcb4c.asice#sch/PEPPOL-EN16931-CII.sch' with Engine [PEPPOL BIS Billing 3.0]
18:13:36 INFO  SchematronXsltChecker - Running Schematron XSTL-based validation
18:13:36 INFO  ValidationInstance - Loading document from stream
18:13:36 INFO  ValidationInstance -   Detected declaration: xml.test (with converter)
18:13:36 INFO  ValidationInstance -   Detected expectation: 2) For Swedish suppliers, only standard VAT rate of 6, 12 or 25 are used
18:13:36 INFO  ValidationInstance - Validating 'eu.peppol.postaward.v3.billing-c801e0b9-893b-41f6-b617-68d2896dcb4c.asice#sch/PEPPOL-EN16931-CII.sch' with Engine [PEPPOL BIS Billing 3.0]
18:13:36 INFO  SchematronXsltChecker - Running Schematron XSTL-based validation
18:13:36 INFO  Tester - TestSet '/src/rules/unit-CII-SE/CII-IN_SE-R-006.xml'
18:13:36 INFO  ValidationInstance - Loading document from stream
18:13:36 INFO  ValidationInstance -   Detected declaration: xml.testset (with children)
18:13:37 INFO  ValidationInstance - Loading document from stream
18:13:37 INFO  ValidationInstance -   Detected declaration: xml.test (with converter)
18:13:37 INFO  ValidationInstance -   Detected expectation: 1) For Swedish suppliers using Plusgiro, the Account ID must be numeric
18:13:37 INFO  ValidationInstance - Validating 'eu.peppol.postaward.v3.billing-c801e0b9-893b-41f6-b617-68d2896dcb4c.asice#sch/PEPPOL-EN16931-CII.sch' with Engine [PEPPOL BIS Billing 3.0]
18:13:37 INFO  SchematronXsltChecker - Running Schematron XSTL-based validation
18:13:37 INFO  ValidationInstance - Loading document from stream
18:13:37 INFO  ValidationInstance -   Detected declaration: xml.test (with converter)
18:13:37 INFO  ValidationInstance -   Detected expectation: 2) For Swedish suppliers using Plusgiro, the Account ID must be numeric
18:13:37 INFO  ValidationInstance - Validating 'eu.peppol.postaward.v3.billing-c801e0b9-893b-41f6-b617-68d2896dcb4c.asice#sch/PEPPOL-EN16931-CII.sch' with Engine [PEPPOL BIS Billing 3.0]
18:13:37 INFO  SchematronXsltChecker - Running Schematron XSTL-based validation
18:13:37 INFO  Tester - TestSet '/src/rules/unit-CII-SE/CII-IN_SE-R-007.xml'
18:13:37 INFO  ValidationInstance - Loading document from stream
18:13:37 INFO  ValidationInstance -   Detected declaration: xml.testset (with children)
18:13:37 INFO  ValidationInstance - Loading document from stream
18:13:37 INFO  ValidationInstance -   Detected declaration: xml.test (with converter)
18:13:37 INFO  ValidationInstance -   Detected expectation: 1) For Swedish suppliers using Bankgiro, the Account ID must be numeric
18:13:37 INFO  ValidationInstance - Validating 'eu.peppol.postaward.v3.billing-c801e0b9-893b-41f6-b617-68d2896dcb4c.asice#sch/PEPPOL-EN16931-CII.sch' with Engine [PEPPOL BIS Billing 3.0]
18:13:37 INFO  SchematronXsltChecker - Running Schematron XSTL-based validation
18:13:37 INFO  ValidationInstance - Loading document from stream
18:13:37 INFO  ValidationInstance -   Detected declaration: xml.test (with converter)
18:13:37 INFO  ValidationInstance -   Detected expectation: 2) For Swedish suppliers using Bankgiro, the Account ID must be numeric
18:13:37 INFO  ValidationInstance - Validating 'eu.peppol.postaward.v3.billing-c801e0b9-893b-41f6-b617-68d2896dcb4c.asice#sch/PEPPOL-EN16931-CII.sch' with Engine [PEPPOL BIS Billing 3.0]
18:13:37 INFO  SchematronXsltChecker - Running Schematron XSTL-based validation
18:13:37 INFO  Tester - TestSet '/src/rules/unit-CII-SE/CII-IN_SE-R-008.xml'
18:13:37 INFO  ValidationInstance - Loading document from stream
18:13:37 INFO  ValidationInstance -   Detected declaration: xml.testset (with children)
18:13:37 INFO  ValidationInstance - Loading document from stream
18:13:37 INFO  ValidationInstance -   Detected declaration: xml.test (with converter)
18:13:37 INFO  ValidationInstance -   Detected expectation: 1) For Swedish suppliers using Bankgiro, the Account ID must have 7-8 characters
18:13:37 INFO  ValidationInstance - Validating 'eu.peppol.postaward.v3.billing-c801e0b9-893b-41f6-b617-68d2896dcb4c.asice#sch/PEPPOL-EN16931-CII.sch' with Engine [PEPPOL BIS Billing 3.0]
18:13:37 INFO  SchematronXsltChecker - Running Schematron XSTL-based validation
18:13:37 INFO  ValidationInstance - Loading document from stream
18:13:37 INFO  ValidationInstance -   Detected declaration: xml.test (with converter)
18:13:37 INFO  ValidationInstance -   Detected expectation: 2) For Swedish suppliers using Bankgiro, the Account ID must have 7-8 characters
18:13:37 INFO  ValidationInstance - Validating 'eu.peppol.postaward.v3.billing-c801e0b9-893b-41f6-b617-68d2896dcb4c.asice#sch/PEPPOL-EN16931-CII.sch' with Engine [PEPPOL BIS Billing 3.0]
18:13:37 INFO  SchematronXsltChecker - Running Schematron XSTL-based validation
18:13:37 INFO  Tester - TestSet '/src/rules/unit-CII-SE/CII-IN_SE-R-009.xml'
18:13:37 INFO  ValidationInstance - Loading document from stream
18:13:37 INFO  ValidationInstance -   Detected declaration: xml.testset (with children)
18:13:37 INFO  ValidationInstance - Loading document from stream
18:13:37 INFO  ValidationInstance -   Detected declaration: xml.test (with converter)
18:13:37 INFO  ValidationInstance -   Detected expectation: 1) For Swedish suppliers using Plusgiro, the Account ID must have 2-8 characteres
18:13:37 INFO  ValidationInstance - Validating 'eu.peppol.postaward.v3.billing-c801e0b9-893b-41f6-b617-68d2896dcb4c.asice#sch/PEPPOL-EN16931-CII.sch' with Engine [PEPPOL BIS Billing 3.0]
18:13:37 INFO  SchematronXsltChecker - Running Schematron XSTL-based validation
18:13:37 INFO  ValidationInstance - Loading document from stream
18:13:37 INFO  ValidationInstance -   Detected declaration: xml.test (with converter)
18:13:37 INFO  ValidationInstance -   Detected expectation: 2) For Swedish suppliers using Plusgiro, the Account ID must have 2-8 characteres
18:13:37 INFO  ValidationInstance - Validating 'eu.peppol.postaward.v3.billing-c801e0b9-893b-41f6-b617-68d2896dcb4c.asice#sch/PEPPOL-EN16931-CII.sch' with Engine [PEPPOL BIS Billing 3.0]
18:13:37 INFO  SchematronXsltChecker - Running Schematron XSTL-based validation
18:13:37 INFO  Tester - TestSet '/src/rules/unit-CII-SE/CII-IN_SE-R-010.xml'
18:13:37 INFO  ValidationInstance - Loading document from stream
18:13:37 INFO  ValidationInstance -   Detected declaration: xml.testset (with children)
18:13:37 INFO  ValidationInstance - Loading document from stream
18:13:37 INFO  ValidationInstance -   Detected declaration: xml.test (with converter)
18:13:37 INFO  ValidationInstance -   Detected expectation: 1) SE with code SE:BANKGIRO or SE:PLUSGIRO
18:13:37 INFO  ValidationInstance - Validating 'eu.peppol.postaward.v3.billing-c801e0b9-893b-41f6-b617-68d2896dcb4c.asice#sch/PEPPOL-EN16931-CII.sch' with Engine [PEPPOL BIS Billing 3.0]
18:13:37 INFO  SchematronXsltChecker - Running Schematron XSTL-based validation
18:13:37 INFO  ValidationInstance - Loading document from stream
18:13:37 INFO  ValidationInstance -   Detected declaration: xml.test (with converter)
18:13:37 INFO  ValidationInstance -   Detected expectation: 2) SE with code SE:BANKGIRO or SE:PLUSGIRO
18:13:37 INFO  ValidationInstance - Validating 'eu.peppol.postaward.v3.billing-c801e0b9-893b-41f6-b617-68d2896dcb4c.asice#sch/PEPPOL-EN16931-CII.sch' with Engine [PEPPOL BIS Billing 3.0]
18:13:37 INFO  SchematronXsltChecker - Running Schematron XSTL-based validation
18:13:37 INFO  Tester - TestSet '/src/rules/unit-CII-SE/CII-IN_SE-R-011.xml'
18:13:37 INFO  ValidationInstance - Loading document from stream
18:13:37 INFO  ValidationInstance -   Detected declaration: xml.testset (with children)
18:13:37 INFO  ValidationInstance - Loading document from stream
18:13:37 INFO  ValidationInstance -   Detected declaration: xml.test (with converter)
18:13:37 INFO  ValidationInstance -   Detected expectation: 1) SE with payment code 31
18:13:37 INFO  ValidationInstance - Validating 'eu.peppol.postaward.v3.billing-c801e0b9-893b-41f6-b617-68d2896dcb4c.asice#sch/PEPPOL-EN16931-CII.sch' with Engine [PEPPOL BIS Billing 3.0]
18:13:37 INFO  SchematronXsltChecker - Running Schematron XSTL-based validation
18:13:37 INFO  ValidationInstance - Loading document from stream
18:13:37 INFO  ValidationInstance -   Detected declaration: xml.test (with converter)
18:13:37 INFO  ValidationInstance -   Detected expectation: 2) SE with payment code 31
18:13:37 INFO  ValidationInstance - Validating 'eu.peppol.postaward.v3.billing-c801e0b9-893b-41f6-b617-68d2896dcb4c.asice#sch/PEPPOL-EN16931-CII.sch' with Engine [PEPPOL BIS Billing 3.0]
18:13:37 INFO  SchematronXsltChecker - Running Schematron XSTL-based validation
18:13:37 INFO  Tester - TestSet '/src/rules/unit-CII-SE/CII-IN_SE-R-012.xml'
18:13:37 INFO  ValidationInstance - Loading document from stream
18:13:37 INFO  ValidationInstance -   Detected declaration: xml.testset (with children)
18:13:37 INFO  ValidationInstance - Loading document from stream
18:13:37 INFO  ValidationInstance -   Detected declaration: xml.test (with converter)
18:13:37 INFO  ValidationInstance -   Detected expectation: 1) The last digit of a Swedish organization number must be valid according to the Luhn algorithm.
18:13:37 INFO  ValidationInstance - Validating 'eu.peppol.postaward.v3.billing-c801e0b9-893b-41f6-b617-68d2896dcb4c.asice#sch/PEPPOL-EN16931-CII.sch' with Engine [PEPPOL BIS Billing 3.0]
18:13:37 INFO  SchematronXsltChecker - Running Schematron XSTL-based validation
18:13:37 INFO  ValidationInstance - Loading document from stream
18:13:37 INFO  ValidationInstance -   Detected declaration: xml.test (with converter)
18:13:37 INFO  ValidationInstance -   Detected expectation: 2) The last digit of a Swedish organization number must be valid according to the Luhn algorithm.
18:13:37 INFO  ValidationInstance - Validating 'eu.peppol.postaward.v3.billing-c801e0b9-893b-41f6-b617-68d2896dcb4c.asice#sch/PEPPOL-EN16931-CII.sch' with Engine [PEPPOL BIS Billing 3.0]
18:13:37 INFO  SchematronXsltChecker - Running Schematron XSTL-based validation
18:13:37 INFO  Tester - TestSet '/src/rules/unit-CII-SE/CII-IN_SE-R-013.xml'
18:13:37 INFO  ValidationInstance - Loading document from stream
18:13:37 INFO  ValidationInstance -   Detected declaration: xml.testset (with children)
18:13:37 INFO  ValidationInstance - Loading document from stream
18:13:37 INFO  ValidationInstance -   Detected declaration: xml.test (with converter)
18:13:37 INFO  ValidationInstance -   Detected expectation: 1) For suppliers in the Netherlands, if the document is a creditnote, the document MUST contain an invoice reference (ram:ApplicableHeaderTradeSettlement/ram:InvoiceReferencedDocument/ram:IssuerAssignedID)
18:13:37 INFO  ValidationInstance - Validating 'eu.peppol.postaward.v3.billing-c801e0b9-893b-41f6-b617-68d2896dcb4c.asice#sch/PEPPOL-EN16931-CII.sch' with Engine [PEPPOL BIS Billing 3.0]
18:13:37 INFO  SchematronXsltChecker - Running Schematron XSTL-based validation
18:13:37 INFO  ValidationInstance - Loading document from stream
18:13:37 INFO  ValidationInstance -   Detected declaration: xml.test (with converter)
18:13:37 INFO  ValidationInstance -   Detected expectation: 2) For suppliers in the Netherlands, if the document is a creditnote, the document MUST contain an invoice reference (ram:ApplicableHeaderTradeSettlement/ram:InvoiceReferencedDocument/ram:IssuerAssignedID)
18:13:37 INFO  ValidationInstance - Validating 'eu.peppol.postaward.v3.billing-c801e0b9-893b-41f6-b617-68d2896dcb4c.asice#sch/PEPPOL-EN16931-CII.sch' with Engine [PEPPOL BIS Billing 3.0]
18:13:37 INFO  SchematronXsltChecker - Running Schematron XSTL-based validation
18:13:37 INFO  ValidationInstance - Loading document from stream
18:13:37 INFO  ValidationInstance -   Detected declaration: xml.test (with converter)
18:13:37 INFO  ValidationInstance -   Detected expectation: 3) For suppliers in the Netherlands, if the document is a creditnote, the document MUST contain an invoice reference (ram:ApplicableHeaderTradeSettlement/ram:InvoiceReferencedDocument/ram:IssuerAssignedID)
18:13:37 INFO  ValidationInstance - Validating 'eu.peppol.postaward.v3.billing-c801e0b9-893b-41f6-b617-68d2896dcb4c.asice#sch/PEPPOL-EN16931-CII.sch' with Engine [PEPPOL BIS Billing 3.0]
18:13:37 INFO  SchematronXsltChecker - Running Schematron XSTL-based validation
18:13:37 INFO  Tester - TestSet '/src/rules/unit-CII-NL/NL-R-001.xml'
18:13:37 INFO  ValidationInstance - Loading document from stream
18:13:37 INFO  ValidationInstance -   Detected declaration: xml.testset (with children)
18:13:37 INFO  ValidationInstance - Loading document from stream
18:13:37 INFO  ValidationInstance -   Detected declaration: xml.test (with converter)
18:13:37 INFO  ValidationInstance -   Detected expectation: 1) For suppliers in the Netherlands the supplier's address (ram:SellerTradeParty/ram:PostalTradeAddress) MUST contain street name (ram:LineOne), city (ram:CityName) and post code (ram:PostcodeCode)
18:13:37 INFO  ValidationInstance - Validating 'eu.peppol.postaward.v3.billing-c801e0b9-893b-41f6-b617-68d2896dcb4c.asice#sch/PEPPOL-EN16931-CII.sch' with Engine [PEPPOL BIS Billing 3.0]
18:13:37 INFO  SchematronXsltChecker - Running Schematron XSTL-based validation
18:13:37 INFO  ValidationInstance - Loading document from stream
18:13:37 INFO  ValidationInstance -   Detected declaration: xml.test (with converter)
18:13:37 INFO  ValidationInstance -   Detected expectation: 2) For suppliers in the Netherlands the supplier's address (ram:SellerTradeParty/ram:PostalTradeAddress) MUST contain street name (ram:LineOne), city (ram:CityName) and post code (ram:PostcodeCode)
18:13:37 INFO  ValidationInstance - Validating 'eu.peppol.postaward.v3.billing-c801e0b9-893b-41f6-b617-68d2896dcb4c.asice#sch/PEPPOL-EN16931-CII.sch' with Engine [PEPPOL BIS Billing 3.0]
18:13:37 INFO  SchematronXsltChecker - Running Schematron XSTL-based validation
18:13:37 INFO  Tester - TestSet '/src/rules/unit-CII-NL/NL-R-002.xml'
18:13:37 INFO  ValidationInstance - Loading document from stream
18:13:37 INFO  ValidationInstance -   Detected declaration: xml.testset (with children)
18:13:37 INFO  ValidationInstance - Loading document from stream
18:13:37 INFO  ValidationInstance -   Detected declaration: xml.test (with converter)
18:13:37 INFO  ValidationInstance -   Detected expectation: 1) For suppliers in the Netherlands, the legal entity identifier MUST be either a KVK or OIN number (schemeID 0106 or 0190)
18:13:37 INFO  ValidationInstance - Validating 'eu.peppol.postaward.v3.billing-c801e0b9-893b-41f6-b617-68d2896dcb4c.asice#sch/PEPPOL-EN16931-CII.sch' with Engine [PEPPOL BIS Billing 3.0]
18:13:37 INFO  SchematronXsltChecker - Running Schematron XSTL-based validation
18:13:37 INFO  ValidationInstance - Loading document from stream
18:13:37 INFO  ValidationInstance -   Detected declaration: xml.test (with converter)
18:13:37 INFO  ValidationInstance -   Detected expectation: 2) For suppliers in the Netherlands, the legal entity identifier MUST be either a KVK or OIN number (schemeID 0106 or 0190)
18:13:37 INFO  ValidationInstance - Validating 'eu.peppol.postaward.v3.billing-c801e0b9-893b-41f6-b617-68d2896dcb4c.asice#sch/PEPPOL-EN16931-CII.sch' with Engine [PEPPOL BIS Billing 3.0]
18:13:37 INFO  SchematronXsltChecker - Running Schematron XSTL-based validation
18:13:37 INFO  Tester - TestSet '/src/rules/unit-CII-NL/NL-R-003.xml'
18:13:37 INFO  ValidationInstance - Loading document from stream
18:13:37 INFO  ValidationInstance -   Detected declaration: xml.testset (with children)
18:13:37 INFO  ValidationInstance - Loading document from stream
18:13:37 INFO  ValidationInstance -   Detected declaration: xml.test (with converter)
18:13:37 INFO  ValidationInstance -   Detected expectation: 1) For suppliers in the Netherlands, if the customer is in the Netherlands, the customer address (ram:BuyerTradeParty/ram:PostalTradeAddress) MUST contain street name (ram:LineOne), city (ram:CityName) and post code (ram:PostcodeCode)
18:13:37 INFO  ValidationInstance - Validating 'eu.peppol.postaward.v3.billing-c801e0b9-893b-41f6-b617-68d2896dcb4c.asice#sch/PEPPOL-EN16931-CII.sch' with Engine [PEPPOL BIS Billing 3.0]
18:13:37 INFO  SchematronXsltChecker - Running Schematron XSTL-based validation
18:13:37 INFO  ValidationInstance - Loading document from stream
18:13:37 INFO  ValidationInstance -   Detected declaration: xml.test (with converter)
18:13:37 INFO  ValidationInstance -   Detected expectation: 2) For suppliers in the Netherlands, if the customer is in the Netherlands, the customer address (ram:BuyerTradeParty/ram:PostalTradeAddress) MUST contain street name (ram:LineOne), city (ram:CityName) and post code (ram:PostcodeCode)
18:13:37 INFO  ValidationInstance - Validating 'eu.peppol.postaward.v3.billing-c801e0b9-893b-41f6-b617-68d2896dcb4c.asice#sch/PEPPOL-EN16931-CII.sch' with Engine [PEPPOL BIS Billing 3.0]
18:13:37 INFO  SchematronXsltChecker - Running Schematron XSTL-based validation
18:13:37 INFO  Tester - TestSet '/src/rules/unit-CII-NL/NL-R-004.xml'
18:13:37 INFO  ValidationInstance - Loading document from stream
18:13:37 INFO  ValidationInstance -   Detected declaration: xml.testset (with children)
18:13:38 INFO  ValidationInstance - Loading document from stream
18:13:38 INFO  ValidationInstance -   Detected declaration: xml.test (with converter)
18:13:38 INFO  ValidationInstance -   Detected expectation: 1) For suppliers in the Netherlands, if the customer is in the Netherlands, the customer's legal entity identifier MUST be either a KVK or OIN number (schemeID 0106 or 0190)
18:13:38 INFO  ValidationInstance - Validating 'eu.peppol.postaward.v3.billing-c801e0b9-893b-41f6-b617-68d2896dcb4c.asice#sch/PEPPOL-EN16931-CII.sch' with Engine [PEPPOL BIS Billing 3.0]
18:13:38 INFO  SchematronXsltChecker - Running Schematron XSTL-based validation
18:13:38 INFO  ValidationInstance - Loading document from stream
18:13:38 INFO  ValidationInstance -   Detected declaration: xml.test (with converter)
18:13:38 INFO  ValidationInstance -   Detected expectation: 2) For suppliers in the Netherlands, if the customer is in the Netherlands, the customer's legal entity identifier MUST be either a KVK or OIN number (schemeID 0106 or 0190)
18:13:38 INFO  ValidationInstance - Validating 'eu.peppol.postaward.v3.billing-c801e0b9-893b-41f6-b617-68d2896dcb4c.asice#sch/PEPPOL-EN16931-CII.sch' with Engine [PEPPOL BIS Billing 3.0]
18:13:38 INFO  SchematronXsltChecker - Running Schematron XSTL-based validation
18:13:38 INFO  Tester - TestSet '/src/rules/unit-CII-NL/NL-R-005.xml'
18:13:38 INFO  ValidationInstance - Loading document from stream
18:13:38 INFO  ValidationInstance -   Detected declaration: xml.testset (with children)
18:13:38 INFO  ValidationInstance - Loading document from stream
18:13:38 INFO  ValidationInstance -   Detected declaration: xml.test (with converter)
18:13:38 INFO  ValidationInstance -   Detected expectation: 1) For suppliers in the Netherlands, if the fiscal representative is in the Netherlands, the representative's address (ram:SellerTaxRepresentativeTradeParty/ram:PostalTradeAddress) MUST contain street name (ram:LineOne), city (ram:CityName) and post code (ram:PostcodeCode)
18:13:38 INFO  ValidationInstance - Validating 'eu.peppol.postaward.v3.billing-c801e0b9-893b-41f6-b617-68d2896dcb4c.asice#sch/PEPPOL-EN16931-CII.sch' with Engine [PEPPOL BIS Billing 3.0]
18:13:38 INFO  SchematronXsltChecker - Running Schematron XSTL-based validation
18:13:38 INFO  ValidationInstance - Loading document from stream
18:13:38 INFO  ValidationInstance -   Detected declaration: xml.test (with converter)
18:13:38 INFO  ValidationInstance -   Detected expectation: 2) For suppliers in the Netherlands, if the fiscal representative is in the Netherlands, the representative's address (ram:SellerTaxRepresentativeTradeParty/ram:PostalTradeAddress) MUST contain street name (ram:LineOne), city (ram:CityName) and post code (ram:PostcodeCode)
18:13:38 INFO  ValidationInstance - Validating 'eu.peppol.postaward.v3.billing-c801e0b9-893b-41f6-b617-68d2896dcb4c.asice#sch/PEPPOL-EN16931-CII.sch' with Engine [PEPPOL BIS Billing 3.0]
18:13:38 INFO  SchematronXsltChecker - Running Schematron XSTL-based validation
18:13:38 INFO  Tester - TestSet '/src/rules/unit-CII-NL/NL-R-006.xml'
18:13:38 INFO  ValidationInstance - Loading document from stream
18:13:38 INFO  ValidationInstance -   Detected declaration: xml.testset (with children)
18:13:38 INFO  ValidationInstance - Loading document from stream
18:13:38 INFO  ValidationInstance -   Detected declaration: xml.test (with converter)
18:13:38 INFO  ValidationInstance -   Detected expectation: 1) For suppliers in the Netherlands, the supplier MUST provide a means of payment (ram:SpecifiedTradeSettlementPaymentMeans) if the payment is from customer to supplier
18:13:38 INFO  ValidationInstance - Validating 'eu.peppol.postaward.v3.billing-c801e0b9-893b-41f6-b617-68d2896dcb4c.asice#sch/PEPPOL-EN16931-CII.sch' with Engine [PEPPOL BIS Billing 3.0]
18:13:38 INFO  SchematronXsltChecker - Running Schematron XSTL-based validation
18:13:38 INFO  ValidationInstance - Loading document from stream
18:13:38 INFO  ValidationInstance -   Detected declaration: xml.test (with converter)
18:13:38 INFO  ValidationInstance -   Detected expectation: 2) For suppliers in the Netherlands, the supplier MUST provide a means of payment (ram:SpecifiedTradeSettlementPaymentMeans) if the payment is from customer to supplier
18:13:38 INFO  ValidationInstance - Validating 'eu.peppol.postaward.v3.billing-c801e0b9-893b-41f6-b617-68d2896dcb4c.asice#sch/PEPPOL-EN16931-CII.sch' with Engine [PEPPOL BIS Billing 3.0]
18:13:38 INFO  SchematronXsltChecker - Running Schematron XSTL-based validation
18:13:38 INFO  ValidationInstance - Loading document from stream
18:13:38 INFO  ValidationInstance -   Detected declaration: xml.test (with converter)
18:13:38 INFO  ValidationInstance -   Detected expectation: 3) For suppliers in the Netherlands, the supplier MUST provide a means of payment (ram:SpecifiedTradeSettlementPaymentMeans) if the payment is from customer to supplier
18:13:38 INFO  ValidationInstance - Validating 'eu.peppol.postaward.v3.billing-c801e0b9-893b-41f6-b617-68d2896dcb4c.asice#sch/PEPPOL-EN16931-CII.sch' with Engine [PEPPOL BIS Billing 3.0]
18:13:38 INFO  SchematronXsltChecker - Running Schematron XSTL-based validation
18:13:38 INFO  ValidationInstance - Loading document from stream
18:13:38 INFO  ValidationInstance -   Detected declaration: xml.test (with converter)
18:13:38 INFO  ValidationInstance -   Detected expectation: 4) For suppliers in the Netherlands, the supplier MUST provide a means of payment (ram:SpecifiedTradeSettlementPaymentMeans) if the payment is from customer to supplier
18:13:38 INFO  ValidationInstance - Validating 'eu.peppol.postaward.v3.billing-c801e0b9-893b-41f6-b617-68d2896dcb4c.asice#sch/PEPPOL-EN16931-CII.sch' with Engine [PEPPOL BIS Billing 3.0]
18:13:38 INFO  SchematronXsltChecker - Running Schematron XSTL-based validation
18:13:38 INFO  Tester - TestSet '/src/rules/unit-CII-NL/NL-R-007.xml'
18:13:38 INFO  ValidationInstance - Loading document from stream
18:13:38 INFO  ValidationInstance -   Detected declaration: xml.testset (with children)
18:13:38 INFO  ValidationInstance - Loading document from stream
18:13:38 INFO  ValidationInstance -   Detected declaration: xml.test (with converter)
18:13:38 INFO  ValidationInstance -   Detected expectation: 1) For suppliers in the Netherlands, the payment means code (ram:SpecifiedTradeSettlementPaymentMeans/ram:TypeCode) MUST be one of 30, 48, 49, 57, 58 or 59

18:13:38 INFO  ValidationInstance - Validating 'eu.peppol.postaward.v3.billing-c801e0b9-893b-41f6-b617-68d2896dcb4c.asice#sch/PEPPOL-EN16931-CII.sch' with Engine [PEPPOL BIS Billing 3.0]
18:13:38 INFO  SchematronXsltChecker - Running Schematron XSTL-based validation
18:13:38 INFO  ValidationInstance - Loading document from stream
18:13:38 INFO  ValidationInstance -   Detected declaration: xml.test (with converter)
18:13:38 INFO  ValidationInstance -   Detected expectation: 2) For suppliers in the Netherlands, the payment means code (ram:SpecifiedTradeSettlementPaymentMeans/ram:TypeCode) MUST be one of 30, 48, 49, 57, 58 or 59

18:13:38 INFO  ValidationInstance - Validating 'eu.peppol.postaward.v3.billing-c801e0b9-893b-41f6-b617-68d2896dcb4c.asice#sch/PEPPOL-EN16931-CII.sch' with Engine [PEPPOL BIS Billing 3.0]
18:13:38 INFO  SchematronXsltChecker - Running Schematron XSTL-based validation
18:13:38 INFO  ValidationInstance - Loading document from stream
18:13:38 INFO  ValidationInstance -   Detected declaration: xml.test (with converter)
18:13:38 INFO  ValidationInstance -   Detected expectation: 3) For suppliers in the Netherlands, the payment means code (ram:SpecifiedTradeSettlementPaymentMeans/ram:TypeCode) MUST be one of 30, 48, 49, 57, 58 or 59

18:13:38 INFO  ValidationInstance - Validating 'eu.peppol.postaward.v3.billing-c801e0b9-893b-41f6-b617-68d2896dcb4c.asice#sch/PEPPOL-EN16931-CII.sch' with Engine [PEPPOL BIS Billing 3.0]
18:13:38 INFO  SchematronXsltChecker - Running Schematron XSTL-based validation
18:13:38 INFO  Tester - TestSet '/src/rules/unit-CII-NL/NL-R-008.xml'
18:13:38 INFO  ValidationInstance - Loading document from stream
18:13:38 INFO  ValidationInstance -   Detected declaration: xml.testset (with children)
18:13:38 INFO  ValidationInstance - Loading document from stream
18:13:38 INFO  ValidationInstance -   Detected declaration: xml.test (with converter)
18:13:38 INFO  ValidationInstance -   Detected expectation: 1) For suppliers in the Netherlands, if an order line reference (ram:BuyerOrderReferencedCIReferencedDocument/ram:LineID) is used, there must be an order reference on the document level (rsm:SupplyChainTradeTransaction/ram:ApplicableHeaderTradeAgreement/ram:BuyerOrderReferencedDocument/ram:IssuerAssignedID
18:13:38 INFO  ValidationInstance - Validating 'eu.peppol.postaward.v3.billing-c801e0b9-893b-41f6-b617-68d2896dcb4c.asice#sch/PEPPOL-EN16931-CII.sch' with Engine [PEPPOL BIS Billing 3.0]
18:13:38 INFO  SchematronXsltChecker - Running Schematron XSTL-based validation
18:13:38 INFO  ValidationInstance - Loading document from stream
18:13:38 INFO  ValidationInstance -   Detected declaration: xml.test (with converter)
18:13:38 INFO  ValidationInstance -   Detected expectation: 2) For suppliers in the Netherlands, if an order line reference (ram:BuyerOrderReferencedCIReferencedDocument/ram:LineID) is used, there must be an order reference on the document level (rsm:SupplyChainTradeTransaction/ram:ApplicableHeaderTradeAgreement/ram:BuyerOrderReferencedDocument/ram:IssuerAssignedID
18:13:38 INFO  ValidationInstance - Validating 'eu.peppol.postaward.v3.billing-c801e0b9-893b-41f6-b617-68d2896dcb4c.asice#sch/PEPPOL-EN16931-CII.sch' with Engine [PEPPOL BIS Billing 3.0]
18:13:38 INFO  SchematronXsltChecker - Running Schematron XSTL-based validation
18:13:38 INFO  Tester - TestSet '/src/rules/unit-CII-NL/NL-R-009.xml'
18:13:38 INFO  ValidationInstance - Loading document from stream
18:13:38 INFO  ValidationInstance -   Detected declaration: xml.testset (with children)
18:13:38 INFO  ValidationInstance - Loading document from stream
18:13:38 INFO  ValidationInstance -   Detected declaration: xml.test (with converter)
18:13:38 INFO  ValidationInstance -   Detected expectation: 1) Check that code 0208, part of EAS and PEPPOL succeeds validation
18:13:38 INFO  ValidationInstance - Validating 'eu.peppol.postaward.v3.billing-c801e0b9-893b-41f6-b617-68d2896dcb4c.asice#sch/CEN-EN16931-UBL.sch' with Engine [PEPPOL BIS Billing 3.0]
18:13:38 INFO  SchematronXsltChecker - Running Schematron XSTL-based validation
18:13:38 INFO  ValidationInstance - Validating 'eu.peppol.postaward.v3.billing-c801e0b9-893b-41f6-b617-68d2896dcb4c.asice#sch/PEPPOL-EN16931-UBL.sch' with Engine [PEPPOL BIS Billing 3.0]
18:13:38 INFO  SchematronXsltChecker - Running Schematron XSTL-based validation
18:13:38 INFO  ValidationInstance - Loading document from stream
18:13:38 INFO  ValidationInstance -   Detected declaration: xml.test (with converter)
18:13:38 INFO  ValidationInstance -   Detected expectation: 2) Check that code 0207, part of EAS and not part of PEPPOL fails validation
18:13:38 INFO  ValidationInstance - Validating 'eu.peppol.postaward.v3.billing-c801e0b9-893b-41f6-b617-68d2896dcb4c.asice#sch/CEN-EN16931-UBL.sch' with Engine [PEPPOL BIS Billing 3.0]
18:13:38 INFO  SchematronXsltChecker - Running Schematron XSTL-based validation
18:13:38 INFO  ValidationInstance - Validating 'eu.peppol.postaward.v3.billing-c801e0b9-893b-41f6-b617-68d2896dcb4c.asice#sch/PEPPOL-EN16931-UBL.sch' with Engine [PEPPOL BIS Billing 3.0]
18:13:38 INFO  SchematronXsltChecker - Running Schematron XSTL-based validation
18:13:38 INFO  Tester - TestSet '/src/rules/unit-UBL-PEPPOL/PEPPOL-COMMON-EAS.xml'
18:13:38 INFO  ValidationInstance - Loading document from stream
18:13:38 INFO  ValidationInstance -   Detected declaration: xml.testset (with children)
18:13:38 INFO  ValidationInstance - Loading document from stream
18:13:38 INFO  ValidationInstance -   Detected declaration: xml.test (with converter)
18:13:38 INFO  ValidationInstance -   Detected expectation: 1) null
18:13:38 INFO  ValidationInstance - Validating 'eu.peppol.postaward.v3.billing-c801e0b9-893b-41f6-b617-68d2896dcb4c.asice#sch/PEPPOL-EN16931-UBL.sch' with Engine [PEPPOL BIS Billing 3.0]
18:13:38 INFO  SchematronXsltChecker - Running Schematron XSTL-based validation
18:13:38 INFO  ValidationInstance - Loading document from stream
18:13:38 INFO  ValidationInstance -   Detected declaration: xml.test (with converter)
18:13:38 INFO  ValidationInstance -   Detected expectation: 2) null
18:13:38 INFO  ValidationInstance - Validating 'eu.peppol.postaward.v3.billing-c801e0b9-893b-41f6-b617-68d2896dcb4c.asice#sch/PEPPOL-EN16931-UBL.sch' with Engine [PEPPOL BIS Billing 3.0]
18:13:38 INFO  SchematronXsltChecker - Running Schematron XSTL-based validation
18:13:38 INFO  Tester - TestSet '/src/rules/unit-UBL-PEPPOL/PEPPOL-COMMON-R040.xml'
18:13:38 INFO  ValidationInstance - Loading document from stream
18:13:38 INFO  ValidationInstance -   Detected declaration: xml.testset (with children)
18:13:38 INFO  ValidationInstance - Loading document from stream
18:13:38 INFO  ValidationInstance -   Detected declaration: xml.test (with converter)
18:13:38 INFO  ValidationInstance -   Detected expectation: 1) Verify validation of Norwegian organization number.
18:13:38 INFO  ValidationInstance - Validating 'eu.peppol.postaward.v3.billing-c801e0b9-893b-41f6-b617-68d2896dcb4c.asice#sch/PEPPOL-EN16931-UBL.sch' with Engine [PEPPOL BIS Billing 3.0]
18:13:38 INFO  SchematronXsltChecker - Running Schematron XSTL-based validation
18:13:38 INFO  ValidationInstance - Loading document from stream
18:13:38 INFO  ValidationInstance -   Detected declaration: xml.test (with converter)
18:13:38 INFO  ValidationInstance -   Detected expectation: 2) Verify validation of Norwegian organization number.
18:13:38 INFO  ValidationInstance - Validating 'eu.peppol.postaward.v3.billing-c801e0b9-893b-41f6-b617-68d2896dcb4c.asice#sch/PEPPOL-EN16931-UBL.sch' with Engine [PEPPOL BIS Billing 3.0]
18:13:38 INFO  SchematronXsltChecker - Running Schematron XSTL-based validation
18:13:38 INFO  ValidationInstance - Loading document from stream
18:13:38 INFO  ValidationInstance -   Detected declaration: xml.test (with converter)
18:13:38 INFO  ValidationInstance -   Detected expectation: 3) Verify validation of Norwegian organization number.
18:13:38 INFO  ValidationInstance - Validating 'eu.peppol.postaward.v3.billing-c801e0b9-893b-41f6-b617-68d2896dcb4c.asice#sch/PEPPOL-EN16931-UBL.sch' with Engine [PEPPOL BIS Billing 3.0]
18:13:38 INFO  SchematronXsltChecker - Running Schematron XSTL-based validation
18:13:38 INFO  ValidationInstance - Loading document from stream
18:13:38 INFO  ValidationInstance -   Detected declaration: xml.test (with converter)
18:13:38 INFO  ValidationInstance -   Detected expectation: 4) Verify validation of Norwegian organization number.
18:13:38 INFO  ValidationInstance - Validating 'eu.peppol.postaward.v3.billing-c801e0b9-893b-41f6-b617-68d2896dcb4c.asice#sch/PEPPOL-EN16931-UBL.sch' with Engine [PEPPOL BIS Billing 3.0]
18:13:38 INFO  SchematronXsltChecker - Running Schematron XSTL-based validation
18:13:38 INFO  Tester - TestSet '/src/rules/unit-UBL-PEPPOL/PEPPOL-COMMON-R041.xml'
18:13:38 INFO  ValidationInstance - Loading document from stream
18:13:38 INFO  ValidationInstance -   Detected declaration: xml.testset (with children)
18:13:38 INFO  ValidationInstance - Loading document from stream
18:13:38 INFO  ValidationInstance -   Detected declaration: xml.test (with converter)
18:13:38 INFO  ValidationInstance -   Detected expectation: 1) Invalid Danish organization number (CVR) provided.
18:13:38 INFO  ValidationInstance - Validating 'eu.peppol.postaward.v3.billing-c801e0b9-893b-41f6-b617-68d2896dcb4c.asice#sch/PEPPOL-EN16931-UBL.sch' with Engine [PEPPOL BIS Billing 3.0]
18:13:38 INFO  SchematronXsltChecker - Running Schematron XSTL-based validation
18:13:39 INFO  ValidationInstance - Loading document from stream
18:13:39 INFO  ValidationInstance -   Detected declaration: xml.test (with converter)
18:13:39 INFO  ValidationInstance -   Detected expectation: 2) Invalid Danish organization number (CVR) provided.
18:13:39 INFO  ValidationInstance - Validating 'eu.peppol.postaward.v3.billing-c801e0b9-893b-41f6-b617-68d2896dcb4c.asice#sch/PEPPOL-EN16931-UBL.sch' with Engine [PEPPOL BIS Billing 3.0]
18:13:39 INFO  SchematronXsltChecker - Running Schematron XSTL-based validation
18:13:39 INFO  Tester - TestSet '/src/rules/unit-UBL-PEPPOL/PEPPOL-COMMON-R042.xml'
18:13:39 INFO  ValidationInstance - Loading document from stream
18:13:39 INFO  ValidationInstance -   Detected declaration: xml.testset (with children)
18:13:39 INFO  ValidationInstance - Loading document from stream
18:13:39 INFO  ValidationInstance -   Detected declaration: xml.test (with converter)
18:13:39 INFO  ValidationInstance -   Detected expectation: 1) Invalid Beligan organization number (0208) provided.
18:13:39 INFO  ValidationInstance - Validating 'eu.peppol.postaward.v3.billing-c801e0b9-893b-41f6-b617-68d2896dcb4c.asice#sch/PEPPOL-EN16931-UBL.sch' with Engine [PEPPOL BIS Billing 3.0]
18:13:39 INFO  SchematronXsltChecker - Running Schematron XSTL-based validation
18:13:39 INFO  ValidationInstance - Loading document from stream
18:13:39 INFO  ValidationInstance -   Detected declaration: xml.test (with converter)
18:13:39 INFO  ValidationInstance -   Detected expectation: 2) Invalid Beligan organization number (0208) provided.
18:13:39 INFO  ValidationInstance - Validating 'eu.peppol.postaward.v3.billing-c801e0b9-893b-41f6-b617-68d2896dcb4c.asice#sch/PEPPOL-EN16931-UBL.sch' with Engine [PEPPOL BIS Billing 3.0]
18:13:39 INFO  SchematronXsltChecker - Running Schematron XSTL-based validation
18:13:39 INFO  ValidationInstance - Loading document from stream
18:13:39 INFO  ValidationInstance -   Detected declaration: xml.test (with converter)
18:13:39 INFO  ValidationInstance -   Detected expectation: 3) Invalid Beligan organization number (0208) provided.
18:13:39 INFO  ValidationInstance - Validating 'eu.peppol.postaward.v3.billing-c801e0b9-893b-41f6-b617-68d2896dcb4c.asice#sch/PEPPOL-EN16931-UBL.sch' with Engine [PEPPOL BIS Billing 3.0]
18:13:39 INFO  SchematronXsltChecker - Running Schematron XSTL-based validation
18:13:39 INFO  ValidationInstance - Loading document from stream
18:13:39 INFO  ValidationInstance -   Detected declaration: xml.test (with converter)
18:13:39 INFO  ValidationInstance -   Detected expectation: 4) Invalid Beligan organization number (0208) provided.
18:13:39 INFO  ValidationInstance - Validating 'eu.peppol.postaward.v3.billing-c801e0b9-893b-41f6-b617-68d2896dcb4c.asice#sch/PEPPOL-EN16931-UBL.sch' with Engine [PEPPOL BIS Billing 3.0]
18:13:39 INFO  SchematronXsltChecker - Running Schematron XSTL-based validation
18:13:39 INFO  ValidationInstance - Loading document from stream
18:13:39 INFO  ValidationInstance -   Detected declaration: xml.test (with converter)
18:13:39 INFO  ValidationInstance -   Detected expectation: 5) Invalid Beligan organization number (0208) provided.
18:13:39 INFO  ValidationInstance - Validating 'eu.peppol.postaward.v3.billing-c801e0b9-893b-41f6-b617-68d2896dcb4c.asice#sch/PEPPOL-EN16931-UBL.sch' with Engine [PEPPOL BIS Billing 3.0]
18:13:39 INFO  SchematronXsltChecker - Running Schematron XSTL-based validation
18:13:39 INFO  ValidationInstance - Loading document from stream
18:13:39 INFO  ValidationInstance -   Detected declaration: xml.test (with converter)
18:13:39 INFO  ValidationInstance -   Detected expectation: 6) Invalid Beligan organization number (0208) provided.
18:13:39 INFO  ValidationInstance - Validating 'eu.peppol.postaward.v3.billing-c801e0b9-893b-41f6-b617-68d2896dcb4c.asice#sch/PEPPOL-EN16931-UBL.sch' with Engine [PEPPOL BIS Billing 3.0]
18:13:39 INFO  SchematronXsltChecker - Running Schematron XSTL-based validation
18:13:39 INFO  ValidationInstance - Loading document from stream
18:13:39 INFO  ValidationInstance -   Detected declaration: xml.test (with converter)
18:13:39 INFO  ValidationInstance -   Detected expectation: 7) Invalid Beligan organization number (0208) provided.
18:13:39 INFO  ValidationInstance - Validating 'eu.peppol.postaward.v3.billing-c801e0b9-893b-41f6-b617-68d2896dcb4c.asice#sch/PEPPOL-EN16931-UBL.sch' with Engine [PEPPOL BIS Billing 3.0]
18:13:39 INFO  SchematronXsltChecker - Running Schematron XSTL-based validation
18:13:39 INFO  Tester - TestSet '/src/rules/unit-UBL-PEPPOL/PEPPOL-COMMON-R043.xml'
18:13:39 INFO  ValidationInstance - Loading document from stream
18:13:39 INFO  ValidationInstance -   Detected declaration: xml.testset (with children)
18:13:39 INFO  ValidationInstance - Loading document from stream
18:13:39 INFO  ValidationInstance -   Detected declaration: xml.test (with converter)
18:13:39 INFO  ValidationInstance -   Detected expectation: 1) ICD (0201) provided.
18:13:39 INFO  ValidationInstance - Validating 'eu.peppol.postaward.v3.billing-c801e0b9-893b-41f6-b617-68d2896dcb4c.asice#sch/PEPPOL-EN16931-UBL.sch' with Engine [PEPPOL BIS Billing 3.0]
18:13:39 INFO  SchematronXsltChecker - Running Schematron XSTL-based validation
18:13:39 INFO  ValidationInstance - Loading document from stream
18:13:39 INFO  ValidationInstance -   Detected declaration: xml.test (with converter)
18:13:39 INFO  ValidationInstance -   Detected expectation: 2) ICD (0201) provided.
18:13:39 INFO  ValidationInstance - Validating 'eu.peppol.postaward.v3.billing-c801e0b9-893b-41f6-b617-68d2896dcb4c.asice#sch/PEPPOL-EN16931-UBL.sch' with Engine [PEPPOL BIS Billing 3.0]
18:13:39 INFO  SchematronXsltChecker - Running Schematron XSTL-based validation
18:13:39 INFO  ValidationInstance - Loading document from stream
18:13:39 INFO  ValidationInstance -   Detected declaration: xml.test (with converter)
18:13:39 INFO  ValidationInstance -   Detected expectation: 3) ICD (0201) provided.
18:13:39 INFO  ValidationInstance - Validating 'eu.peppol.postaward.v3.billing-c801e0b9-893b-41f6-b617-68d2896dcb4c.asice#sch/PEPPOL-EN16931-UBL.sch' with Engine [PEPPOL BIS Billing 3.0]
18:13:39 INFO  SchematronXsltChecker - Running Schematron XSTL-based validation
18:13:39 INFO  ValidationInstance - Loading document from stream
18:13:39 INFO  ValidationInstance -   Detected declaration: xml.test (with converter)
18:13:39 INFO  ValidationInstance -   Detected expectation: 4) ICD (0201) provided.
18:13:39 INFO  ValidationInstance - Validating 'eu.peppol.postaward.v3.billing-c801e0b9-893b-41f6-b617-68d2896dcb4c.asice#sch/PEPPOL-EN16931-UBL.sch' with Engine [PEPPOL BIS Billing 3.0]
18:13:39 INFO  SchematronXsltChecker - Running Schematron XSTL-based validation
18:13:39 INFO  ValidationInstance - Loading document from stream
18:13:39 INFO  ValidationInstance -   Detected declaration: xml.test (with converter)
18:13:39 INFO  ValidationInstance -   Detected expectation: 5) ICD (0201) provided.
18:13:39 INFO  ValidationInstance - Validating 'eu.peppol.postaward.v3.billing-c801e0b9-893b-41f6-b617-68d2896dcb4c.asice#sch/PEPPOL-EN16931-UBL.sch' with Engine [PEPPOL BIS Billing 3.0]
18:13:39 INFO  SchematronXsltChecker - Running Schematron XSTL-based validation
18:13:39 INFO  ValidationInstance - Loading document from stream
18:13:39 INFO  ValidationInstance -   Detected declaration: xml.test (with converter)
18:13:39 INFO  ValidationInstance -   Detected expectation: 6) ICD (0201) provided.
18:13:39 INFO  ValidationInstance - Validating 'eu.peppol.postaward.v3.billing-c801e0b9-893b-41f6-b617-68d2896dcb4c.asice#sch/PEPPOL-EN16931-UBL.sch' with Engine [PEPPOL BIS Billing 3.0]
18:13:39 INFO  SchematronXsltChecker - Running Schematron XSTL-based validation
18:13:39 INFO  Tester - TestSet '/src/rules/unit-UBL-PEPPOL/PEPPOL-COMMON-R044.xml'
18:13:39 INFO  ValidationInstance - Loading document from stream
18:13:39 INFO  ValidationInstance -   Detected declaration: xml.testset (with children)
18:13:39 INFO  ValidationInstance - Loading document from stream
18:13:39 INFO  ValidationInstance -   Detected declaration: xml.test (with converter)
18:13:39 INFO  ValidationInstance -   Detected expectation: 1) ICD (0210) provided.
18:13:39 INFO  ValidationInstance - Validating 'eu.peppol.postaward.v3.billing-c801e0b9-893b-41f6-b617-68d2896dcb4c.asice#sch/PEPPOL-EN16931-UBL.sch' with Engine [PEPPOL BIS Billing 3.0]
18:13:39 INFO  SchematronXsltChecker - Running Schematron XSTL-based validation
18:13:39 INFO  ValidationInstance - Loading document from stream
18:13:39 INFO  ValidationInstance -   Detected declaration: xml.test (with converter)
18:13:39 INFO  ValidationInstance -   Detected expectation: 2) ICD (0210) provided.
18:13:39 INFO  ValidationInstance - Validating 'eu.peppol.postaward.v3.billing-c801e0b9-893b-41f6-b617-68d2896dcb4c.asice#sch/PEPPOL-EN16931-UBL.sch' with Engine [PEPPOL BIS Billing 3.0]
18:13:39 INFO  SchematronXsltChecker - Running Schematron XSTL-based validation
18:13:39 INFO  ValidationInstance - Loading document from stream
18:13:39 INFO  ValidationInstance -   Detected declaration: xml.test (with converter)
18:13:39 INFO  ValidationInstance -   Detected expectation: 3) ICD (0210) provided.
18:13:39 INFO  ValidationInstance - Validating 'eu.peppol.postaward.v3.billing-c801e0b9-893b-41f6-b617-68d2896dcb4c.asice#sch/PEPPOL-EN16931-UBL.sch' with Engine [PEPPOL BIS Billing 3.0]
18:13:39 INFO  SchematronXsltChecker - Running Schematron XSTL-based validation
18:13:39 INFO  ValidationInstance - Loading document from stream
18:13:39 INFO  ValidationInstance -   Detected declaration: xml.test (with converter)
18:13:39 INFO  ValidationInstance -   Detected expectation: 4) ICD (0210) provided.
18:13:39 INFO  ValidationInstance - Validating 'eu.peppol.postaward.v3.billing-c801e0b9-893b-41f6-b617-68d2896dcb4c.asice#sch/PEPPOL-EN16931-UBL.sch' with Engine [PEPPOL BIS Billing 3.0]
18:13:39 INFO  SchematronXsltChecker - Running Schematron XSTL-based validation
18:13:39 INFO  ValidationInstance - Loading document from stream
18:13:39 INFO  ValidationInstance -   Detected declaration: xml.test (with converter)
18:13:39 INFO  ValidationInstance -   Detected expectation: 5) ICD (0210) provided.
18:13:39 INFO  ValidationInstance - Validating 'eu.peppol.postaward.v3.billing-c801e0b9-893b-41f6-b617-68d2896dcb4c.asice#sch/PEPPOL-EN16931-UBL.sch' with Engine [PEPPOL BIS Billing 3.0]
18:13:39 INFO  SchematronXsltChecker - Running Schematron XSTL-based validation
18:13:39 INFO  ValidationInstance - Loading document from stream
18:13:39 INFO  ValidationInstance -   Detected declaration: xml.test (with converter)
18:13:39 INFO  ValidationInstance -   Detected expectation: 6) ICD (0210) provided.
18:13:39 INFO  ValidationInstance - Validating 'eu.peppol.postaward.v3.billing-c801e0b9-893b-41f6-b617-68d2896dcb4c.asice#sch/PEPPOL-EN16931-UBL.sch' with Engine [PEPPOL BIS Billing 3.0]
18:13:39 INFO  SchematronXsltChecker - Running Schematron XSTL-based validation
18:13:39 INFO  Tester - TestSet '/src/rules/unit-UBL-PEPPOL/PEPPOL-COMMON-R045.xml'
18:13:39 INFO  ValidationInstance - Loading document from stream
18:13:39 INFO  ValidationInstance -   Detected declaration: xml.testset (with children)
18:13:39 INFO  ValidationInstance - Loading document from stream
18:13:39 INFO  ValidationInstance -   Detected declaration: xml.test (with converter)
18:13:39 INFO  ValidationInstance -   Detected expectation: 1) ICD (9907) provided.
18:13:39 INFO  ValidationInstance - Validating 'eu.peppol.postaward.v3.billing-c801e0b9-893b-41f6-b617-68d2896dcb4c.asice#sch/PEPPOL-EN16931-UBL.sch' with Engine [PEPPOL BIS Billing 3.0]
18:13:39 INFO  SchematronXsltChecker - Running Schematron XSTL-based validation
18:13:39 INFO  ValidationInstance - Loading document from stream
18:13:39 INFO  ValidationInstance -   Detected declaration: xml.test (with converter)
18:13:39 INFO  ValidationInstance -   Detected expectation: 2) ICD (9907) provided.
18:13:39 INFO  ValidationInstance - Validating 'eu.peppol.postaward.v3.billing-c801e0b9-893b-41f6-b617-68d2896dcb4c.asice#sch/PEPPOL-EN16931-UBL.sch' with Engine [PEPPOL BIS Billing 3.0]
18:13:39 INFO  SchematronXsltChecker - Running Schematron XSTL-based validation
18:13:39 INFO  ValidationInstance - Loading document from stream
18:13:39 INFO  ValidationInstance -   Detected declaration: xml.test (with converter)
18:13:39 INFO  ValidationInstance -   Detected expectation: 3) ICD (9907) provided.
18:13:39 INFO  ValidationInstance - Validating 'eu.peppol.postaward.v3.billing-c801e0b9-893b-41f6-b617-68d2896dcb4c.asice#sch/PEPPOL-EN16931-UBL.sch' with Engine [PEPPOL BIS Billing 3.0]
18:13:39 INFO  SchematronXsltChecker - Running Schematron XSTL-based validation
18:13:39 INFO  ValidationInstance - Loading document from stream
18:13:39 INFO  ValidationInstance -   Detected declaration: xml.test (with converter)
18:13:39 INFO  ValidationInstance -   Detected expectation: 4) ICD (9907) provided.
18:13:39 INFO  ValidationInstance - Validating 'eu.peppol.postaward.v3.billing-c801e0b9-893b-41f6-b617-68d2896dcb4c.asice#sch/PEPPOL-EN16931-UBL.sch' with Engine [PEPPOL BIS Billing 3.0]
18:13:39 INFO  SchematronXsltChecker - Running Schematron XSTL-based validation
18:13:39 INFO  ValidationInstance - Loading document from stream
18:13:39 INFO  ValidationInstance -   Detected declaration: xml.test (with converter)
18:13:39 INFO  ValidationInstance -   Detected expectation: 5) ICD (9907) provided.
18:13:39 INFO  ValidationInstance - Validating 'eu.peppol.postaward.v3.billing-c801e0b9-893b-41f6-b617-68d2896dcb4c.asice#sch/PEPPOL-EN16931-UBL.sch' with Engine [PEPPOL BIS Billing 3.0]
18:13:39 INFO  SchematronXsltChecker - Running Schematron XSTL-based validation
18:13:39 INFO  Tester - TestSet '/src/rules/unit-UBL-PEPPOL/PEPPOL-COMMON-R046.xml'
18:13:39 INFO  ValidationInstance - Loading document from stream
18:13:39 INFO  ValidationInstance -   Detected declaration: xml.testset (with children)
18:13:39 INFO  ValidationInstance - Loading document from stream
18:13:39 INFO  ValidationInstance -   Detected declaration: xml.test (with converter)
18:13:39 INFO  ValidationInstance -   Detected expectation: 1) ICD (0211) provided.
18:13:39 INFO  ValidationInstance - Validating 'eu.peppol.postaward.v3.billing-c801e0b9-893b-41f6-b617-68d2896dcb4c.asice#sch/PEPPOL-EN16931-UBL.sch' with Engine [PEPPOL BIS Billing 3.0]
18:13:39 INFO  SchematronXsltChecker - Running Schematron XSTL-based validation
18:13:40 INFO  ValidationInstance - Loading document from stream
18:13:40 INFO  ValidationInstance -   Detected declaration: xml.test (with converter)
18:13:40 INFO  ValidationInstance -   Detected expectation: 2) ICD (0211) provided.
18:13:40 INFO  ValidationInstance - Validating 'eu.peppol.postaward.v3.billing-c801e0b9-893b-41f6-b617-68d2896dcb4c.asice#sch/PEPPOL-EN16931-UBL.sch' with Engine [PEPPOL BIS Billing 3.0]
18:13:40 INFO  SchematronXsltChecker - Running Schematron XSTL-based validation
18:13:40 INFO  ValidationInstance - Loading document from stream
18:13:40 INFO  ValidationInstance -   Detected declaration: xml.test (with converter)
18:13:40 INFO  ValidationInstance -   Detected expectation: 3) ICD (0211) provided.
18:13:40 INFO  ValidationInstance - Validating 'eu.peppol.postaward.v3.billing-c801e0b9-893b-41f6-b617-68d2896dcb4c.asice#sch/PEPPOL-EN16931-UBL.sch' with Engine [PEPPOL BIS Billing 3.0]
18:13:40 INFO  SchematronXsltChecker - Running Schematron XSTL-based validation
18:13:40 INFO  ValidationInstance - Loading document from stream
18:13:40 INFO  ValidationInstance -   Detected declaration: xml.test (with converter)
18:13:40 INFO  ValidationInstance -   Detected expectation: 4) ICD (0211) provided.
18:13:40 INFO  ValidationInstance - Validating 'eu.peppol.postaward.v3.billing-c801e0b9-893b-41f6-b617-68d2896dcb4c.asice#sch/PEPPOL-EN16931-UBL.sch' with Engine [PEPPOL BIS Billing 3.0]
18:13:40 INFO  SchematronXsltChecker - Running Schematron XSTL-based validation
18:13:40 INFO  ValidationInstance - Loading document from stream
18:13:40 INFO  ValidationInstance -   Detected declaration: xml.test (with converter)
18:13:40 INFO  ValidationInstance -   Detected expectation: 5) ICD (0211) provided.
18:13:40 INFO  ValidationInstance - Validating 'eu.peppol.postaward.v3.billing-c801e0b9-893b-41f6-b617-68d2896dcb4c.asice#sch/PEPPOL-EN16931-UBL.sch' with Engine [PEPPOL BIS Billing 3.0]
18:13:40 INFO  SchematronXsltChecker - Running Schematron XSTL-based validation
18:13:40 INFO  ValidationInstance - Loading document from stream
18:13:40 INFO  ValidationInstance -   Detected declaration: xml.test (with converter)
18:13:40 INFO  ValidationInstance -   Detected expectation: 6) ICD (0211) provided.
18:13:40 INFO  ValidationInstance - Validating 'eu.peppol.postaward.v3.billing-c801e0b9-893b-41f6-b617-68d2896dcb4c.asice#sch/PEPPOL-EN16931-UBL.sch' with Engine [PEPPOL BIS Billing 3.0]
18:13:40 INFO  SchematronXsltChecker - Running Schematron XSTL-based validation
18:13:40 INFO  Tester - TestSet '/src/rules/unit-UBL-PEPPOL/PEPPOL-COMMON-R047.xml'
18:13:40 INFO  ValidationInstance - Loading document from stream
18:13:40 INFO  ValidationInstance -   Detected declaration: xml.testset (with children)
18:13:40 INFO  ValidationInstance - Loading document from stream
18:13:40 INFO  ValidationInstance -   Detected declaration: xml.test (with converter)
18:13:40 INFO  ValidationInstance -   Detected expectation: 1) ICD (0007) provided.
18:13:40 INFO  ValidationInstance - Validating 'eu.peppol.postaward.v3.billing-c801e0b9-893b-41f6-b617-68d2896dcb4c.asice#sch/PEPPOL-EN16931-UBL.sch' with Engine [PEPPOL BIS Billing 3.0]
18:13:40 INFO  SchematronXsltChecker - Running Schematron XSTL-based validation
18:13:40 INFO  ValidationInstance - Loading document from stream
18:13:40 INFO  ValidationInstance -   Detected declaration: xml.test (with converter)
18:13:40 INFO  ValidationInstance -   Detected expectation: 2) ICD (0007) provided.
18:13:40 INFO  ValidationInstance - Validating 'eu.peppol.postaward.v3.billing-c801e0b9-893b-41f6-b617-68d2896dcb4c.asice#sch/PEPPOL-EN16931-UBL.sch' with Engine [PEPPOL BIS Billing 3.0]
18:13:40 INFO  SchematronXsltChecker - Running Schematron XSTL-based validation
18:13:40 INFO  ValidationInstance - Loading document from stream
18:13:40 INFO  ValidationInstance -   Detected declaration: xml.test (with converter)
18:13:40 INFO  ValidationInstance -   Detected expectation: 3) ICD (0007) provided.
18:13:40 INFO  ValidationInstance - Validating 'eu.peppol.postaward.v3.billing-c801e0b9-893b-41f6-b617-68d2896dcb4c.asice#sch/PEPPOL-EN16931-UBL.sch' with Engine [PEPPOL BIS Billing 3.0]
18:13:40 INFO  SchematronXsltChecker - Running Schematron XSTL-based validation
18:13:40 INFO  ValidationInstance - Loading document from stream
18:13:40 INFO  ValidationInstance -   Detected declaration: xml.test (with converter)
18:13:40 INFO  ValidationInstance -   Detected expectation: 4) ICD (0007) provided.
18:13:40 INFO  ValidationInstance - Validating 'eu.peppol.postaward.v3.billing-c801e0b9-893b-41f6-b617-68d2896dcb4c.asice#sch/PEPPOL-EN16931-UBL.sch' with Engine [PEPPOL BIS Billing 3.0]
18:13:40 INFO  SchematronXsltChecker - Running Schematron XSTL-based validation
18:13:40 INFO  Tester - TestSet '/src/rules/unit-UBL-PEPPOL/PEPPOL-COMMON-R049.xml'
18:13:40 INFO  ValidationInstance - Loading document from stream
18:13:40 INFO  ValidationInstance -   Detected declaration: xml.testset (with children)
18:13:40 INFO  ValidationInstance - Loading document from stream
18:13:40 INFO  ValidationInstance -   Detected declaration: xml.test (with converter)
18:13:40 INFO  ValidationInstance -   Detected expectation: 1) ICD (0151) provided.
18:13:40 INFO  ValidationInstance - Validating 'eu.peppol.postaward.v3.billing-c801e0b9-893b-41f6-b617-68d2896dcb4c.asice#sch/PEPPOL-EN16931-UBL.sch' with Engine [PEPPOL BIS Billing 3.0]
18:13:40 INFO  SchematronXsltChecker - Running Schematron XSTL-based validation
18:13:40 INFO  ValidationInstance - Loading document from stream
18:13:40 INFO  ValidationInstance -   Detected declaration: xml.test (with converter)
18:13:40 INFO  ValidationInstance -   Detected expectation: 2) ICD (0151) provided.
18:13:40 INFO  ValidationInstance - Validating 'eu.peppol.postaward.v3.billing-c801e0b9-893b-41f6-b617-68d2896dcb4c.asice#sch/PEPPOL-EN16931-UBL.sch' with Engine [PEPPOL BIS Billing 3.0]
18:13:40 INFO  SchematronXsltChecker - Running Schematron XSTL-based validation
18:13:40 INFO  ValidationInstance - Loading document from stream
18:13:40 INFO  ValidationInstance -   Detected declaration: xml.test (with converter)
18:13:40 INFO  ValidationInstance -   Detected expectation: 3) ICD (0151) provided.
18:13:40 INFO  ValidationInstance - Validating 'eu.peppol.postaward.v3.billing-c801e0b9-893b-41f6-b617-68d2896dcb4c.asice#sch/PEPPOL-EN16931-UBL.sch' with Engine [PEPPOL BIS Billing 3.0]
18:13:40 INFO  SchematronXsltChecker - Running Schematron XSTL-based validation
18:13:40 INFO  Tester - TestSet '/src/rules/unit-UBL-PEPPOL/PEPPOL-COMMON-R050.xml'
18:13:40 INFO  ValidationInstance - Loading document from stream
18:13:40 INFO  ValidationInstance -   Detected declaration: xml.testset (with children)
18:13:40 INFO  ValidationInstance - Loading document from stream
18:13:40 INFO  ValidationInstance -   Detected declaration: xml.test (with converter)
18:13:40 INFO  ValidationInstance -   Detected expectation: 1) Invalid Danish chamber of commerce number provided.
18:13:40 INFO  ValidationInstance - Validating 'eu.peppol.postaward.v3.billing-c801e0b9-893b-41f6-b617-68d2896dcb4c.asice#sch/PEPPOL-EN16931-UBL.sch' with Engine [PEPPOL BIS Billing 3.0]
18:13:40 INFO  SchematronXsltChecker - Running Schematron XSTL-based validation
18:13:40 INFO  ValidationInstance - Loading document from stream
18:13:40 INFO  ValidationInstance -   Detected declaration: xml.test (with converter)
18:13:40 INFO  ValidationInstance -   Detected expectation: 2) Invalid Danish chamber of commerce number provided.
18:13:40 INFO  ValidationInstance - Validating 'eu.peppol.postaward.v3.billing-c801e0b9-893b-41f6-b617-68d2896dcb4c.asice#sch/PEPPOL-EN16931-UBL.sch' with Engine [PEPPOL BIS Billing 3.0]
18:13:40 INFO  SchematronXsltChecker - Running Schematron XSTL-based validation
18:13:40 INFO  Tester - TestSet '/src/rules/unit-UBL-PEPPOL/PEPPOL-COMMON-R052.xml'
18:13:40 INFO  ValidationInstance - Loading document from stream
18:13:40 INFO  ValidationInstance -   Detected declaration: xml.testset (with children)
18:13:40 INFO  ValidationInstance - Loading document from stream
18:13:40 INFO  ValidationInstance -   Detected declaration: xml.test (with converter)
18:13:40 INFO  ValidationInstance -   Detected expectation: 1) Invalid Danish ERSTORG number (SE) provided.
18:13:40 INFO  ValidationInstance - Validating 'eu.peppol.postaward.v3.billing-c801e0b9-893b-41f6-b617-68d2896dcb4c.asice#sch/PEPPOL-EN16931-UBL.sch' with Engine [PEPPOL BIS Billing 3.0]
18:13:40 INFO  SchematronXsltChecker - Running Schematron XSTL-based validation
18:13:40 INFO  ValidationInstance - Loading document from stream
18:13:40 INFO  ValidationInstance -   Detected declaration: xml.test (with converter)
18:13:40 INFO  ValidationInstance -   Detected expectation: 2) Invalid Danish ERSTORG number (SE) provided.
18:13:40 INFO  ValidationInstance - Validating 'eu.peppol.postaward.v3.billing-c801e0b9-893b-41f6-b617-68d2896dcb4c.asice#sch/PEPPOL-EN16931-UBL.sch' with Engine [PEPPOL BIS Billing 3.0]
18:13:40 INFO  SchematronXsltChecker - Running Schematron XSTL-based validation
18:13:40 INFO  Tester - TestSet '/src/rules/unit-UBL-PEPPOL/PEPPOL-COMMON-R053.xml'
18:13:40 INFO  ValidationInstance - Loading document from stream
18:13:40 INFO  ValidationInstance -   Detected declaration: xml.testset (with children)
18:13:40 INFO  ValidationInstance - Loading document from stream
18:13:40 INFO  ValidationInstance -   Detected declaration: xml.test (with converter)
18:13:40 INFO  ValidationInstance -   Detected expectation: 1) ICD 0106 (Dutch KVK) Format check.
18:13:40 INFO  ValidationInstance - Validating 'eu.peppol.postaward.v3.billing-c801e0b9-893b-41f6-b617-68d2896dcb4c.asice#sch/PEPPOL-EN16931-UBL.sch' with Engine [PEPPOL BIS Billing 3.0]
18:13:40 INFO  SchematronXsltChecker - Running Schematron XSTL-based validation
18:13:40 INFO  ValidationInstance - Loading document from stream
18:13:40 INFO  ValidationInstance -   Detected declaration: xml.test (with converter)
18:13:40 INFO  ValidationInstance -   Detected expectation: 2) ICD 0106 (Dutch KVK) Format check.
18:13:40 INFO  ValidationInstance - Validating 'eu.peppol.postaward.v3.billing-c801e0b9-893b-41f6-b617-68d2896dcb4c.asice#sch/PEPPOL-EN16931-UBL.sch' with Engine [PEPPOL BIS Billing 3.0]
18:13:40 INFO  SchematronXsltChecker - Running Schematron XSTL-based validation
18:13:40 INFO  ValidationInstance - Loading document from stream
18:13:40 INFO  ValidationInstance -   Detected declaration: xml.test (with converter)
18:13:40 INFO  ValidationInstance -   Detected expectation: 3) ICD 0106 (Dutch KVK) Format check.
18:13:40 INFO  ValidationInstance - Validating 'eu.peppol.postaward.v3.billing-c801e0b9-893b-41f6-b617-68d2896dcb4c.asice#sch/PEPPOL-EN16931-UBL.sch' with Engine [PEPPOL BIS Billing 3.0]
18:13:40 INFO  SchematronXsltChecker - Running Schematron XSTL-based validation
18:13:40 INFO  ValidationInstance - Loading document from stream
18:13:40 INFO  ValidationInstance -   Detected declaration: xml.test (with converter)
18:13:40 INFO  ValidationInstance -   Detected expectation: 4) ICD 0106 (Dutch KVK) Format check.
18:13:40 INFO  ValidationInstance - Validating 'eu.peppol.postaward.v3.billing-c801e0b9-893b-41f6-b617-68d2896dcb4c.asice#sch/PEPPOL-EN16931-UBL.sch' with Engine [PEPPOL BIS Billing 3.0]
18:13:40 INFO  SchematronXsltChecker - Running Schematron XSTL-based validation
18:13:40 INFO  ValidationInstance - Loading document from stream
18:13:40 INFO  ValidationInstance -   Detected declaration: xml.test (with converter)
18:13:40 INFO  ValidationInstance -   Detected expectation: 5) ICD 0106 (Dutch KVK) Format check.
18:13:40 INFO  ValidationInstance - Validating 'eu.peppol.postaward.v3.billing-c801e0b9-893b-41f6-b617-68d2896dcb4c.asice#sch/PEPPOL-EN16931-UBL.sch' with Engine [PEPPOL BIS Billing 3.0]
18:13:40 INFO  SchematronXsltChecker - Running Schematron XSTL-based validation
18:13:40 INFO  ValidationInstance - Loading document from stream
18:13:40 INFO  ValidationInstance -   Detected declaration: xml.test (with converter)
18:13:40 INFO  ValidationInstance -   Detected expectation: 6) ICD 0106 (Dutch KVK) Format check.
18:13:40 INFO  ValidationInstance - Validating 'eu.peppol.postaward.v3.billing-c801e0b9-893b-41f6-b617-68d2896dcb4c.asice#sch/PEPPOL-EN16931-UBL.sch' with Engine [PEPPOL BIS Billing 3.0]
18:13:40 INFO  SchematronXsltChecker - Running Schematron XSTL-based validation
18:13:40 INFO  ValidationInstance - Loading document from stream
18:13:40 INFO  ValidationInstance -   Detected declaration: xml.test (with converter)
18:13:40 INFO  ValidationInstance -   Detected expectation: 7) ICD 0106 (Dutch KVK) Format check.
18:13:40 INFO  ValidationInstance - Validating 'eu.peppol.postaward.v3.billing-c801e0b9-893b-41f6-b617-68d2896dcb4c.asice#sch/PEPPOL-EN16931-UBL.sch' with Engine [PEPPOL BIS Billing 3.0]
18:13:40 INFO  SchematronXsltChecker - Running Schematron XSTL-based validation
18:13:40 INFO  ValidationInstance - Loading document from stream
18:13:40 INFO  ValidationInstance -   Detected declaration: xml.test (with converter)
18:13:40 INFO  ValidationInstance -   Detected expectation: 8) ICD 0106 (Dutch KVK) Format check.
18:13:40 INFO  ValidationInstance - Validating 'eu.peppol.postaward.v3.billing-c801e0b9-893b-41f6-b617-68d2896dcb4c.asice#sch/PEPPOL-EN16931-UBL.sch' with Engine [PEPPOL BIS Billing 3.0]
18:13:40 INFO  SchematronXsltChecker - Running Schematron XSTL-based validation
18:13:41 INFO  ValidationInstance - Loading document from stream
18:13:41 INFO  ValidationInstance -   Detected declaration: xml.test (with converter)
18:13:41 INFO  ValidationInstance -   Detected expectation: 9) ICD 0106 (Dutch KVK) Format check.
18:13:41 INFO  ValidationInstance - Validating 'eu.peppol.postaward.v3.billing-c801e0b9-893b-41f6-b617-68d2896dcb4c.asice#sch/PEPPOL-EN16931-UBL.sch' with Engine [PEPPOL BIS Billing 3.0]
18:13:41 INFO  SchematronXsltChecker - Running Schematron XSTL-based validation
18:13:41 INFO  ValidationInstance - Loading document from stream
18:13:41 INFO  ValidationInstance -   Detected declaration: xml.test (with converter)
18:13:41 INFO  ValidationInstance -   Detected expectation: 10) ICD 0106 (Dutch KVK) Format check.
18:13:41 INFO  ValidationInstance - Validating 'eu.peppol.postaward.v3.billing-c801e0b9-893b-41f6-b617-68d2896dcb4c.asice#sch/PEPPOL-EN16931-UBL.sch' with Engine [PEPPOL BIS Billing 3.0]
18:13:41 INFO  SchematronXsltChecker - Running Schematron XSTL-based validation
18:13:41 INFO  ValidationInstance - Loading document from stream
18:13:41 INFO  ValidationInstance -   Detected declaration: xml.test (with converter)
18:13:41 INFO  ValidationInstance -   Detected expectation: 11) ICD 0106 (Dutch KVK) Format check.
18:13:41 INFO  ValidationInstance - Validating 'eu.peppol.postaward.v3.billing-c801e0b9-893b-41f6-b617-68d2896dcb4c.asice#sch/PEPPOL-EN16931-UBL.sch' with Engine [PEPPOL BIS Billing 3.0]
18:13:41 INFO  SchematronXsltChecker - Running Schematron XSTL-based validation
18:13:41 INFO  ValidationInstance - Loading document from stream
18:13:41 INFO  ValidationInstance -   Detected declaration: xml.test (with converter)
18:13:41 INFO  ValidationInstance -   Detected expectation: 12) ICD 0106 (Dutch KVK) Format check.
18:13:41 INFO  ValidationInstance - Validating 'eu.peppol.postaward.v3.billing-c801e0b9-893b-41f6-b617-68d2896dcb4c.asice#sch/PEPPOL-EN16931-UBL.sch' with Engine [PEPPOL BIS Billing 3.0]
18:13:41 INFO  SchematronXsltChecker - Running Schematron XSTL-based validation
18:13:41 INFO  ValidationInstance - Loading document from stream
18:13:41 INFO  ValidationInstance -   Detected declaration: xml.test (with converter)
18:13:41 INFO  ValidationInstance -   Detected expectation: 13) ICD 0106 (Dutch KVK) Format check.
18:13:41 INFO  ValidationInstance - Validating 'eu.peppol.postaward.v3.billing-c801e0b9-893b-41f6-b617-68d2896dcb4c.asice#sch/PEPPOL-EN16931-UBL.sch' with Engine [PEPPOL BIS Billing 3.0]
18:13:41 INFO  SchematronXsltChecker - Running Schematron XSTL-based validation
18:13:41 INFO  ValidationInstance - Loading document from stream
18:13:41 INFO  ValidationInstance -   Detected declaration: xml.test (with converter)
18:13:41 INFO  ValidationInstance -   Detected expectation: 14) ICD 0106 (Dutch KVK) Format check.
18:13:41 INFO  ValidationInstance - Validating 'eu.peppol.postaward.v3.billing-c801e0b9-893b-41f6-b617-68d2896dcb4c.asice#sch/PEPPOL-EN16931-UBL.sch' with Engine [PEPPOL BIS Billing 3.0]
18:13:41 INFO  SchematronXsltChecker - Running Schematron XSTL-based validation
18:13:41 INFO  ValidationInstance - Loading document from stream
18:13:41 INFO  ValidationInstance -   Detected declaration: xml.test (with converter)
18:13:41 INFO  ValidationInstance -   Detected expectation: 15) ICD 0106 (Dutch KVK) Format check.
18:13:41 INFO  ValidationInstance - Validating 'eu.peppol.postaward.v3.billing-c801e0b9-893b-41f6-b617-68d2896dcb4c.asice#sch/PEPPOL-EN16931-UBL.sch' with Engine [PEPPOL BIS Billing 3.0]
18:13:41 INFO  SchematronXsltChecker - Running Schematron XSTL-based validation
18:13:41 INFO  ValidationInstance - Loading document from stream
18:13:41 INFO  ValidationInstance -   Detected declaration: xml.test (with converter)
18:13:41 INFO  ValidationInstance -   Detected expectation: 16) ICD 0106 (Dutch KVK) Format check.
18:13:41 INFO  ValidationInstance - Validating 'eu.peppol.postaward.v3.billing-c801e0b9-893b-41f6-b617-68d2896dcb4c.asice#sch/PEPPOL-EN16931-UBL.sch' with Engine [PEPPOL BIS Billing 3.0]
18:13:41 INFO  SchematronXsltChecker - Running Schematron XSTL-based validation
18:13:41 INFO  ValidationInstance - Loading document from stream
18:13:41 INFO  ValidationInstance -   Detected declaration: xml.test (with converter)
18:13:41 INFO  ValidationInstance -   Detected expectation: 17) ICD 0106 (Dutch KVK) Format check.
18:13:41 INFO  ValidationInstance - Validating 'eu.peppol.postaward.v3.billing-c801e0b9-893b-41f6-b617-68d2896dcb4c.asice#sch/PEPPOL-EN16931-UBL.sch' with Engine [PEPPOL BIS Billing 3.0]
18:13:41 INFO  SchematronXsltChecker - Running Schematron XSTL-based validation
18:13:41 INFO  ValidationInstance - Loading document from stream
18:13:41 INFO  ValidationInstance -   Detected declaration: xml.test (with converter)
18:13:41 INFO  ValidationInstance -   Detected expectation: 18) ICD 0106 (Dutch KVK) Format check.
18:13:41 INFO  ValidationInstance - Validating 'eu.peppol.postaward.v3.billing-c801e0b9-893b-41f6-b617-68d2896dcb4c.asice#sch/PEPPOL-EN16931-UBL.sch' with Engine [PEPPOL BIS Billing 3.0]
18:13:41 INFO  SchematronXsltChecker - Running Schematron XSTL-based validation
18:13:41 INFO  ValidationInstance - Loading document from stream
18:13:41 INFO  ValidationInstance -   Detected declaration: xml.test (with converter)
18:13:41 INFO  ValidationInstance -   Detected expectation: 19) ICD 0106 (Dutch KVK) Format check.
18:13:41 INFO  ValidationInstance - Validating 'eu.peppol.postaward.v3.billing-c801e0b9-893b-41f6-b617-68d2896dcb4c.asice#sch/PEPPOL-EN16931-UBL.sch' with Engine [PEPPOL BIS Billing 3.0]
18:13:41 INFO  SchematronXsltChecker - Running Schematron XSTL-based validation
18:13:41 INFO  ValidationInstance - Loading document from stream
18:13:41 INFO  ValidationInstance -   Detected declaration: xml.test (with converter)
18:13:41 INFO  ValidationInstance -   Detected expectation: 20) ICD 0106 (Dutch KVK) Format check.
18:13:41 INFO  ValidationInstance - Validating 'eu.peppol.postaward.v3.billing-c801e0b9-893b-41f6-b617-68d2896dcb4c.asice#sch/PEPPOL-EN16931-UBL.sch' with Engine [PEPPOL BIS Billing 3.0]
18:13:41 INFO  SchematronXsltChecker - Running Schematron XSTL-based validation
18:13:41 INFO  ValidationInstance - Loading document from stream
18:13:41 INFO  ValidationInstance -   Detected declaration: xml.test (with converter)
18:13:41 INFO  ValidationInstance -   Detected expectation: 21) ICD 0106 (Dutch KVK) Format check.
18:13:41 INFO  ValidationInstance - Validating 'eu.peppol.postaward.v3.billing-c801e0b9-893b-41f6-b617-68d2896dcb4c.asice#sch/PEPPOL-EN16931-UBL.sch' with Engine [PEPPOL BIS Billing 3.0]
18:13:41 INFO  SchematronXsltChecker - Running Schematron XSTL-based validation
18:13:41 INFO  ValidationInstance - Loading document from stream
18:13:41 INFO  ValidationInstance -   Detected declaration: xml.test (with converter)
18:13:41 INFO  ValidationInstance -   Detected expectation: 22) ICD 0106 (Dutch KVK) Format check.
18:13:41 INFO  ValidationInstance - Validating 'eu.peppol.postaward.v3.billing-c801e0b9-893b-41f6-b617-68d2896dcb4c.asice#sch/PEPPOL-EN16931-UBL.sch' with Engine [PEPPOL BIS Billing 3.0]
18:13:41 INFO  SchematronXsltChecker - Running Schematron XSTL-based validation
18:13:41 INFO  ValidationInstance - Loading document from stream
18:13:41 INFO  ValidationInstance -   Detected declaration: xml.test (with converter)
18:13:41 INFO  ValidationInstance -   Detected expectation: 23) ICD 0106 (Dutch KVK) Format check.
18:13:41 INFO  ValidationInstance - Validating 'eu.peppol.postaward.v3.billing-c801e0b9-893b-41f6-b617-68d2896dcb4c.asice#sch/PEPPOL-EN16931-UBL.sch' with Engine [PEPPOL BIS Billing 3.0]
18:13:41 INFO  SchematronXsltChecker - Running Schematron XSTL-based validation
18:13:41 INFO  ValidationInstance - Loading document from stream
18:13:41 INFO  ValidationInstance -   Detected declaration: xml.test (with converter)
18:13:41 INFO  ValidationInstance -   Detected expectation: 24) ICD 0106 (Dutch KVK) Format check.
18:13:41 INFO  ValidationInstance - Validating 'eu.peppol.postaward.v3.billing-c801e0b9-893b-41f6-b617-68d2896dcb4c.asice#sch/PEPPOL-EN16931-UBL.sch' with Engine [PEPPOL BIS Billing 3.0]
18:13:41 INFO  SchematronXsltChecker - Running Schematron XSTL-based validation
18:13:41 INFO  Tester - TestSet '/src/rules/unit-UBL-PEPPOL/PEPPOL-COMMON-R054.xml'
18:13:41 INFO  ValidationInstance - Loading document from stream
18:13:41 INFO  ValidationInstance -   Detected declaration: xml.testset (with children)
18:13:41 INFO  ValidationInstance - Loading document from stream
18:13:41 INFO  ValidationInstance -   Detected declaration: xml.test (with converter)
18:13:41 INFO  ValidationInstance -   Detected expectation: 1) ICD 0190 (Dutch OIN) Format check.
18:13:41 INFO  ValidationInstance - Validating 'eu.peppol.postaward.v3.billing-c801e0b9-893b-41f6-b617-68d2896dcb4c.asice#sch/PEPPOL-EN16931-UBL.sch' with Engine [PEPPOL BIS Billing 3.0]
18:13:41 INFO  SchematronXsltChecker - Running Schematron XSTL-based validation
18:13:41 INFO  ValidationInstance - Loading document from stream
18:13:41 INFO  ValidationInstance -   Detected declaration: xml.test (with converter)
18:13:41 INFO  ValidationInstance -   Detected expectation: 2) ICD 0190 (Dutch OIN) Format check.
18:13:41 INFO  ValidationInstance - Validating 'eu.peppol.postaward.v3.billing-c801e0b9-893b-41f6-b617-68d2896dcb4c.asice#sch/PEPPOL-EN16931-UBL.sch' with Engine [PEPPOL BIS Billing 3.0]
18:13:41 INFO  SchematronXsltChecker - Running Schematron XSTL-based validation
18:13:41 INFO  ValidationInstance - Loading document from stream
18:13:41 INFO  ValidationInstance -   Detected declaration: xml.test (with converter)
18:13:41 INFO  ValidationInstance -   Detected expectation: 3) ICD 0190 (Dutch OIN) Format check.
18:13:41 INFO  ValidationInstance - Validating 'eu.peppol.postaward.v3.billing-c801e0b9-893b-41f6-b617-68d2896dcb4c.asice#sch/PEPPOL-EN16931-UBL.sch' with Engine [PEPPOL BIS Billing 3.0]
18:13:41 INFO  SchematronXsltChecker - Running Schematron XSTL-based validation
18:13:41 INFO  ValidationInstance - Loading document from stream
18:13:41 INFO  ValidationInstance -   Detected declaration: xml.test (with converter)
18:13:41 INFO  ValidationInstance -   Detected expectation: 4) ICD 0190 (Dutch OIN) Format check.
18:13:41 INFO  ValidationInstance - Validating 'eu.peppol.postaward.v3.billing-c801e0b9-893b-41f6-b617-68d2896dcb4c.asice#sch/PEPPOL-EN16931-UBL.sch' with Engine [PEPPOL BIS Billing 3.0]
18:13:41 INFO  SchematronXsltChecker - Running Schematron XSTL-based validation
18:13:41 INFO  ValidationInstance - Loading document from stream
18:13:41 INFO  ValidationInstance -   Detected declaration: xml.test (with converter)
18:13:41 INFO  ValidationInstance -   Detected expectation: 5) ICD 0190 (Dutch OIN) Format check.
18:13:41 INFO  ValidationInstance - Validating 'eu.peppol.postaward.v3.billing-c801e0b9-893b-41f6-b617-68d2896dcb4c.asice#sch/PEPPOL-EN16931-UBL.sch' with Engine [PEPPOL BIS Billing 3.0]
18:13:41 INFO  SchematronXsltChecker - Running Schematron XSTL-based validation
18:13:41 INFO  ValidationInstance - Loading document from stream
18:13:41 INFO  ValidationInstance -   Detected declaration: xml.test (with converter)
18:13:41 INFO  ValidationInstance -   Detected expectation: 6) ICD 0190 (Dutch OIN) Format check.
18:13:41 INFO  ValidationInstance - Validating 'eu.peppol.postaward.v3.billing-c801e0b9-893b-41f6-b617-68d2896dcb4c.asice#sch/PEPPOL-EN16931-UBL.sch' with Engine [PEPPOL BIS Billing 3.0]
18:13:41 INFO  SchematronXsltChecker - Running Schematron XSTL-based validation
18:13:41 INFO  ValidationInstance - Loading document from stream
18:13:41 INFO  ValidationInstance -   Detected declaration: xml.test (with converter)
18:13:41 INFO  ValidationInstance -   Detected expectation: 7) ICD 0190 (Dutch OIN) Format check.
18:13:41 INFO  ValidationInstance - Validating 'eu.peppol.postaward.v3.billing-c801e0b9-893b-41f6-b617-68d2896dcb4c.asice#sch/PEPPOL-EN16931-UBL.sch' with Engine [PEPPOL BIS Billing 3.0]
18:13:41 INFO  SchematronXsltChecker - Running Schematron XSTL-based validation
18:13:41 INFO  ValidationInstance - Loading document from stream
18:13:41 INFO  ValidationInstance -   Detected declaration: xml.test (with converter)
18:13:41 INFO  ValidationInstance -   Detected expectation: 8) ICD 0190 (Dutch OIN) Format check.
18:13:41 INFO  ValidationInstance - Validating 'eu.peppol.postaward.v3.billing-c801e0b9-893b-41f6-b617-68d2896dcb4c.asice#sch/PEPPOL-EN16931-UBL.sch' with Engine [PEPPOL BIS Billing 3.0]
18:13:41 INFO  SchematronXsltChecker - Running Schematron XSTL-based validation
18:13:41 INFO  ValidationInstance - Loading document from stream
18:13:41 INFO  ValidationInstance -   Detected declaration: xml.test (with converter)
18:13:41 INFO  ValidationInstance -   Detected expectation: 9) ICD 0190 (Dutch OIN) Format check.
18:13:41 INFO  ValidationInstance - Validating 'eu.peppol.postaward.v3.billing-c801e0b9-893b-41f6-b617-68d2896dcb4c.asice#sch/PEPPOL-EN16931-UBL.sch' with Engine [PEPPOL BIS Billing 3.0]
18:13:41 INFO  SchematronXsltChecker - Running Schematron XSTL-based validation
18:13:41 INFO  ValidationInstance - Loading document from stream
18:13:41 INFO  ValidationInstance -   Detected declaration: xml.test (with converter)
18:13:41 INFO  ValidationInstance -   Detected expectation: 10) ICD 0190 (Dutch OIN) Format check.
18:13:41 INFO  ValidationInstance - Validating 'eu.peppol.postaward.v3.billing-c801e0b9-893b-41f6-b617-68d2896dcb4c.asice#sch/PEPPOL-EN16931-UBL.sch' with Engine [PEPPOL BIS Billing 3.0]
18:13:41 INFO  SchematronXsltChecker - Running Schematron XSTL-based validation
18:13:41 INFO  ValidationInstance - Loading document from stream
18:13:41 INFO  ValidationInstance -   Detected declaration: xml.test (with converter)
18:13:41 INFO  ValidationInstance -   Detected expectation: 11) ICD 0190 (Dutch OIN) Format check.
18:13:41 INFO  ValidationInstance - Validating 'eu.peppol.postaward.v3.billing-c801e0b9-893b-41f6-b617-68d2896dcb4c.asice#sch/PEPPOL-EN16931-UBL.sch' with Engine [PEPPOL BIS Billing 3.0]
18:13:41 INFO  SchematronXsltChecker - Running Schematron XSTL-based validation
18:13:41 INFO  ValidationInstance - Loading document from stream
18:13:41 INFO  ValidationInstance -   Detected declaration: xml.test (with converter)
18:13:41 INFO  ValidationInstance -   Detected expectation: 12) ICD 0190 (Dutch OIN) Format check.
18:13:41 INFO  ValidationInstance - Validating 'eu.peppol.postaward.v3.billing-c801e0b9-893b-41f6-b617-68d2896dcb4c.asice#sch/PEPPOL-EN16931-UBL.sch' with Engine [PEPPOL BIS Billing 3.0]
18:13:41 INFO  SchematronXsltChecker - Running Schematron XSTL-based validation
18:13:41 INFO  ValidationInstance - Loading document from stream
18:13:41 INFO  ValidationInstance -   Detected declaration: xml.test (with converter)
18:13:41 INFO  ValidationInstance -   Detected expectation: 13) ICD 0190 (Dutch OIN) Format check.
18:13:42 INFO  ValidationInstance - Validating 'eu.peppol.postaward.v3.billing-c801e0b9-893b-41f6-b617-68d2896dcb4c.asice#sch/PEPPOL-EN16931-UBL.sch' with Engine [PEPPOL BIS Billing 3.0]
18:13:42 INFO  SchematronXsltChecker - Running Schematron XSTL-based validation
18:13:42 INFO  ValidationInstance - Loading document from stream
18:13:42 INFO  ValidationInstance -   Detected declaration: xml.test (with converter)
18:13:42 INFO  ValidationInstance -   Detected expectation: 14) ICD 0190 (Dutch OIN) Format check.
18:13:42 INFO  ValidationInstance - Validating 'eu.peppol.postaward.v3.billing-c801e0b9-893b-41f6-b617-68d2896dcb4c.asice#sch/PEPPOL-EN16931-UBL.sch' with Engine [PEPPOL BIS Billing 3.0]
18:13:42 INFO  SchematronXsltChecker - Running Schematron XSTL-based validation
18:13:42 INFO  ValidationInstance - Loading document from stream
18:13:42 INFO  ValidationInstance -   Detected declaration: xml.test (with converter)
18:13:42 INFO  ValidationInstance -   Detected expectation: 15) ICD 0190 (Dutch OIN) Format check.
18:13:42 INFO  ValidationInstance - Validating 'eu.peppol.postaward.v3.billing-c801e0b9-893b-41f6-b617-68d2896dcb4c.asice#sch/PEPPOL-EN16931-UBL.sch' with Engine [PEPPOL BIS Billing 3.0]
18:13:42 INFO  SchematronXsltChecker - Running Schematron XSTL-based validation
18:13:42 INFO  ValidationInstance - Loading document from stream
18:13:42 INFO  ValidationInstance -   Detected declaration: xml.test (with converter)
18:13:42 INFO  ValidationInstance -   Detected expectation: 16) ICD 0190 (Dutch OIN) Format check.
18:13:42 INFO  ValidationInstance - Validating 'eu.peppol.postaward.v3.billing-c801e0b9-893b-41f6-b617-68d2896dcb4c.asice#sch/PEPPOL-EN16931-UBL.sch' with Engine [PEPPOL BIS Billing 3.0]
18:13:42 INFO  SchematronXsltChecker - Running Schematron XSTL-based validation
18:13:42 INFO  ValidationInstance - Loading document from stream
18:13:42 INFO  ValidationInstance -   Detected declaration: xml.test (with converter)
18:13:42 INFO  ValidationInstance -   Detected expectation: 17) ICD 0190 (Dutch OIN) Format check.
18:13:42 INFO  ValidationInstance - Validating 'eu.peppol.postaward.v3.billing-c801e0b9-893b-41f6-b617-68d2896dcb4c.asice#sch/PEPPOL-EN16931-UBL.sch' with Engine [PEPPOL BIS Billing 3.0]
18:13:42 INFO  SchematronXsltChecker - Running Schematron XSTL-based validation
18:13:42 INFO  ValidationInstance - Loading document from stream
18:13:42 INFO  ValidationInstance -   Detected declaration: xml.test (with converter)
18:13:42 INFO  ValidationInstance -   Detected expectation: 18) ICD 0190 (Dutch OIN) Format check.
18:13:42 INFO  ValidationInstance - Validating 'eu.peppol.postaward.v3.billing-c801e0b9-893b-41f6-b617-68d2896dcb4c.asice#sch/PEPPOL-EN16931-UBL.sch' with Engine [PEPPOL BIS Billing 3.0]
18:13:42 INFO  SchematronXsltChecker - Running Schematron XSTL-based validation
18:13:42 INFO  ValidationInstance - Loading document from stream
18:13:42 INFO  ValidationInstance -   Detected declaration: xml.test (with converter)
18:13:42 INFO  ValidationInstance -   Detected expectation: 19) ICD 0190 (Dutch OIN) Format check.
18:13:42 INFO  ValidationInstance - Validating 'eu.peppol.postaward.v3.billing-c801e0b9-893b-41f6-b617-68d2896dcb4c.asice#sch/PEPPOL-EN16931-UBL.sch' with Engine [PEPPOL BIS Billing 3.0]
18:13:42 INFO  SchematronXsltChecker - Running Schematron XSTL-based validation
18:13:42 INFO  ValidationInstance - Loading document from stream
18:13:42 INFO  ValidationInstance -   Detected declaration: xml.test (with converter)
18:13:42 INFO  ValidationInstance -   Detected expectation: 20) ICD 0190 (Dutch OIN) Format check.
18:13:42 INFO  ValidationInstance - Validating 'eu.peppol.postaward.v3.billing-c801e0b9-893b-41f6-b617-68d2896dcb4c.asice#sch/PEPPOL-EN16931-UBL.sch' with Engine [PEPPOL BIS Billing 3.0]
18:13:42 INFO  SchematronXsltChecker - Running Schematron XSTL-based validation
18:13:42 INFO  ValidationInstance - Loading document from stream
18:13:42 INFO  ValidationInstance -   Detected declaration: xml.test (with converter)
18:13:42 INFO  ValidationInstance -   Detected expectation: 21) ICD 0190 (Dutch OIN) Format check.
18:13:42 INFO  ValidationInstance - Validating 'eu.peppol.postaward.v3.billing-c801e0b9-893b-41f6-b617-68d2896dcb4c.asice#sch/PEPPOL-EN16931-UBL.sch' with Engine [PEPPOL BIS Billing 3.0]
18:13:42 INFO  SchematronXsltChecker - Running Schematron XSTL-based validation
18:13:42 INFO  ValidationInstance - Loading document from stream
18:13:42 INFO  ValidationInstance -   Detected declaration: xml.test (with converter)
18:13:42 INFO  ValidationInstance -   Detected expectation: 22) ICD 0190 (Dutch OIN) Format check.
18:13:42 INFO  ValidationInstance - Validating 'eu.peppol.postaward.v3.billing-c801e0b9-893b-41f6-b617-68d2896dcb4c.asice#sch/PEPPOL-EN16931-UBL.sch' with Engine [PEPPOL BIS Billing 3.0]
18:13:42 INFO  SchematronXsltChecker - Running Schematron XSTL-based validation
18:13:42 INFO  ValidationInstance - Loading document from stream
18:13:42 INFO  ValidationInstance -   Detected declaration: xml.test (with converter)
18:13:42 INFO  ValidationInstance -   Detected expectation: 23) ICD 0190 (Dutch OIN) Format check.
18:13:42 INFO  ValidationInstance - Validating 'eu.peppol.postaward.v3.billing-c801e0b9-893b-41f6-b617-68d2896dcb4c.asice#sch/PEPPOL-EN16931-UBL.sch' with Engine [PEPPOL BIS Billing 3.0]
18:13:42 INFO  SchematronXsltChecker - Running Schematron XSTL-based validation
18:13:42 INFO  ValidationInstance - Loading document from stream
18:13:42 INFO  ValidationInstance -   Detected declaration: xml.test (with converter)
18:13:42 INFO  ValidationInstance -   Detected expectation: 24) ICD 0190 (Dutch OIN) Format check.
18:13:42 INFO  ValidationInstance - Validating 'eu.peppol.postaward.v3.billing-c801e0b9-893b-41f6-b617-68d2896dcb4c.asice#sch/PEPPOL-EN16931-UBL.sch' with Engine [PEPPOL BIS Billing 3.0]
18:13:42 INFO  SchematronXsltChecker - Running Schematron XSTL-based validation
18:13:42 INFO  Tester - TestSet '/src/rules/unit-UBL-PEPPOL/PEPPOL-COMMON-R055.xml'
18:13:42 INFO  ValidationInstance - Loading document from stream
18:13:42 INFO  ValidationInstance -   Detected declaration: xml.testset (with children)
18:13:42 INFO  ValidationInstance - Loading document from stream
18:13:42 INFO  ValidationInstance -   Detected declaration: xml.test (with converter)
18:13:42 INFO  ValidationInstance -   Detected expectation: 1) Scheme 9944 (Dutch VAT) Format check.
18:13:42 INFO  ValidationInstance - Validating 'eu.peppol.postaward.v3.billing-c801e0b9-893b-41f6-b617-68d2896dcb4c.asice#sch/PEPPOL-EN16931-UBL.sch' with Engine [PEPPOL BIS Billing 3.0]
18:13:42 INFO  SchematronXsltChecker - Running Schematron XSTL-based validation
18:13:42 INFO  ValidationInstance - Loading document from stream
18:13:42 INFO  ValidationInstance -   Detected declaration: xml.test (with converter)
18:13:42 INFO  ValidationInstance -   Detected expectation: 2) Scheme 9944 (Dutch VAT) Format check.
18:13:42 INFO  ValidationInstance - Validating 'eu.peppol.postaward.v3.billing-c801e0b9-893b-41f6-b617-68d2896dcb4c.asice#sch/PEPPOL-EN16931-UBL.sch' with Engine [PEPPOL BIS Billing 3.0]
18:13:42 INFO  SchematronXsltChecker - Running Schematron XSTL-based validation
18:13:42 INFO  ValidationInstance - Loading document from stream
18:13:42 INFO  ValidationInstance -   Detected declaration: xml.test (with converter)
18:13:42 INFO  ValidationInstance -   Detected expectation: 3) Scheme 9944 (Dutch VAT) Format check.
18:13:42 INFO  ValidationInstance - Validating 'eu.peppol.postaward.v3.billing-c801e0b9-893b-41f6-b617-68d2896dcb4c.asice#sch/PEPPOL-EN16931-UBL.sch' with Engine [PEPPOL BIS Billing 3.0]
18:13:42 INFO  SchematronXsltChecker - Running Schematron XSTL-based validation
18:13:42 INFO  ValidationInstance - Loading document from stream
18:13:42 INFO  ValidationInstance -   Detected declaration: xml.test (with converter)
18:13:42 INFO  ValidationInstance -   Detected expectation: 4) Scheme 9944 (Dutch VAT) Format check.
18:13:42 INFO  ValidationInstance - Validating 'eu.peppol.postaward.v3.billing-c801e0b9-893b-41f6-b617-68d2896dcb4c.asice#sch/PEPPOL-EN16931-UBL.sch' with Engine [PEPPOL BIS Billing 3.0]
18:13:42 INFO  SchematronXsltChecker - Running Schematron XSTL-based validation
18:13:42 INFO  ValidationInstance - Loading document from stream
18:13:42 INFO  ValidationInstance -   Detected declaration: xml.test (with converter)
18:13:42 INFO  ValidationInstance -   Detected expectation: 5) Scheme 9944 (Dutch VAT) Format check.
18:13:42 INFO  ValidationInstance - Validating 'eu.peppol.postaward.v3.billing-c801e0b9-893b-41f6-b617-68d2896dcb4c.asice#sch/PEPPOL-EN16931-UBL.sch' with Engine [PEPPOL BIS Billing 3.0]
18:13:42 INFO  SchematronXsltChecker - Running Schematron XSTL-based validation
18:13:42 INFO  ValidationInstance - Loading document from stream
18:13:42 INFO  ValidationInstance -   Detected declaration: xml.test (with converter)
18:13:42 INFO  ValidationInstance -   Detected expectation: 6) Scheme 9944 (Dutch VAT) Format check.
18:13:42 INFO  ValidationInstance - Validating 'eu.peppol.postaward.v3.billing-c801e0b9-893b-41f6-b617-68d2896dcb4c.asice#sch/PEPPOL-EN16931-UBL.sch' with Engine [PEPPOL BIS Billing 3.0]
18:13:42 INFO  SchematronXsltChecker - Running Schematron XSTL-based validation
18:13:42 INFO  ValidationInstance - Loading document from stream
18:13:42 INFO  ValidationInstance -   Detected declaration: xml.test (with converter)
18:13:42 INFO  ValidationInstance -   Detected expectation: 7) Scheme 9944 (Dutch VAT) Format check.
18:13:42 INFO  ValidationInstance - Validating 'eu.peppol.postaward.v3.billing-c801e0b9-893b-41f6-b617-68d2896dcb4c.asice#sch/PEPPOL-EN16931-UBL.sch' with Engine [PEPPOL BIS Billing 3.0]
18:13:42 INFO  SchematronXsltChecker - Running Schematron XSTL-based validation
18:13:42 INFO  ValidationInstance - Loading document from stream
18:13:42 INFO  ValidationInstance -   Detected declaration: xml.test (with converter)
18:13:42 INFO  ValidationInstance -   Detected expectation: 8) Scheme 9944 (Dutch VAT) Format check.
18:13:42 INFO  ValidationInstance - Validating 'eu.peppol.postaward.v3.billing-c801e0b9-893b-41f6-b617-68d2896dcb4c.asice#sch/PEPPOL-EN16931-UBL.sch' with Engine [PEPPOL BIS Billing 3.0]
18:13:42 INFO  SchematronXsltChecker - Running Schematron XSTL-based validation
18:13:42 INFO  ValidationInstance - Loading document from stream
18:13:42 INFO  ValidationInstance -   Detected declaration: xml.test (with converter)
18:13:42 INFO  ValidationInstance -   Detected expectation: 9) Scheme 9944 (Dutch VAT) Format check.
18:13:42 INFO  ValidationInstance - Validating 'eu.peppol.postaward.v3.billing-c801e0b9-893b-41f6-b617-68d2896dcb4c.asice#sch/PEPPOL-EN16931-UBL.sch' with Engine [PEPPOL BIS Billing 3.0]
18:13:42 INFO  SchematronXsltChecker - Running Schematron XSTL-based validation
18:13:42 INFO  ValidationInstance - Loading document from stream
18:13:42 INFO  ValidationInstance -   Detected declaration: xml.test (with converter)
18:13:42 INFO  ValidationInstance -   Detected expectation: 10) Scheme 9944 (Dutch VAT) Format check.
18:13:42 INFO  ValidationInstance - Validating 'eu.peppol.postaward.v3.billing-c801e0b9-893b-41f6-b617-68d2896dcb4c.asice#sch/PEPPOL-EN16931-UBL.sch' with Engine [PEPPOL BIS Billing 3.0]
18:13:42 INFO  SchematronXsltChecker - Running Schematron XSTL-based validation
18:13:42 INFO  ValidationInstance - Loading document from stream
18:13:42 INFO  ValidationInstance -   Detected declaration: xml.test (with converter)
18:13:42 INFO  ValidationInstance -   Detected expectation: 11) Scheme 9944 (Dutch VAT) Format check.
18:13:42 INFO  ValidationInstance - Validating 'eu.peppol.postaward.v3.billing-c801e0b9-893b-41f6-b617-68d2896dcb4c.asice#sch/PEPPOL-EN16931-UBL.sch' with Engine [PEPPOL BIS Billing 3.0]
18:13:42 INFO  SchematronXsltChecker - Running Schematron XSTL-based validation
18:13:42 INFO  ValidationInstance - Loading document from stream
18:13:42 INFO  ValidationInstance -   Detected declaration: xml.test (with converter)
18:13:42 INFO  ValidationInstance -   Detected expectation: 12) Scheme 9944 (Dutch VAT) Format check.
18:13:42 INFO  ValidationInstance - Validating 'eu.peppol.postaward.v3.billing-c801e0b9-893b-41f6-b617-68d2896dcb4c.asice#sch/PEPPOL-EN16931-UBL.sch' with Engine [PEPPOL BIS Billing 3.0]
18:13:42 INFO  SchematronXsltChecker - Running Schematron XSTL-based validation
18:13:42 INFO  ValidationInstance - Loading document from stream
18:13:42 INFO  ValidationInstance -   Detected declaration: xml.test (with converter)
18:13:42 INFO  ValidationInstance -   Detected expectation: 13) Scheme 9944 (Dutch VAT) Format check.
18:13:42 INFO  ValidationInstance - Validating 'eu.peppol.postaward.v3.billing-c801e0b9-893b-41f6-b617-68d2896dcb4c.asice#sch/PEPPOL-EN16931-UBL.sch' with Engine [PEPPOL BIS Billing 3.0]
18:13:42 INFO  SchematronXsltChecker - Running Schematron XSTL-based validation
18:13:42 INFO  ValidationInstance - Loading document from stream
18:13:42 INFO  ValidationInstance -   Detected declaration: xml.test (with converter)
18:13:42 INFO  ValidationInstance -   Detected expectation: 14) Scheme 9944 (Dutch VAT) Format check.
18:13:42 INFO  ValidationInstance - Validating 'eu.peppol.postaward.v3.billing-c801e0b9-893b-41f6-b617-68d2896dcb4c.asice#sch/PEPPOL-EN16931-UBL.sch' with Engine [PEPPOL BIS Billing 3.0]
18:13:42 INFO  SchematronXsltChecker - Running Schematron XSTL-based validation
18:13:42 INFO  ValidationInstance - Loading document from stream
18:13:42 INFO  ValidationInstance -   Detected declaration: xml.test (with converter)
18:13:42 INFO  ValidationInstance -   Detected expectation: 15) Scheme 9944 (Dutch VAT) Format check.
18:13:42 INFO  ValidationInstance - Validating 'eu.peppol.postaward.v3.billing-c801e0b9-893b-41f6-b617-68d2896dcb4c.asice#sch/PEPPOL-EN16931-UBL.sch' with Engine [PEPPOL BIS Billing 3.0]
18:13:42 INFO  SchematronXsltChecker - Running Schematron XSTL-based validation
18:13:42 INFO  ValidationInstance - Loading document from stream
18:13:42 INFO  ValidationInstance -   Detected declaration: xml.test (with converter)
18:13:42 INFO  ValidationInstance -   Detected expectation: 16) Scheme 9944 (Dutch VAT) Format check.
18:13:42 INFO  ValidationInstance - Validating 'eu.peppol.postaward.v3.billing-c801e0b9-893b-41f6-b617-68d2896dcb4c.asice#sch/PEPPOL-EN16931-UBL.sch' with Engine [PEPPOL BIS Billing 3.0]
18:13:42 INFO  SchematronXsltChecker - Running Schematron XSTL-based validation
18:13:42 INFO  ValidationInstance - Loading document from stream
18:13:42 INFO  ValidationInstance -   Detected declaration: xml.test (with converter)
18:13:42 INFO  ValidationInstance -   Detected expectation: 17) Scheme 9944 (Dutch VAT) Format check.
18:13:42 INFO  ValidationInstance - Validating 'eu.peppol.postaward.v3.billing-c801e0b9-893b-41f6-b617-68d2896dcb4c.asice#sch/PEPPOL-EN16931-UBL.sch' with Engine [PEPPOL BIS Billing 3.0]
18:13:42 INFO  SchematronXsltChecker - Running Schematron XSTL-based validation
18:13:43 INFO  ValidationInstance - Loading document from stream
18:13:43 INFO  ValidationInstance -   Detected declaration: xml.test (with converter)
18:13:43 INFO  ValidationInstance -   Detected expectation: 18) Scheme 9944 (Dutch VAT) Format check.
18:13:43 INFO  ValidationInstance - Validating 'eu.peppol.postaward.v3.billing-c801e0b9-893b-41f6-b617-68d2896dcb4c.asice#sch/PEPPOL-EN16931-UBL.sch' with Engine [PEPPOL BIS Billing 3.0]
18:13:43 INFO  SchematronXsltChecker - Running Schematron XSTL-based validation
18:13:43 INFO  ValidationInstance - Loading document from stream
18:13:43 INFO  ValidationInstance -   Detected declaration: xml.test (with converter)
18:13:43 INFO  ValidationInstance -   Detected expectation: 19) Scheme 9944 (Dutch VAT) Format check.
18:13:43 INFO  ValidationInstance - Validating 'eu.peppol.postaward.v3.billing-c801e0b9-893b-41f6-b617-68d2896dcb4c.asice#sch/PEPPOL-EN16931-UBL.sch' with Engine [PEPPOL BIS Billing 3.0]
18:13:43 INFO  SchematronXsltChecker - Running Schematron XSTL-based validation
18:13:43 INFO  ValidationInstance - Loading document from stream
18:13:43 INFO  ValidationInstance -   Detected declaration: xml.test (with converter)
18:13:43 INFO  ValidationInstance -   Detected expectation: 20) Scheme 9944 (Dutch VAT) Format check.
18:13:43 INFO  ValidationInstance - Validating 'eu.peppol.postaward.v3.billing-c801e0b9-893b-41f6-b617-68d2896dcb4c.asice#sch/PEPPOL-EN16931-UBL.sch' with Engine [PEPPOL BIS Billing 3.0]
18:13:43 INFO  SchematronXsltChecker - Running Schematron XSTL-based validation
18:13:43 INFO  ValidationInstance - Loading document from stream
18:13:43 INFO  ValidationInstance -   Detected declaration: xml.test (with converter)
18:13:43 INFO  ValidationInstance -   Detected expectation: 21) Scheme 9944 (Dutch VAT) Format check.
18:13:43 INFO  ValidationInstance - Validating 'eu.peppol.postaward.v3.billing-c801e0b9-893b-41f6-b617-68d2896dcb4c.asice#sch/PEPPOL-EN16931-UBL.sch' with Engine [PEPPOL BIS Billing 3.0]
18:13:43 INFO  SchematronXsltChecker - Running Schematron XSTL-based validation
18:13:43 INFO  ValidationInstance - Loading document from stream
18:13:43 INFO  ValidationInstance -   Detected declaration: xml.test (with converter)
18:13:43 INFO  ValidationInstance -   Detected expectation: 22) Scheme 9944 (Dutch VAT) Format check.
18:13:43 INFO  ValidationInstance - Validating 'eu.peppol.postaward.v3.billing-c801e0b9-893b-41f6-b617-68d2896dcb4c.asice#sch/PEPPOL-EN16931-UBL.sch' with Engine [PEPPOL BIS Billing 3.0]
18:13:43 INFO  SchematronXsltChecker - Running Schematron XSTL-based validation
18:13:43 INFO  ValidationInstance - Loading document from stream
18:13:43 INFO  ValidationInstance -   Detected declaration: xml.test (with converter)
18:13:43 INFO  ValidationInstance -   Detected expectation: 23) Scheme 9944 (Dutch VAT) Format check.
18:13:43 INFO  ValidationInstance - Validating 'eu.peppol.postaward.v3.billing-c801e0b9-893b-41f6-b617-68d2896dcb4c.asice#sch/PEPPOL-EN16931-UBL.sch' with Engine [PEPPOL BIS Billing 3.0]
18:13:43 INFO  SchematronXsltChecker - Running Schematron XSTL-based validation
18:13:43 INFO  ValidationInstance - Loading document from stream
18:13:43 INFO  ValidationInstance -   Detected declaration: xml.test (with converter)
18:13:43 INFO  ValidationInstance -   Detected expectation: 24) Scheme 9944 (Dutch VAT) Format check.
18:13:43 INFO  ValidationInstance - Validating 'eu.peppol.postaward.v3.billing-c801e0b9-893b-41f6-b617-68d2896dcb4c.asice#sch/PEPPOL-EN16931-UBL.sch' with Engine [PEPPOL BIS Billing 3.0]
18:13:43 INFO  SchematronXsltChecker - Running Schematron XSTL-based validation
18:13:43 INFO  ValidationInstance - Loading document from stream
18:13:43 INFO  ValidationInstance -   Detected declaration: xml.test (with converter)
18:13:43 INFO  ValidationInstance -   Detected expectation: 25) Scheme 9944 (Dutch VAT) Format check.
18:13:43 INFO  ValidationInstance - Validating 'eu.peppol.postaward.v3.billing-c801e0b9-893b-41f6-b617-68d2896dcb4c.asice#sch/PEPPOL-EN16931-UBL.sch' with Engine [PEPPOL BIS Billing 3.0]
18:13:43 INFO  SchematronXsltChecker - Running Schematron XSTL-based validation
18:13:43 INFO  Tester - TestSet '/src/rules/unit-UBL-PEPPOL/PEPPOL-COMMON-R056-1.xml'
18:13:43 INFO  ValidationInstance - Loading document from stream
18:13:43 INFO  ValidationInstance -   Detected declaration: xml.testset (with children)
18:13:43 INFO  ValidationInstance - Loading document from stream
18:13:43 INFO  ValidationInstance -   Detected declaration: xml.test (with converter)
18:13:43 INFO  ValidationInstance -   Detected expectation: 1) ICD 0217 (Dutch KVK Establishment number) Format check.
18:13:43 INFO  ValidationInstance - Validating 'eu.peppol.postaward.v3.billing-c801e0b9-893b-41f6-b617-68d2896dcb4c.asice#sch/PEPPOL-EN16931-UBL.sch' with Engine [PEPPOL BIS Billing 3.0]
18:13:43 INFO  SchematronXsltChecker - Running Schematron XSTL-based validation
18:13:43 INFO  ValidationInstance - Loading document from stream
18:13:43 INFO  ValidationInstance -   Detected declaration: xml.test (with converter)
18:13:43 INFO  ValidationInstance -   Detected expectation: 2) ICD 0217 (Dutch KVK Establishment number) Format check.
18:13:43 INFO  ValidationInstance - Validating 'eu.peppol.postaward.v3.billing-c801e0b9-893b-41f6-b617-68d2896dcb4c.asice#sch/PEPPOL-EN16931-UBL.sch' with Engine [PEPPOL BIS Billing 3.0]
18:13:43 INFO  SchematronXsltChecker - Running Schematron XSTL-based validation
18:13:43 INFO  ValidationInstance - Loading document from stream
18:13:43 INFO  ValidationInstance -   Detected declaration: xml.test (with converter)
18:13:43 INFO  ValidationInstance -   Detected expectation: 3) ICD 0217 (Dutch KVK Establishment number) Format check.
18:13:43 INFO  ValidationInstance - Validating 'eu.peppol.postaward.v3.billing-c801e0b9-893b-41f6-b617-68d2896dcb4c.asice#sch/PEPPOL-EN16931-UBL.sch' with Engine [PEPPOL BIS Billing 3.0]
18:13:43 INFO  SchematronXsltChecker - Running Schematron XSTL-based validation
18:13:43 INFO  ValidationInstance - Loading document from stream
18:13:43 INFO  ValidationInstance -   Detected declaration: xml.test (with converter)
18:13:43 INFO  ValidationInstance -   Detected expectation: 4) ICD 0217 (Dutch KVK Establishment number) Format check.
18:13:43 INFO  ValidationInstance - Validating 'eu.peppol.postaward.v3.billing-c801e0b9-893b-41f6-b617-68d2896dcb4c.asice#sch/PEPPOL-EN16931-UBL.sch' with Engine [PEPPOL BIS Billing 3.0]
18:13:43 INFO  SchematronXsltChecker - Running Schematron XSTL-based validation
18:13:43 INFO  ValidationInstance - Loading document from stream
18:13:43 INFO  ValidationInstance -   Detected declaration: xml.test (with converter)
18:13:43 INFO  ValidationInstance -   Detected expectation: 5) ICD 0217 (Dutch KVK Establishment number) Format check.
18:13:43 INFO  ValidationInstance - Validating 'eu.peppol.postaward.v3.billing-c801e0b9-893b-41f6-b617-68d2896dcb4c.asice#sch/PEPPOL-EN16931-UBL.sch' with Engine [PEPPOL BIS Billing 3.0]
18:13:43 INFO  SchematronXsltChecker - Running Schematron XSTL-based validation
18:13:43 INFO  ValidationInstance - Loading document from stream
18:13:43 INFO  ValidationInstance -   Detected declaration: xml.test (with converter)
18:13:43 INFO  ValidationInstance -   Detected expectation: 6) ICD 0217 (Dutch KVK Establishment number) Format check.
18:13:43 INFO  ValidationInstance - Validating 'eu.peppol.postaward.v3.billing-c801e0b9-893b-41f6-b617-68d2896dcb4c.asice#sch/PEPPOL-EN16931-UBL.sch' with Engine [PEPPOL BIS Billing 3.0]
18:13:43 INFO  SchematronXsltChecker - Running Schematron XSTL-based validation
18:13:43 INFO  ValidationInstance - Loading document from stream
18:13:43 INFO  ValidationInstance -   Detected declaration: xml.test (with converter)
18:13:43 INFO  ValidationInstance -   Detected expectation: 7) ICD 0217 (Dutch KVK Establishment number) Format check.
18:13:43 INFO  ValidationInstance - Validating 'eu.peppol.postaward.v3.billing-c801e0b9-893b-41f6-b617-68d2896dcb4c.asice#sch/PEPPOL-EN16931-UBL.sch' with Engine [PEPPOL BIS Billing 3.0]
18:13:43 INFO  SchematronXsltChecker - Running Schematron XSTL-based validation
18:13:43 INFO  ValidationInstance - Loading document from stream
18:13:43 INFO  ValidationInstance -   Detected declaration: xml.test (with converter)
18:13:43 INFO  ValidationInstance -   Detected expectation: 8) ICD 0217 (Dutch KVK Establishment number) Format check.
18:13:43 INFO  ValidationInstance - Validating 'eu.peppol.postaward.v3.billing-c801e0b9-893b-41f6-b617-68d2896dcb4c.asice#sch/PEPPOL-EN16931-UBL.sch' with Engine [PEPPOL BIS Billing 3.0]
18:13:43 INFO  SchematronXsltChecker - Running Schematron XSTL-based validation
18:13:43 INFO  ValidationInstance - Loading document from stream
18:13:43 INFO  ValidationInstance -   Detected declaration: xml.test (with converter)
18:13:43 INFO  ValidationInstance -   Detected expectation: 9) ICD 0217 (Dutch KVK Establishment number) Format check.
18:13:43 INFO  ValidationInstance - Validating 'eu.peppol.postaward.v3.billing-c801e0b9-893b-41f6-b617-68d2896dcb4c.asice#sch/PEPPOL-EN16931-UBL.sch' with Engine [PEPPOL BIS Billing 3.0]
18:13:43 INFO  SchematronXsltChecker - Running Schematron XSTL-based validation
18:13:43 INFO  ValidationInstance - Loading document from stream
18:13:43 INFO  ValidationInstance -   Detected declaration: xml.test (with converter)
18:13:43 INFO  ValidationInstance -   Detected expectation: 10) ICD 0217 (Dutch KVK Establishment number) Format check.
18:13:43 INFO  ValidationInstance - Validating 'eu.peppol.postaward.v3.billing-c801e0b9-893b-41f6-b617-68d2896dcb4c.asice#sch/PEPPOL-EN16931-UBL.sch' with Engine [PEPPOL BIS Billing 3.0]
18:13:43 INFO  SchematronXsltChecker - Running Schematron XSTL-based validation
18:13:43 INFO  ValidationInstance - Loading document from stream
18:13:43 INFO  ValidationInstance -   Detected declaration: xml.test (with converter)
18:13:43 INFO  ValidationInstance -   Detected expectation: 11) ICD 0217 (Dutch KVK Establishment number) Format check.
18:13:43 INFO  ValidationInstance - Validating 'eu.peppol.postaward.v3.billing-c801e0b9-893b-41f6-b617-68d2896dcb4c.asice#sch/PEPPOL-EN16931-UBL.sch' with Engine [PEPPOL BIS Billing 3.0]
18:13:43 INFO  SchematronXsltChecker - Running Schematron XSTL-based validation
18:13:43 INFO  ValidationInstance - Loading document from stream
18:13:43 INFO  ValidationInstance -   Detected declaration: xml.test (with converter)
18:13:43 INFO  ValidationInstance -   Detected expectation: 12) ICD 0217 (Dutch KVK Establishment number) Format check.
18:13:43 INFO  ValidationInstance - Validating 'eu.peppol.postaward.v3.billing-c801e0b9-893b-41f6-b617-68d2896dcb4c.asice#sch/PEPPOL-EN16931-UBL.sch' with Engine [PEPPOL BIS Billing 3.0]
18:13:43 INFO  SchematronXsltChecker - Running Schematron XSTL-based validation
18:13:43 INFO  ValidationInstance - Loading document from stream
18:13:43 INFO  ValidationInstance -   Detected declaration: xml.test (with converter)
18:13:43 INFO  ValidationInstance -   Detected expectation: 13) ICD 0217 (Dutch KVK Establishment number) Format check.
18:13:43 INFO  ValidationInstance - Validating 'eu.peppol.postaward.v3.billing-c801e0b9-893b-41f6-b617-68d2896dcb4c.asice#sch/PEPPOL-EN16931-UBL.sch' with Engine [PEPPOL BIS Billing 3.0]
18:13:43 INFO  SchematronXsltChecker - Running Schematron XSTL-based validation
18:13:43 INFO  ValidationInstance - Loading document from stream
18:13:43 INFO  ValidationInstance -   Detected declaration: xml.test (with converter)
18:13:43 INFO  ValidationInstance -   Detected expectation: 14) ICD 0217 (Dutch KVK Establishment number) Format check.
18:13:43 INFO  ValidationInstance - Validating 'eu.peppol.postaward.v3.billing-c801e0b9-893b-41f6-b617-68d2896dcb4c.asice#sch/PEPPOL-EN16931-UBL.sch' with Engine [PEPPOL BIS Billing 3.0]
18:13:43 INFO  SchematronXsltChecker - Running Schematron XSTL-based validation
18:13:43 INFO  ValidationInstance - Loading document from stream
18:13:43 INFO  ValidationInstance -   Detected declaration: xml.test (with converter)
18:13:43 INFO  ValidationInstance -   Detected expectation: 15) ICD 0217 (Dutch KVK Establishment number) Format check.
18:13:43 INFO  ValidationInstance - Validating 'eu.peppol.postaward.v3.billing-c801e0b9-893b-41f6-b617-68d2896dcb4c.asice#sch/PEPPOL-EN16931-UBL.sch' with Engine [PEPPOL BIS Billing 3.0]
18:13:43 INFO  SchematronXsltChecker - Running Schematron XSTL-based validation
18:13:43 INFO  ValidationInstance - Loading document from stream
18:13:43 INFO  ValidationInstance -   Detected declaration: xml.test (with converter)
18:13:43 INFO  ValidationInstance -   Detected expectation: 16) ICD 0217 (Dutch KVK Establishment number) Format check.
18:13:43 INFO  ValidationInstance - Validating 'eu.peppol.postaward.v3.billing-c801e0b9-893b-41f6-b617-68d2896dcb4c.asice#sch/PEPPOL-EN16931-UBL.sch' with Engine [PEPPOL BIS Billing 3.0]
18:13:43 INFO  SchematronXsltChecker - Running Schematron XSTL-based validation
18:13:43 INFO  ValidationInstance - Loading document from stream
18:13:43 INFO  ValidationInstance -   Detected declaration: xml.test (with converter)
18:13:43 INFO  ValidationInstance -   Detected expectation: 17) ICD 0217 (Dutch KVK Establishment number) Format check.
18:13:43 INFO  ValidationInstance - Validating 'eu.peppol.postaward.v3.billing-c801e0b9-893b-41f6-b617-68d2896dcb4c.asice#sch/PEPPOL-EN16931-UBL.sch' with Engine [PEPPOL BIS Billing 3.0]
18:13:43 INFO  SchematronXsltChecker - Running Schematron XSTL-based validation
18:13:43 INFO  ValidationInstance - Loading document from stream
18:13:43 INFO  ValidationInstance -   Detected declaration: xml.test (with converter)
18:13:43 INFO  ValidationInstance -   Detected expectation: 18) ICD 0217 (Dutch KVK Establishment number) Format check.
18:13:43 INFO  ValidationInstance - Validating 'eu.peppol.postaward.v3.billing-c801e0b9-893b-41f6-b617-68d2896dcb4c.asice#sch/PEPPOL-EN16931-UBL.sch' with Engine [PEPPOL BIS Billing 3.0]
18:13:43 INFO  SchematronXsltChecker - Running Schematron XSTL-based validation
18:13:43 INFO  ValidationInstance - Loading document from stream
18:13:43 INFO  ValidationInstance -   Detected declaration: xml.test (with converter)
18:13:43 INFO  ValidationInstance -   Detected expectation: 19) ICD 0217 (Dutch KVK Establishment number) Format check.
18:13:43 INFO  ValidationInstance - Validating 'eu.peppol.postaward.v3.billing-c801e0b9-893b-41f6-b617-68d2896dcb4c.asice#sch/PEPPOL-EN16931-UBL.sch' with Engine [PEPPOL BIS Billing 3.0]
18:13:43 INFO  SchematronXsltChecker - Running Schematron XSTL-based validation
18:13:43 INFO  ValidationInstance - Loading document from stream
18:13:43 INFO  ValidationInstance -   Detected declaration: xml.test (with converter)
18:13:43 INFO  ValidationInstance -   Detected expectation: 20) ICD 0217 (Dutch KVK Establishment number) Format check.
18:13:43 INFO  ValidationInstance - Validating 'eu.peppol.postaward.v3.billing-c801e0b9-893b-41f6-b617-68d2896dcb4c.asice#sch/PEPPOL-EN16931-UBL.sch' with Engine [PEPPOL BIS Billing 3.0]
18:13:43 INFO  SchematronXsltChecker - Running Schematron XSTL-based validation
18:13:43 INFO  ValidationInstance - Loading document from stream
18:13:43 INFO  ValidationInstance -   Detected declaration: xml.test (with converter)
18:13:43 INFO  ValidationInstance -   Detected expectation: 21) ICD 0217 (Dutch KVK Establishment number) Format check.
18:13:43 INFO  ValidationInstance - Validating 'eu.peppol.postaward.v3.billing-c801e0b9-893b-41f6-b617-68d2896dcb4c.asice#sch/PEPPOL-EN16931-UBL.sch' with Engine [PEPPOL BIS Billing 3.0]
18:13:43 INFO  SchematronXsltChecker - Running Schematron XSTL-based validation
18:13:44 INFO  ValidationInstance - Loading document from stream
18:13:44 INFO  ValidationInstance -   Detected declaration: xml.test (with converter)
18:13:44 INFO  ValidationInstance -   Detected expectation: 22) ICD 0217 (Dutch KVK Establishment number) Format check.
18:13:44 INFO  ValidationInstance - Validating 'eu.peppol.postaward.v3.billing-c801e0b9-893b-41f6-b617-68d2896dcb4c.asice#sch/PEPPOL-EN16931-UBL.sch' with Engine [PEPPOL BIS Billing 3.0]
18:13:44 INFO  SchematronXsltChecker - Running Schematron XSTL-based validation
18:13:44 INFO  ValidationInstance - Loading document from stream
18:13:44 INFO  ValidationInstance -   Detected declaration: xml.test (with converter)
18:13:44 INFO  ValidationInstance -   Detected expectation: 23) ICD 0217 (Dutch KVK Establishment number) Format check.
18:13:44 INFO  ValidationInstance - Validating 'eu.peppol.postaward.v3.billing-c801e0b9-893b-41f6-b617-68d2896dcb4c.asice#sch/PEPPOL-EN16931-UBL.sch' with Engine [PEPPOL BIS Billing 3.0]
18:13:44 INFO  SchematronXsltChecker - Running Schematron XSTL-based validation
18:13:44 INFO  ValidationInstance - Loading document from stream
18:13:44 INFO  ValidationInstance -   Detected declaration: xml.test (with converter)
18:13:44 INFO  ValidationInstance -   Detected expectation: 24) ICD 0217 (Dutch KVK Establishment number) Format check.
18:13:44 INFO  ValidationInstance - Validating 'eu.peppol.postaward.v3.billing-c801e0b9-893b-41f6-b617-68d2896dcb4c.asice#sch/PEPPOL-EN16931-UBL.sch' with Engine [PEPPOL BIS Billing 3.0]
18:13:44 INFO  SchematronXsltChecker - Running Schematron XSTL-based validation
18:13:44 INFO  Tester - TestSet '/src/rules/unit-UBL-PEPPOL/PEPPOL-COMMON-R057.xml'
18:13:44 INFO  ValidationInstance - Loading document from stream
18:13:44 INFO  ValidationInstance -   Detected declaration: xml.testset (with children)
18:13:44 INFO  ValidationInstance - Loading document from stream
18:13:44 INFO  ValidationInstance -   Detected declaration: xml.test (with converter)
18:13:44 INFO  ValidationInstance -   Detected expectation: 1) Correct use of mime codes.
18:13:44 INFO  ValidationInstance - Validating 'eu.peppol.postaward.v3.billing-c801e0b9-893b-41f6-b617-68d2896dcb4c.asice#sch/PEPPOL-EN16931-UBL.sch' with Engine [PEPPOL BIS Billing 3.0]
18:13:44 INFO  SchematronXsltChecker - Running Schematron XSTL-based validation
18:13:44 INFO  ValidationInstance - Loading document from stream
18:13:44 INFO  ValidationInstance -   Detected declaration: xml.test (with converter)
18:13:44 INFO  ValidationInstance -   Detected expectation: 2) Correct use of mime codes.
18:13:44 INFO  ValidationInstance - Validating 'eu.peppol.postaward.v3.billing-c801e0b9-893b-41f6-b617-68d2896dcb4c.asice#sch/PEPPOL-EN16931-UBL.sch' with Engine [PEPPOL BIS Billing 3.0]
18:13:44 INFO  SchematronXsltChecker - Running Schematron XSTL-based validation
18:13:44 INFO  Tester - TestSet '/src/rules/unit-UBL-PEPPOL/PEPPOL-EN16931-CL001.xml'
18:13:44 INFO  ValidationInstance - Loading document from stream
18:13:44 INFO  ValidationInstance -   Detected declaration: xml.testset (with children)
18:13:44 INFO  ValidationInstance - Loading document from stream
18:13:44 INFO  ValidationInstance -   Detected declaration: xml.test (with converter)
18:13:44 INFO  ValidationInstance -   Detected expectation: 1) Correct use of allowance codes.
18:13:44 INFO  ValidationInstance - Validating 'eu.peppol.postaward.v3.billing-c801e0b9-893b-41f6-b617-68d2896dcb4c.asice#sch/PEPPOL-EN16931-UBL.sch' with Engine [PEPPOL BIS Billing 3.0]
18:13:44 INFO  SchematronXsltChecker - Running Schematron XSTL-based validation
18:13:44 INFO  ValidationInstance - Loading document from stream
18:13:44 INFO  ValidationInstance -   Detected declaration: xml.test (with converter)
18:13:44 INFO  ValidationInstance -   Detected expectation: 2) Correct use of allowance codes.
18:13:44 INFO  ValidationInstance - Validating 'eu.peppol.postaward.v3.billing-c801e0b9-893b-41f6-b617-68d2896dcb4c.asice#sch/PEPPOL-EN16931-UBL.sch' with Engine [PEPPOL BIS Billing 3.0]
18:13:44 INFO  SchematronXsltChecker - Running Schematron XSTL-based validation
18:13:44 INFO  Tester - TestSet '/src/rules/unit-UBL-PEPPOL/PEPPOL-EN16931-CL002.xml'
18:13:44 INFO  ValidationInstance - Loading document from stream
18:13:44 INFO  ValidationInstance -   Detected declaration: xml.testset (with children)
18:13:44 INFO  ValidationInstance - Loading document from stream
18:13:44 INFO  ValidationInstance -   Detected declaration: xml.test (with converter)
18:13:44 INFO  ValidationInstance -   Detected expectation: 1) Correct use of charge codes.
18:13:44 INFO  ValidationInstance - Validating 'eu.peppol.postaward.v3.billing-c801e0b9-893b-41f6-b617-68d2896dcb4c.asice#sch/PEPPOL-EN16931-UBL.sch' with Engine [PEPPOL BIS Billing 3.0]
18:13:44 INFO  SchematronXsltChecker - Running Schematron XSTL-based validation
18:13:44 INFO  ValidationInstance - Loading document from stream
18:13:44 INFO  ValidationInstance -   Detected declaration: xml.test (with converter)
18:13:44 INFO  ValidationInstance -   Detected expectation: 2) Correct use of charge codes.
18:13:44 INFO  ValidationInstance - Validating 'eu.peppol.postaward.v3.billing-c801e0b9-893b-41f6-b617-68d2896dcb4c.asice#sch/PEPPOL-EN16931-UBL.sch' with Engine [PEPPOL BIS Billing 3.0]
18:13:44 INFO  SchematronXsltChecker - Running Schematron XSTL-based validation
18:13:44 INFO  Tester - TestSet '/src/rules/unit-UBL-PEPPOL/PEPPOL-EN16931-CL003.xml'
18:13:44 INFO  ValidationInstance - Loading document from stream
18:13:44 INFO  ValidationInstance -   Detected declaration: xml.testset (with children)
18:13:44 INFO  ValidationInstance - Loading document from stream
18:13:44 INFO  ValidationInstance -   Detected declaration: xml.test (with converter)
18:13:44 INFO  ValidationInstance -   Detected expectation: 1) Correct use of invoice periode description code.
18:13:44 INFO  ValidationInstance - Validating 'eu.peppol.postaward.v3.billing-c801e0b9-893b-41f6-b617-68d2896dcb4c.asice#sch/PEPPOL-EN16931-UBL.sch' with Engine [PEPPOL BIS Billing 3.0]
18:13:44 INFO  SchematronXsltChecker - Running Schematron XSTL-based validation
18:13:44 INFO  ValidationInstance - Loading document from stream
18:13:44 INFO  ValidationInstance -   Detected declaration: xml.test (with converter)
18:13:44 INFO  ValidationInstance -   Detected expectation: 2) Correct use of invoice periode description code.
18:13:44 INFO  ValidationInstance - Validating 'eu.peppol.postaward.v3.billing-c801e0b9-893b-41f6-b617-68d2896dcb4c.asice#sch/PEPPOL-EN16931-UBL.sch' with Engine [PEPPOL BIS Billing 3.0]
18:13:44 INFO  SchematronXsltChecker - Running Schematron XSTL-based validation
18:13:44 INFO  Tester - TestSet '/src/rules/unit-UBL-PEPPOL/PEPPOL-EN16931-CL006.xml'
18:13:44 INFO  ValidationInstance - Loading document from stream
18:13:44 INFO  ValidationInstance -   Detected declaration: xml.testset (with children)
18:13:44 INFO  ValidationInstance - Loading document from stream
18:13:44 INFO  ValidationInstance -   Detected declaration: xml.test (with converter)
18:13:44 INFO  ValidationInstance -   Detected expectation: 1) Verify currency is provided.
18:13:44 INFO  ValidationInstance - Validating 'eu.peppol.postaward.v3.billing-c801e0b9-893b-41f6-b617-68d2896dcb4c.asice#sch/PEPPOL-EN16931-UBL.sch' with Engine [PEPPOL BIS Billing 3.0]
18:13:44 INFO  SchematronXsltChecker - Running Schematron XSTL-based validation
18:13:44 INFO  ValidationInstance - Loading document from stream
18:13:44 INFO  ValidationInstance -   Detected declaration: xml.test (with converter)
18:13:44 INFO  ValidationInstance -   Detected expectation: 2) Verify currency is provided.
18:13:44 INFO  ValidationInstance - Validating 'eu.peppol.postaward.v3.billing-c801e0b9-893b-41f6-b617-68d2896dcb4c.asice#sch/PEPPOL-EN16931-UBL.sch' with Engine [PEPPOL BIS Billing 3.0]
18:13:44 INFO  SchematronXsltChecker - Running Schematron XSTL-based validation
18:13:44 INFO  Tester - TestSet '/src/rules/unit-UBL-PEPPOL/PEPPOL-EN16931-CL007.xml'
18:13:44 INFO  ValidationInstance - Loading document from stream
18:13:44 INFO  ValidationInstance -   Detected declaration: xml.testset (with children)
18:13:44 INFO  ValidationInstance - Loading document from stream
18:13:44 INFO  ValidationInstance -   Detected declaration: xml.test (with converter)
18:13:44 INFO  ValidationInstance -   Detected expectation: 1) Verify that EndpointID scheme identifier is from the eaid list
18:13:44 INFO  ValidationInstance - Validating 'eu.peppol.postaward.v3.billing-c801e0b9-893b-41f6-b617-68d2896dcb4c.asice#sch/PEPPOL-EN16931-UBL.sch' with Engine [PEPPOL BIS Billing 3.0]
18:13:44 INFO  SchematronXsltChecker - Running Schematron XSTL-based validation
18:13:44 INFO  ValidationInstance - Loading document from stream
18:13:44 INFO  ValidationInstance -   Detected declaration: xml.test (with converter)
18:13:44 INFO  ValidationInstance -   Detected expectation: 2) Verify that EndpointID scheme identifier is from the eaid list
18:13:44 INFO  ValidationInstance - Validating 'eu.peppol.postaward.v3.billing-c801e0b9-893b-41f6-b617-68d2896dcb4c.asice#sch/PEPPOL-EN16931-UBL.sch' with Engine [PEPPOL BIS Billing 3.0]
18:13:44 INFO  SchematronXsltChecker - Running Schematron XSTL-based validation
18:13:44 INFO  ValidationInstance - Loading document from stream
18:13:44 INFO  ValidationInstance -   Detected declaration: xml.test (with converter)
18:13:44 INFO  ValidationInstance -   Detected expectation: 3) Verify that EndpointID scheme identifier is from the eaid list
18:13:44 INFO  ValidationInstance - Validating 'eu.peppol.postaward.v3.billing-c801e0b9-893b-41f6-b617-68d2896dcb4c.asice#sch/PEPPOL-EN16931-UBL.sch' with Engine [PEPPOL BIS Billing 3.0]
18:13:44 INFO  SchematronXsltChecker - Running Schematron XSTL-based validation
18:13:44 INFO  ValidationInstance - Loading document from stream
18:13:44 INFO  ValidationInstance -   Detected declaration: xml.test (with converter)
18:13:44 INFO  ValidationInstance -   Detected expectation: 4) Verify that EndpointID scheme identifier is from the eaid list
18:13:44 INFO  ValidationInstance - Validating 'eu.peppol.postaward.v3.billing-c801e0b9-893b-41f6-b617-68d2896dcb4c.asice#sch/PEPPOL-EN16931-UBL.sch' with Engine [PEPPOL BIS Billing 3.0]
18:13:44 INFO  SchematronXsltChecker - Running Schematron XSTL-based validation
18:13:44 INFO  Tester - TestSet '/src/rules/unit-UBL-PEPPOL/PEPPOL-EN16931-CL008.xml'
18:13:44 INFO  ValidationInstance - Loading document from stream
18:13:44 INFO  ValidationInstance -   Detected declaration: xml.testset (with children)
18:13:44 INFO  ValidationInstance - Loading document from stream
18:13:44 INFO  ValidationInstance -   Detected declaration: xml.test (with converter)
18:13:44 INFO  ValidationInstance -   Detected expectation: 1) Verify formatting of date elements.
18:13:44 INFO  ValidationInstance - Validating 'eu.peppol.postaward.v3.billing-c801e0b9-893b-41f6-b617-68d2896dcb4c.asice#sch/PEPPOL-EN16931-UBL.sch' with Engine [PEPPOL BIS Billing 3.0]
18:13:44 INFO  SchematronXsltChecker - Running Schematron XSTL-based validation
18:13:44 INFO  ValidationInstance - Loading document from stream
18:13:44 INFO  ValidationInstance -   Detected declaration: xml.test (with converter)
18:13:44 INFO  ValidationInstance -   Detected expectation: 2) Verify formatting of date elements.
18:13:44 INFO  ValidationInstance - Validating 'eu.peppol.postaward.v3.billing-c801e0b9-893b-41f6-b617-68d2896dcb4c.asice#sch/PEPPOL-EN16931-UBL.sch' with Engine [PEPPOL BIS Billing 3.0]
18:13:44 INFO  SchematronXsltChecker - Running Schematron XSTL-based validation
18:13:44 INFO  Tester - TestSet '/src/rules/unit-UBL-PEPPOL/PEPPOL-EN16931-F001.xml'
18:13:44 INFO  ValidationInstance - Loading document from stream
18:13:44 INFO  ValidationInstance -   Detected declaration: xml.testset (with children)
18:13:44 INFO  ValidationInstance - Loading document from stream
18:13:44 INFO  ValidationInstance -   Detected declaration: xml.test (with converter)
18:13:44 INFO  ValidationInstance -   Detected expectation: 1) Verify invoice type code for profile 01.
18:13:44 INFO  ValidationInstance - Validating 'eu.peppol.postaward.v3.billing-c801e0b9-893b-41f6-b617-68d2896dcb4c.asice#sch/PEPPOL-EN16931-UBL.sch' with Engine [PEPPOL BIS Billing 3.0]
18:13:44 INFO  SchematronXsltChecker - Running Schematron XSTL-based validation
18:13:44 INFO  ValidationInstance - Loading document from stream
18:13:44 INFO  ValidationInstance -   Detected declaration: xml.test (with converter)
18:13:44 INFO  ValidationInstance -   Detected expectation: 2) Verify invoice type code for profile 01.
18:13:44 INFO  ValidationInstance - Validating 'eu.peppol.postaward.v3.billing-c801e0b9-893b-41f6-b617-68d2896dcb4c.asice#sch/PEPPOL-EN16931-UBL.sch' with Engine [PEPPOL BIS Billing 3.0]
18:13:44 INFO  SchematronXsltChecker - Running Schematron XSTL-based validation
18:13:44 INFO  ValidationInstance - Loading document from stream
18:13:44 INFO  ValidationInstance -   Detected declaration: xml.test (with converter)
18:13:44 INFO  ValidationInstance -   Detected expectation: 3) Verify invoice type code for profile 01.
18:13:44 INFO  ValidationInstance - Validating 'eu.peppol.postaward.v3.billing-c801e0b9-893b-41f6-b617-68d2896dcb4c.asice#sch/PEPPOL-EN16931-UBL.sch' with Engine [PEPPOL BIS Billing 3.0]
18:13:44 INFO  SchematronXsltChecker - Running Schematron XSTL-based validation
18:13:44 INFO  ValidationInstance - Loading document from stream
18:13:44 INFO  ValidationInstance -   Detected declaration: xml.test (with converter)
18:13:44 INFO  ValidationInstance -   Detected expectation: 4) Verify invoice type code for profile 01.
18:13:44 INFO  ValidationInstance - Validating 'eu.peppol.postaward.v3.billing-c801e0b9-893b-41f6-b617-68d2896dcb4c.asice#sch/PEPPOL-EN16931-UBL.sch' with Engine [PEPPOL BIS Billing 3.0]
18:13:44 INFO  SchematronXsltChecker - Running Schematron XSTL-based validation
18:13:44 INFO  ValidationInstance - Loading document from stream
18:13:44 INFO  ValidationInstance -   Detected declaration: xml.test (with converter)
18:13:44 INFO  ValidationInstance -   Detected expectation: 5) Verify invoice type code for profile 01.
18:13:44 INFO  ValidationInstance - Validating 'eu.peppol.postaward.v3.billing-c801e0b9-893b-41f6-b617-68d2896dcb4c.asice#sch/PEPPOL-EN16931-UBL.sch' with Engine [PEPPOL BIS Billing 3.0]
18:13:44 INFO  SchematronXsltChecker - Running Schematron XSTL-based validation
18:13:44 INFO  ValidationInstance - Loading document from stream
18:13:44 INFO  ValidationInstance -   Detected declaration: xml.test (with converter)
18:13:44 INFO  ValidationInstance -   Detected expectation: 6) Verify invoice type code for profile 01.
18:13:44 INFO  ValidationInstance - Validating 'eu.peppol.postaward.v3.billing-c801e0b9-893b-41f6-b617-68d2896dcb4c.asice#sch/PEPPOL-EN16931-UBL.sch' with Engine [PEPPOL BIS Billing 3.0]
18:13:44 INFO  SchematronXsltChecker - Running Schematron XSTL-based validation
18:13:44 INFO  Tester - TestSet '/src/rules/unit-UBL-PEPPOL/PEPPOL-EN16931-P0100.xml'
18:13:44 INFO  ValidationInstance - Loading document from stream
18:13:44 INFO  ValidationInstance -   Detected declaration: xml.testset (with children)
18:13:44 INFO  ValidationInstance - Loading document from stream
18:13:44 INFO  ValidationInstance -   Detected declaration: xml.test (with converter)
18:13:44 INFO  ValidationInstance -   Detected expectation: 1) Verify credit note type code for profile 01.
18:13:44 INFO  ValidationInstance - Validating 'eu.peppol.postaward.v3.billing-c801e0b9-893b-41f6-b617-68d2896dcb4c.asice#sch/PEPPOL-EN16931-UBL.sch' with Engine [PEPPOL BIS Billing 3.0]
18:13:44 INFO  SchematronXsltChecker - Running Schematron XSTL-based validation
18:13:44 INFO  ValidationInstance - Loading document from stream
18:13:44 INFO  ValidationInstance -   Detected declaration: xml.test (with converter)
18:13:45 INFO  ValidationInstance -   Detected expectation: 2) Verify credit note type code for profile 01.
18:13:45 INFO  ValidationInstance - Validating 'eu.peppol.postaward.v3.billing-c801e0b9-893b-41f6-b617-68d2896dcb4c.asice#sch/PEPPOL-EN16931-UBL.sch' with Engine [PEPPOL BIS Billing 3.0]
18:13:45 INFO  SchematronXsltChecker - Running Schematron XSTL-based validation
18:13:45 INFO  ValidationInstance - Loading document from stream
18:13:45 INFO  ValidationInstance -   Detected declaration: xml.test (with converter)
18:13:45 INFO  ValidationInstance -   Detected expectation: 3) Verify credit note type code for profile 01.
18:13:45 INFO  ValidationInstance - Validating 'eu.peppol.postaward.v3.billing-c801e0b9-893b-41f6-b617-68d2896dcb4c.asice#sch/PEPPOL-EN16931-UBL.sch' with Engine [PEPPOL BIS Billing 3.0]
18:13:45 INFO  SchematronXsltChecker - Running Schematron XSTL-based validation
18:13:45 INFO  ValidationInstance - Loading document from stream
18:13:45 INFO  ValidationInstance -   Detected declaration: xml.test (with converter)
18:13:45 INFO  ValidationInstance -   Detected expectation: 4) Verify credit note type code for profile 01.
18:13:45 INFO  ValidationInstance - Validating 'eu.peppol.postaward.v3.billing-c801e0b9-893b-41f6-b617-68d2896dcb4c.asice#sch/PEPPOL-EN16931-UBL.sch' with Engine [PEPPOL BIS Billing 3.0]
18:13:45 INFO  SchematronXsltChecker - Running Schematron XSTL-based validation
18:13:45 INFO  ValidationInstance - Loading document from stream
18:13:45 INFO  ValidationInstance -   Detected declaration: xml.test (with converter)
18:13:45 INFO  ValidationInstance -   Detected expectation: 5) Verify credit note type code for profile 01.
18:13:45 INFO  ValidationInstance - Validating 'eu.peppol.postaward.v3.billing-c801e0b9-893b-41f6-b617-68d2896dcb4c.asice#sch/PEPPOL-EN16931-UBL.sch' with Engine [PEPPOL BIS Billing 3.0]
18:13:45 INFO  SchematronXsltChecker - Running Schematron XSTL-based validation
18:13:45 INFO  ValidationInstance - Loading document from stream
18:13:45 INFO  ValidationInstance -   Detected declaration: xml.test (with converter)
18:13:45 INFO  ValidationInstance -   Detected expectation: 6) Verify credit note type code for profile 01.
18:13:45 INFO  ValidationInstance - Validating 'eu.peppol.postaward.v3.billing-c801e0b9-893b-41f6-b617-68d2896dcb4c.asice#sch/PEPPOL-EN16931-UBL.sch' with Engine [PEPPOL BIS Billing 3.0]
18:13:45 INFO  SchematronXsltChecker - Running Schematron XSTL-based validation
18:13:45 INFO  Tester - TestSet '/src/rules/unit-UBL-PEPPOL/PEPPOL-EN16931-P0101.xml'
18:13:45 INFO  ValidationInstance - Loading document from stream
18:13:45 INFO  ValidationInstance -   Detected declaration: xml.testset (with children)
18:13:45 INFO  ValidationInstance - Loading document from stream
18:13:45 INFO  ValidationInstance -   Detected declaration: xml.test (with converter)
18:13:45 INFO  ValidationInstance -   Detected expectation: 1) Verify tax exemption reason codes in correspondance with category code.
18:13:45 INFO  ValidationInstance - Validating 'eu.peppol.postaward.v3.billing-c801e0b9-893b-41f6-b617-68d2896dcb4c.asice#sch/PEPPOL-EN16931-UBL.sch' with Engine [PEPPOL BIS Billing 3.0]
18:13:45 INFO  SchematronXsltChecker - Running Schematron XSTL-based validation
18:13:45 INFO  ValidationInstance - Loading document from stream
18:13:45 INFO  ValidationInstance -   Detected declaration: xml.test (with converter)
18:13:45 INFO  ValidationInstance -   Detected expectation: 2) Verify tax exemption reason codes in correspondance with category code.
18:13:45 INFO  ValidationInstance - Validating 'eu.peppol.postaward.v3.billing-c801e0b9-893b-41f6-b617-68d2896dcb4c.asice#sch/PEPPOL-EN16931-UBL.sch' with Engine [PEPPOL BIS Billing 3.0]
18:13:45 INFO  SchematronXsltChecker - Running Schematron XSTL-based validation
18:13:45 INFO  ValidationInstance - Loading document from stream
18:13:45 INFO  ValidationInstance -   Detected declaration: xml.test (with converter)
18:13:45 INFO  ValidationInstance -   Detected expectation: 3) Verify tax exemption reason codes in correspondance with category code.
18:13:45 INFO  ValidationInstance - Validating 'eu.peppol.postaward.v3.billing-c801e0b9-893b-41f6-b617-68d2896dcb4c.asice#sch/PEPPOL-EN16931-UBL.sch' with Engine [PEPPOL BIS Billing 3.0]
18:13:45 INFO  SchematronXsltChecker - Running Schematron XSTL-based validation
18:13:45 INFO  Tester - TestSet '/src/rules/unit-UBL-PEPPOL/PEPPOL-EN16931-P0104.xml'
18:13:45 INFO  ValidationInstance - Loading document from stream
18:13:45 INFO  ValidationInstance -   Detected declaration: xml.testset (with children)
18:13:45 INFO  ValidationInstance - Loading document from stream
18:13:45 INFO  ValidationInstance -   Detected declaration: xml.test (with converter)
18:13:45 INFO  ValidationInstance -   Detected expectation: 1) Verify tax exemption reason codes in correspondance with category code.
18:13:45 INFO  ValidationInstance - Validating 'eu.peppol.postaward.v3.billing-c801e0b9-893b-41f6-b617-68d2896dcb4c.asice#sch/PEPPOL-EN16931-UBL.sch' with Engine [PEPPOL BIS Billing 3.0]
18:13:45 INFO  SchematronXsltChecker - Running Schematron XSTL-based validation
18:13:45 INFO  ValidationInstance - Loading document from stream
18:13:45 INFO  ValidationInstance -   Detected declaration: xml.test (with converter)
18:13:45 INFO  ValidationInstance -   Detected expectation: 2) Verify tax exemption reason codes in correspondance with category code.
18:13:45 INFO  ValidationInstance - Validating 'eu.peppol.postaward.v3.billing-c801e0b9-893b-41f6-b617-68d2896dcb4c.asice#sch/PEPPOL-EN16931-UBL.sch' with Engine [PEPPOL BIS Billing 3.0]
18:13:45 INFO  SchematronXsltChecker - Running Schematron XSTL-based validation
18:13:45 INFO  ValidationInstance - Loading document from stream
18:13:45 INFO  ValidationInstance -   Detected declaration: xml.test (with converter)
18:13:45 INFO  ValidationInstance -   Detected expectation: 3) Verify tax exemption reason codes in correspondance with category code.
18:13:45 INFO  ValidationInstance - Validating 'eu.peppol.postaward.v3.billing-c801e0b9-893b-41f6-b617-68d2896dcb4c.asice#sch/PEPPOL-EN16931-UBL.sch' with Engine [PEPPOL BIS Billing 3.0]
18:13:45 INFO  SchematronXsltChecker - Running Schematron XSTL-based validation
18:13:45 INFO  Tester - TestSet '/src/rules/unit-UBL-PEPPOL/PEPPOL-EN16931-P0105.xml'
18:13:45 INFO  ValidationInstance - Loading document from stream
18:13:45 INFO  ValidationInstance -   Detected declaration: xml.testset (with children)
18:13:45 INFO  ValidationInstance - Loading document from stream
18:13:45 INFO  ValidationInstance -   Detected declaration: xml.test (with converter)
18:13:45 INFO  ValidationInstance -   Detected expectation: 1) Verify tax exemption reason codes in correspondance with category code.
18:13:45 INFO  ValidationInstance - Validating 'eu.peppol.postaward.v3.billing-c801e0b9-893b-41f6-b617-68d2896dcb4c.asice#sch/PEPPOL-EN16931-UBL.sch' with Engine [PEPPOL BIS Billing 3.0]
18:13:45 INFO  SchematronXsltChecker - Running Schematron XSTL-based validation
18:13:45 INFO  ValidationInstance - Loading document from stream
18:13:45 INFO  ValidationInstance -   Detected declaration: xml.test (with converter)
18:13:45 INFO  ValidationInstance -   Detected expectation: 2) Verify tax exemption reason codes in correspondance with category code.
18:13:45 INFO  ValidationInstance - Validating 'eu.peppol.postaward.v3.billing-c801e0b9-893b-41f6-b617-68d2896dcb4c.asice#sch/PEPPOL-EN16931-UBL.sch' with Engine [PEPPOL BIS Billing 3.0]
18:13:45 INFO  SchematronXsltChecker - Running Schematron XSTL-based validation
18:13:45 INFO  ValidationInstance - Loading document from stream
18:13:45 INFO  ValidationInstance -   Detected declaration: xml.test (with converter)
18:13:45 INFO  ValidationInstance -   Detected expectation: 3) Verify tax exemption reason codes in correspondance with category code.
18:13:45 INFO  ValidationInstance - Validating 'eu.peppol.postaward.v3.billing-c801e0b9-893b-41f6-b617-68d2896dcb4c.asice#sch/PEPPOL-EN16931-UBL.sch' with Engine [PEPPOL BIS Billing 3.0]
18:13:45 INFO  SchematronXsltChecker - Running Schematron XSTL-based validation
18:13:45 INFO  Tester - TestSet '/src/rules/unit-UBL-PEPPOL/PEPPOL-EN16931-P0106.xml'
18:13:45 INFO  ValidationInstance - Loading document from stream
18:13:45 INFO  ValidationInstance -   Detected declaration: xml.testset (with children)
18:13:45 INFO  ValidationInstance - Loading document from stream
18:13:45 INFO  ValidationInstance -   Detected declaration: xml.test (with converter)
18:13:45 INFO  ValidationInstance -   Detected expectation: 1) Verify tax exemption reason codes in correspondance with category code.
18:13:45 INFO  ValidationInstance - Validating 'eu.peppol.postaward.v3.billing-c801e0b9-893b-41f6-b617-68d2896dcb4c.asice#sch/PEPPOL-EN16931-UBL.sch' with Engine [PEPPOL BIS Billing 3.0]
18:13:45 INFO  SchematronXsltChecker - Running Schematron XSTL-based validation
18:13:45 INFO  ValidationInstance - Loading document from stream
18:13:45 INFO  ValidationInstance -   Detected declaration: xml.test (with converter)
18:13:45 INFO  ValidationInstance -   Detected expectation: 2) Verify tax exemption reason codes in correspondance with category code.
18:13:45 INFO  ValidationInstance - Validating 'eu.peppol.postaward.v3.billing-c801e0b9-893b-41f6-b617-68d2896dcb4c.asice#sch/PEPPOL-EN16931-UBL.sch' with Engine [PEPPOL BIS Billing 3.0]
18:13:45 INFO  SchematronXsltChecker - Running Schematron XSTL-based validation
18:13:45 INFO  ValidationInstance - Loading document from stream
18:13:45 INFO  ValidationInstance -   Detected declaration: xml.test (with converter)
18:13:45 INFO  ValidationInstance -   Detected expectation: 3) Verify tax exemption reason codes in correspondance with category code.
18:13:45 INFO  ValidationInstance - Validating 'eu.peppol.postaward.v3.billing-c801e0b9-893b-41f6-b617-68d2896dcb4c.asice#sch/PEPPOL-EN16931-UBL.sch' with Engine [PEPPOL BIS Billing 3.0]
18:13:45 INFO  SchematronXsltChecker - Running Schematron XSTL-based validation
18:13:45 INFO  Tester - TestSet '/src/rules/unit-UBL-PEPPOL/PEPPOL-EN16931-P0107.xml'
18:13:45 INFO  ValidationInstance - Loading document from stream
18:13:45 INFO  ValidationInstance -   Detected declaration: xml.testset (with children)
18:13:45 INFO  ValidationInstance - Loading document from stream
18:13:45 INFO  ValidationInstance -   Detected declaration: xml.test (with converter)
18:13:45 INFO  ValidationInstance -   Detected expectation: 1) Verify tax exemption reason codes in correspondance with category code.
18:13:45 INFO  ValidationInstance - Validating 'eu.peppol.postaward.v3.billing-c801e0b9-893b-41f6-b617-68d2896dcb4c.asice#sch/PEPPOL-EN16931-UBL.sch' with Engine [PEPPOL BIS Billing 3.0]
18:13:45 INFO  SchematronXsltChecker - Running Schematron XSTL-based validation
18:13:45 INFO  ValidationInstance - Loading document from stream
18:13:45 INFO  ValidationInstance -   Detected declaration: xml.test (with converter)
18:13:45 INFO  ValidationInstance -   Detected expectation: 2) Verify tax exemption reason codes in correspondance with category code.
18:13:45 INFO  ValidationInstance - Validating 'eu.peppol.postaward.v3.billing-c801e0b9-893b-41f6-b617-68d2896dcb4c.asice#sch/PEPPOL-EN16931-UBL.sch' with Engine [PEPPOL BIS Billing 3.0]
18:13:45 INFO  SchematronXsltChecker - Running Schematron XSTL-based validation
18:13:45 INFO  ValidationInstance - Loading document from stream
18:13:45 INFO  ValidationInstance -   Detected declaration: xml.test (with converter)
18:13:45 INFO  ValidationInstance -   Detected expectation: 3) Verify tax exemption reason codes in correspondance with category code.
18:13:45 INFO  ValidationInstance - Validating 'eu.peppol.postaward.v3.billing-c801e0b9-893b-41f6-b617-68d2896dcb4c.asice#sch/PEPPOL-EN16931-UBL.sch' with Engine [PEPPOL BIS Billing 3.0]
18:13:45 INFO  SchematronXsltChecker - Running Schematron XSTL-based validation
18:13:45 INFO  Tester - TestSet '/src/rules/unit-UBL-PEPPOL/PEPPOL-EN16931-P0108.xml'
18:13:45 INFO  ValidationInstance - Loading document from stream
18:13:45 INFO  ValidationInstance -   Detected declaration: xml.testset (with children)
18:13:45 INFO  ValidationInstance - Loading document from stream
18:13:45 INFO  ValidationInstance -   Detected declaration: xml.test (with converter)
18:13:45 INFO  ValidationInstance -   Detected expectation: 1) Verify tax exemption reason codes in correspondance with category code.
18:13:45 INFO  ValidationInstance - Validating 'eu.peppol.postaward.v3.billing-c801e0b9-893b-41f6-b617-68d2896dcb4c.asice#sch/PEPPOL-EN16931-UBL.sch' with Engine [PEPPOL BIS Billing 3.0]
18:13:45 INFO  SchematronXsltChecker - Running Schematron XSTL-based validation
18:13:45 INFO  ValidationInstance - Loading document from stream
18:13:45 INFO  ValidationInstance -   Detected declaration: xml.test (with converter)
18:13:45 INFO  ValidationInstance -   Detected expectation: 2) Verify tax exemption reason codes in correspondance with category code.
18:13:45 INFO  ValidationInstance - Validating 'eu.peppol.postaward.v3.billing-c801e0b9-893b-41f6-b617-68d2896dcb4c.asice#sch/PEPPOL-EN16931-UBL.sch' with Engine [PEPPOL BIS Billing 3.0]
18:13:45 INFO  SchematronXsltChecker - Running Schematron XSTL-based validation
18:13:45 INFO  ValidationInstance - Loading document from stream
18:13:45 INFO  ValidationInstance -   Detected declaration: xml.test (with converter)
18:13:45 INFO  ValidationInstance -   Detected expectation: 3) Verify tax exemption reason codes in correspondance with category code.
18:13:45 INFO  ValidationInstance - Validating 'eu.peppol.postaward.v3.billing-c801e0b9-893b-41f6-b617-68d2896dcb4c.asice#sch/PEPPOL-EN16931-UBL.sch' with Engine [PEPPOL BIS Billing 3.0]
18:13:45 INFO  SchematronXsltChecker - Running Schematron XSTL-based validation
18:13:45 INFO  Tester - TestSet '/src/rules/unit-UBL-PEPPOL/PEPPOL-EN16931-P0109.xml'
18:13:45 INFO  ValidationInstance - Loading document from stream
18:13:45 INFO  ValidationInstance -   Detected declaration: xml.testset (with children)
18:13:45 INFO  ValidationInstance - Loading document from stream
18:13:45 INFO  ValidationInstance -   Detected declaration: xml.test (with converter)
18:13:45 INFO  ValidationInstance -   Detected expectation: 1) Verify tax exemption reason codes in correspondance with category code.
18:13:45 INFO  ValidationInstance - Validating 'eu.peppol.postaward.v3.billing-c801e0b9-893b-41f6-b617-68d2896dcb4c.asice#sch/PEPPOL-EN16931-UBL.sch' with Engine [PEPPOL BIS Billing 3.0]
18:13:45 INFO  SchematronXsltChecker - Running Schematron XSTL-based validation
18:13:45 INFO  ValidationInstance - Loading document from stream
18:13:45 INFO  ValidationInstance -   Detected declaration: xml.test (with converter)
18:13:45 INFO  ValidationInstance -   Detected expectation: 2) Verify tax exemption reason codes in correspondance with category code.
18:13:45 INFO  ValidationInstance - Validating 'eu.peppol.postaward.v3.billing-c801e0b9-893b-41f6-b617-68d2896dcb4c.asice#sch/PEPPOL-EN16931-UBL.sch' with Engine [PEPPOL BIS Billing 3.0]
18:13:45 INFO  SchematronXsltChecker - Running Schematron XSTL-based validation
18:13:45 INFO  ValidationInstance - Loading document from stream
18:13:45 INFO  ValidationInstance -   Detected declaration: xml.test (with converter)
18:13:45 INFO  ValidationInstance -   Detected expectation: 3) Verify tax exemption reason codes in correspondance with category code.
18:13:45 INFO  ValidationInstance - Validating 'eu.peppol.postaward.v3.billing-c801e0b9-893b-41f6-b617-68d2896dcb4c.asice#sch/PEPPOL-EN16931-UBL.sch' with Engine [PEPPOL BIS Billing 3.0]
18:13:45 INFO  SchematronXsltChecker - Running Schematron XSTL-based validation
18:13:45 INFO  Tester - TestSet '/src/rules/unit-UBL-PEPPOL/PEPPOL-EN16931-P0110.xml'
18:13:45 INFO  ValidationInstance - Loading document from stream
18:13:45 INFO  ValidationInstance -   Detected declaration: xml.testset (with children)
18:13:45 INFO  ValidationInstance - Loading document from stream
18:13:45 INFO  ValidationInstance -   Detected declaration: xml.test (with converter)
18:13:45 INFO  ValidationInstance -   Detected expectation: 1) Verify tax exemption reason codes in correspondance with category code.
18:13:45 INFO  ValidationInstance - Validating 'eu.peppol.postaward.v3.billing-c801e0b9-893b-41f6-b617-68d2896dcb4c.asice#sch/PEPPOL-EN16931-UBL.sch' with Engine [PEPPOL BIS Billing 3.0]
18:13:45 INFO  SchematronXsltChecker - Running Schematron XSTL-based validation
18:13:45 INFO  ValidationInstance - Loading document from stream
18:13:45 INFO  ValidationInstance -   Detected declaration: xml.test (with converter)
18:13:45 INFO  ValidationInstance -   Detected expectation: 2) Verify tax exemption reason codes in correspondance with category code.
18:13:45 INFO  ValidationInstance - Validating 'eu.peppol.postaward.v3.billing-c801e0b9-893b-41f6-b617-68d2896dcb4c.asice#sch/PEPPOL-EN16931-UBL.sch' with Engine [PEPPOL BIS Billing 3.0]
18:13:45 INFO  SchematronXsltChecker - Running Schematron XSTL-based validation
18:13:45 INFO  ValidationInstance - Loading document from stream
18:13:46 INFO  ValidationInstance -   Detected declaration: xml.test (with converter)
18:13:46 INFO  ValidationInstance -   Detected expectation: 3) Verify tax exemption reason codes in correspondance with category code.
18:13:46 INFO  ValidationInstance - Validating 'eu.peppol.postaward.v3.billing-c801e0b9-893b-41f6-b617-68d2896dcb4c.asice#sch/PEPPOL-EN16931-UBL.sch' with Engine [PEPPOL BIS Billing 3.0]
18:13:46 INFO  SchematronXsltChecker - Running Schematron XSTL-based validation
18:13:46 INFO  Tester - TestSet '/src/rules/unit-UBL-PEPPOL/PEPPOL-EN16931-P0111.xml'
18:13:46 INFO  ValidationInstance - Loading document from stream
18:13:46 INFO  ValidationInstance -   Detected declaration: xml.testset (with children)
18:13:46 INFO  ValidationInstance - Loading document from stream
18:13:46 INFO  ValidationInstance -   Detected declaration: xml.test (with converter)
18:13:46 INFO  ValidationInstance -   Detected expectation: 1) Invoice type code 326 or 384 are only allowed when both buyer and
        seller are German organizations.
18:13:46 INFO  ValidationInstance - Validating 'eu.peppol.postaward.v3.billing-c801e0b9-893b-41f6-b617-68d2896dcb4c.asice#sch/PEPPOL-EN16931-UBL.sch' with Engine [PEPPOL BIS Billing 3.0]
18:13:46 INFO  SchematronXsltChecker - Running Schematron XSTL-based validation
18:13:46 INFO  ValidationInstance - Loading document from stream
18:13:46 INFO  ValidationInstance -   Detected declaration: xml.test (with converter)
18:13:46 INFO  ValidationInstance -   Detected expectation: 2) Invoice type code 326 or 384 are only allowed when both buyer and
        seller are German organizations.
18:13:46 INFO  ValidationInstance - Validating 'eu.peppol.postaward.v3.billing-c801e0b9-893b-41f6-b617-68d2896dcb4c.asice#sch/PEPPOL-EN16931-UBL.sch' with Engine [PEPPOL BIS Billing 3.0]
18:13:46 INFO  SchematronXsltChecker - Running Schematron XSTL-based validation
18:13:46 INFO  ValidationInstance - Loading document from stream
18:13:46 INFO  ValidationInstance -   Detected declaration: xml.test (with converter)
18:13:46 INFO  ValidationInstance -   Detected expectation: 3) Invoice type code 326 or 384 are only allowed when both buyer and
        seller are German organizations.
18:13:46 INFO  ValidationInstance - Validating 'eu.peppol.postaward.v3.billing-c801e0b9-893b-41f6-b617-68d2896dcb4c.asice#sch/PEPPOL-EN16931-UBL.sch' with Engine [PEPPOL BIS Billing 3.0]
18:13:46 INFO  SchematronXsltChecker - Running Schematron XSTL-based validation
18:13:46 INFO  ValidationInstance - Loading document from stream
18:13:46 INFO  ValidationInstance -   Detected declaration: xml.test (with converter)
18:13:46 INFO  ValidationInstance -   Detected expectation: 4) Invoice type code 326 or 384 are only allowed when both buyer and
        seller are German organizations.
18:13:46 INFO  ValidationInstance - Validating 'eu.peppol.postaward.v3.billing-c801e0b9-893b-41f6-b617-68d2896dcb4c.asice#sch/PEPPOL-EN16931-UBL.sch' with Engine [PEPPOL BIS Billing 3.0]
18:13:46 INFO  SchematronXsltChecker - Running Schematron XSTL-based validation
18:13:46 INFO  Tester - TestSet '/src/rules/unit-UBL-PEPPOL/PEPPOL-EN16931-P0112.xml'
18:13:46 INFO  ValidationInstance - Loading document from stream
18:13:46 INFO  ValidationInstance -   Detected declaration: xml.testset (with children)
18:13:46 INFO  ValidationInstance - Loading document from stream
18:13:46 INFO  ValidationInstance -   Detected declaration: xml.test (with converter)
18:13:46 INFO  ValidationInstance -   Detected expectation: 1) Verify existence of ProfileID.
18:13:46 INFO  ValidationInstance - Validating 'eu.peppol.postaward.v3.billing-c801e0b9-893b-41f6-b617-68d2896dcb4c.asice#sch/PEPPOL-EN16931-UBL.sch' with Engine [PEPPOL BIS Billing 3.0]
18:13:46 INFO  SchematronXsltChecker - Running Schematron XSTL-based validation
18:13:46 INFO  ValidationInstance - Loading document from stream
18:13:46 INFO  ValidationInstance -   Detected declaration: xml.test (with converter)
18:13:46 INFO  ValidationInstance -   Detected expectation: 2) Verify existence of ProfileID.
18:13:46 INFO  ValidationInstance - Validating 'eu.peppol.postaward.v3.billing-c801e0b9-893b-41f6-b617-68d2896dcb4c.asice#sch/PEPPOL-EN16931-UBL.sch' with Engine [PEPPOL BIS Billing 3.0]
18:13:46 INFO  SchematronXsltChecker - Running Schematron XSTL-based validation
18:13:46 INFO  Tester - TestSet '/src/rules/unit-UBL-PEPPOL/PEPPOL-EN16931-R001.xml'
18:13:46 INFO  ValidationInstance - Loading document from stream
18:13:46 INFO  ValidationInstance -   Detected declaration: xml.testset (with children)
18:13:46 INFO  ValidationInstance - Loading document from stream
18:13:46 INFO  ValidationInstance -   Detected declaration: xml.test (with converter)
18:13:46 INFO  ValidationInstance -   Detected expectation: 1) Verify existence of not more than a single Note element on line level.
18:13:46 INFO  ValidationInstance - Validating 'eu.peppol.postaward.v3.billing-c801e0b9-893b-41f6-b617-68d2896dcb4c.asice#sch/PEPPOL-EN16931-UBL.sch' with Engine [PEPPOL BIS Billing 3.0]
18:13:46 INFO  SchematronXsltChecker - Running Schematron XSTL-based validation
18:13:46 INFO  ValidationInstance - Loading document from stream
18:13:46 INFO  ValidationInstance -   Detected declaration: xml.test (with converter)
18:13:46 INFO  ValidationInstance -   Detected expectation: 2) Verify existence of not more than a single Note element on line level.
18:13:46 INFO  ValidationInstance - Validating 'eu.peppol.postaward.v3.billing-c801e0b9-893b-41f6-b617-68d2896dcb4c.asice#sch/PEPPOL-EN16931-UBL.sch' with Engine [PEPPOL BIS Billing 3.0]
18:13:46 INFO  SchematronXsltChecker - Running Schematron XSTL-based validation
18:13:46 INFO  ValidationInstance - Loading document from stream
18:13:46 INFO  ValidationInstance -   Detected declaration: xml.test (with converter)
18:13:46 INFO  ValidationInstance -   Detected expectation: 3) Verify existence of not more than a single Note element on line level.
18:13:46 INFO  ValidationInstance - Validating 'eu.peppol.postaward.v3.billing-c801e0b9-893b-41f6-b617-68d2896dcb4c.asice#sch/PEPPOL-EN16931-UBL.sch' with Engine [PEPPOL BIS Billing 3.0]
18:13:46 INFO  SchematronXsltChecker - Running Schematron XSTL-based validation
18:13:46 INFO  Tester - TestSet '/src/rules/unit-UBL-PEPPOL/PEPPOL-EN16931-R002.xml'
18:13:46 INFO  ValidationInstance - Loading document from stream
18:13:46 INFO  ValidationInstance -   Detected declaration: xml.testset (with children)
18:13:46 INFO  ValidationInstance - Loading document from stream
18:13:46 INFO  ValidationInstance -   Detected declaration: xml.test (with converter)
18:13:46 INFO  ValidationInstance -   Detected expectation: 1) Verify existence of buyer reference or purchase order reference.
18:13:46 INFO  ValidationInstance - Validating 'eu.peppol.postaward.v3.billing-c801e0b9-893b-41f6-b617-68d2896dcb4c.asice#sch/PEPPOL-EN16931-UBL.sch' with Engine [PEPPOL BIS Billing 3.0]
18:13:46 INFO  SchematronXsltChecker - Running Schematron XSTL-based validation
18:13:46 INFO  ValidationInstance - Loading document from stream
18:13:46 INFO  ValidationInstance -   Detected declaration: xml.test (with converter)
18:13:46 INFO  ValidationInstance -   Detected expectation: 2) Verify existence of buyer reference or purchase order reference.
18:13:46 INFO  ValidationInstance - Validating 'eu.peppol.postaward.v3.billing-c801e0b9-893b-41f6-b617-68d2896dcb4c.asice#sch/PEPPOL-EN16931-UBL.sch' with Engine [PEPPOL BIS Billing 3.0]
18:13:46 INFO  SchematronXsltChecker - Running Schematron XSTL-based validation
18:13:46 INFO  ValidationInstance - Loading document from stream
18:13:46 INFO  ValidationInstance -   Detected declaration: xml.test (with converter)
18:13:46 INFO  ValidationInstance -   Detected expectation: 3) Verify existence of buyer reference or purchase order reference.
18:13:46 INFO  ValidationInstance - Validating 'eu.peppol.postaward.v3.billing-c801e0b9-893b-41f6-b617-68d2896dcb4c.asice#sch/PEPPOL-EN16931-UBL.sch' with Engine [PEPPOL BIS Billing 3.0]
18:13:46 INFO  SchematronXsltChecker - Running Schematron XSTL-based validation
18:13:46 INFO  ValidationInstance - Loading document from stream
18:13:46 INFO  ValidationInstance -   Detected declaration: xml.test (with converter)
18:13:46 INFO  ValidationInstance -   Detected expectation: 4) Verify existence of buyer reference or purchase order reference.
18:13:46 INFO  ValidationInstance - Validating 'eu.peppol.postaward.v3.billing-c801e0b9-893b-41f6-b617-68d2896dcb4c.asice#sch/PEPPOL-EN16931-UBL.sch' with Engine [PEPPOL BIS Billing 3.0]
18:13:46 INFO  SchematronXsltChecker - Running Schematron XSTL-based validation
18:13:46 INFO  Tester - TestSet '/src/rules/unit-UBL-PEPPOL/PEPPOL-EN16931-R003.xml'
18:13:46 INFO  ValidationInstance - Loading document from stream
18:13:46 INFO  ValidationInstance -   Detected declaration: xml.testset (with children)
18:13:46 INFO  ValidationInstance - Loading document from stream
18:13:46 INFO  ValidationInstance -   Detected declaration: xml.test (with converter)
18:13:46 INFO  ValidationInstance -   Detected expectation: 1) Verify customization identifier.
18:13:46 INFO  ValidationInstance - Validating 'eu.peppol.postaward.v3.billing-c801e0b9-893b-41f6-b617-68d2896dcb4c.asice#sch/PEPPOL-EN16931-UBL.sch' with Engine [PEPPOL BIS Billing 3.0]
18:13:46 INFO  SchematronXsltChecker - Running Schematron XSTL-based validation
18:13:46 INFO  ValidationInstance - Loading document from stream
18:13:46 INFO  ValidationInstance -   Detected declaration: xml.test (with converter)
18:13:46 INFO  ValidationInstance -   Detected expectation: 2) Verify customization identifier.
18:13:46 INFO  ValidationInstance - Validating 'eu.peppol.postaward.v3.billing-c801e0b9-893b-41f6-b617-68d2896dcb4c.asice#sch/PEPPOL-EN16931-UBL.sch' with Engine [PEPPOL BIS Billing 3.0]
18:13:46 INFO  SchematronXsltChecker - Running Schematron XSTL-based validation
18:13:46 INFO  ValidationInstance - Loading document from stream
18:13:46 INFO  ValidationInstance -   Detected declaration: xml.test (with converter)
18:13:46 INFO  ValidationInstance -   Detected expectation: 3) Verify customization identifier.
18:13:46 INFO  ValidationInstance - Validating 'eu.peppol.postaward.v3.billing-c801e0b9-893b-41f6-b617-68d2896dcb4c.asice#sch/PEPPOL-EN16931-UBL.sch' with Engine [PEPPOL BIS Billing 3.0]
18:13:46 INFO  SchematronXsltChecker - Running Schematron XSTL-based validation
18:13:46 INFO  ValidationInstance - Loading document from stream
18:13:46 INFO  ValidationInstance -   Detected declaration: xml.test (with converter)
18:13:46 INFO  ValidationInstance -   Detected expectation: 4) Verify customization identifier.
18:13:46 INFO  ValidationInstance - Validating 'eu.peppol.postaward.v3.billing-c801e0b9-893b-41f6-b617-68d2896dcb4c.asice#sch/PEPPOL-EN16931-UBL.sch' with Engine [PEPPOL BIS Billing 3.0]
18:13:46 INFO  SchematronXsltChecker - Running Schematron XSTL-based validation
18:13:46 INFO  ValidationInstance - Loading document from stream
18:13:46 INFO  ValidationInstance -   Detected declaration: xml.test (with converter)
18:13:46 INFO  ValidationInstance -   Detected expectation: 5) Verify customization identifier.
18:13:46 INFO  ValidationInstance - Validating 'eu.peppol.postaward.v3.billing-c801e0b9-893b-41f6-b617-68d2896dcb4c.asice#sch/PEPPOL-EN16931-UBL.sch' with Engine [PEPPOL BIS Billing 3.0]
18:13:46 INFO  SchematronXsltChecker - Running Schematron XSTL-based validation
18:13:46 INFO  Tester - TestSet '/src/rules/unit-UBL-PEPPOL/PEPPOL-EN16931-R004.xml'
18:13:46 INFO  ValidationInstance - Loading document from stream
18:13:46 INFO  ValidationInstance -   Detected declaration: xml.testset (with children)
18:13:46 INFO  ValidationInstance - Loading document from stream
18:13:46 INFO  ValidationInstance -   Detected declaration: xml.test (with converter)
18:13:46 INFO  ValidationInstance -   Detected expectation: 1) Verify correct use of tax currency code.
18:13:46 INFO  ValidationInstance - Validating 'eu.peppol.postaward.v3.billing-c801e0b9-893b-41f6-b617-68d2896dcb4c.asice#sch/PEPPOL-EN16931-UBL.sch' with Engine [PEPPOL BIS Billing 3.0]
18:13:46 INFO  SchematronXsltChecker - Running Schematron XSTL-based validation
18:13:46 INFO  ValidationInstance - Loading document from stream
18:13:46 INFO  ValidationInstance -   Detected declaration: xml.test (with converter)
18:13:46 INFO  ValidationInstance -   Detected expectation: 2) Verify correct use of tax currency code.
18:13:46 INFO  ValidationInstance - Validating 'eu.peppol.postaward.v3.billing-c801e0b9-893b-41f6-b617-68d2896dcb4c.asice#sch/PEPPOL-EN16931-UBL.sch' with Engine [PEPPOL BIS Billing 3.0]
18:13:46 INFO  SchematronXsltChecker - Running Schematron XSTL-based validation
18:13:46 INFO  ValidationInstance - Loading document from stream
18:13:46 INFO  ValidationInstance -   Detected declaration: xml.test (with converter)
18:13:46 INFO  ValidationInstance -   Detected expectation: 3) Verify correct use of tax currency code.
18:13:46 INFO  ValidationInstance - Validating 'eu.peppol.postaward.v3.billing-c801e0b9-893b-41f6-b617-68d2896dcb4c.asice#sch/PEPPOL-EN16931-UBL.sch' with Engine [PEPPOL BIS Billing 3.0]
18:13:46 INFO  SchematronXsltChecker - Running Schematron XSTL-based validation
18:13:46 INFO  ValidationInstance - Loading document from stream
18:13:46 INFO  ValidationInstance -   Detected declaration: xml.test (with converter)
18:13:46 INFO  ValidationInstance -   Detected expectation: 4) Verify correct use of tax currency code.
18:13:46 INFO  ValidationInstance - Validating 'eu.peppol.postaward.v3.billing-c801e0b9-893b-41f6-b617-68d2896dcb4c.asice#sch/PEPPOL-EN16931-UBL.sch' with Engine [PEPPOL BIS Billing 3.0]
18:13:46 INFO  SchematronXsltChecker - Running Schematron XSTL-based validation
18:13:46 INFO  Tester - TestSet '/src/rules/unit-UBL-PEPPOL/PEPPOL-EN16931-R005.xml'
18:13:46 INFO  ValidationInstance - Loading document from stream
18:13:46 INFO  ValidationInstance -   Detected declaration: xml.testset (with children)
18:13:46 INFO  ValidationInstance - Loading document from stream
18:13:46 INFO  ValidationInstance -   Detected declaration: xml.test (with converter)
18:13:46 INFO  ValidationInstance -   Detected expectation: 1) Verify format of ProfileID.
18:13:46 INFO  ValidationInstance - Validating 'eu.peppol.postaward.v3.billing-c801e0b9-893b-41f6-b617-68d2896dcb4c.asice#sch/PEPPOL-EN16931-UBL.sch' with Engine [PEPPOL BIS Billing 3.0]
18:13:46 INFO  SchematronXsltChecker - Running Schematron XSTL-based validation
18:13:46 INFO  ValidationInstance - Loading document from stream
18:13:46 INFO  ValidationInstance -   Detected declaration: xml.test (with converter)
18:13:46 INFO  ValidationInstance -   Detected expectation: 2) Verify format of ProfileID.
18:13:46 INFO  ValidationInstance - Validating 'eu.peppol.postaward.v3.billing-c801e0b9-893b-41f6-b617-68d2896dcb4c.asice#sch/PEPPOL-EN16931-UBL.sch' with Engine [PEPPOL BIS Billing 3.0]
18:13:46 INFO  SchematronXsltChecker - Running Schematron XSTL-based validation
18:13:46 INFO  ValidationInstance - Loading document from stream
18:13:46 INFO  ValidationInstance -   Detected declaration: xml.test (with converter)
18:13:46 INFO  ValidationInstance -   Detected expectation: 3) Verify format of ProfileID.
18:13:46 INFO  ValidationInstance - Validating 'eu.peppol.postaward.v3.billing-c801e0b9-893b-41f6-b617-68d2896dcb4c.asice#sch/PEPPOL-EN16931-UBL.sch' with Engine [PEPPOL BIS Billing 3.0]
18:13:46 INFO  SchematronXsltChecker - Running Schematron XSTL-based validation
18:13:46 INFO  ValidationInstance - Loading document from stream
18:13:46 INFO  ValidationInstance -   Detected declaration: xml.test (with converter)
18:13:47 INFO  ValidationInstance -   Detected expectation: 4) Verify format of ProfileID.
18:13:47 INFO  ValidationInstance - Validating 'eu.peppol.postaward.v3.billing-c801e0b9-893b-41f6-b617-68d2896dcb4c.asice#sch/PEPPOL-EN16931-UBL.sch' with Engine [PEPPOL BIS Billing 3.0]
18:13:47 INFO  SchematronXsltChecker - Running Schematron XSTL-based validation
18:13:47 INFO  ValidationInstance - Loading document from stream
18:13:47 INFO  ValidationInstance -   Detected declaration: xml.test (with converter)
18:13:47 INFO  ValidationInstance -   Detected expectation: 5) Verify format of ProfileID.
18:13:47 INFO  ValidationInstance - Validating 'eu.peppol.postaward.v3.billing-c801e0b9-893b-41f6-b617-68d2896dcb4c.asice#sch/PEPPOL-EN16931-UBL.sch' with Engine [PEPPOL BIS Billing 3.0]
18:13:47 INFO  SchematronXsltChecker - Running Schematron XSTL-based validation
18:13:47 INFO  ValidationInstance - Loading document from stream
18:13:47 INFO  ValidationInstance -   Detected declaration: xml.test (with converter)
18:13:47 INFO  ValidationInstance -   Detected expectation: 6) Verify format of ProfileID.
18:13:47 INFO  ValidationInstance - Validating 'eu.peppol.postaward.v3.billing-c801e0b9-893b-41f6-b617-68d2896dcb4c.asice#sch/PEPPOL-EN16931-UBL.sch' with Engine [PEPPOL BIS Billing 3.0]
18:13:47 INFO  SchematronXsltChecker - Running Schematron XSTL-based validation
18:13:47 INFO  ValidationInstance - Loading document from stream
18:13:47 INFO  ValidationInstance -   Detected declaration: xml.test (with converter)
18:13:47 INFO  ValidationInstance -   Detected expectation: 7) Verify format of ProfileID.
18:13:47 INFO  ValidationInstance - Validating 'eu.peppol.postaward.v3.billing-c801e0b9-893b-41f6-b617-68d2896dcb4c.asice#sch/PEPPOL-EN16931-UBL.sch' with Engine [PEPPOL BIS Billing 3.0]
18:13:47 INFO  SchematronXsltChecker - Running Schematron XSTL-based validation
18:13:47 INFO  Tester - TestSet '/src/rules/unit-UBL-PEPPOL/PEPPOL-EN16931-R007.xml'
18:13:47 INFO  ValidationInstance - Loading document from stream
18:13:47 INFO  ValidationInstance -   Detected declaration: xml.testset (with children)
18:13:47 INFO  ValidationInstance - Loading document from stream
18:13:47 INFO  ValidationInstance -   Detected declaration: xml.test (with converter)
18:13:47 INFO  ValidationInstance -   Detected expectation: 1) Verify existence of EndpointID for customer.
18:13:47 INFO  ValidationInstance - Validating 'eu.peppol.postaward.v3.billing-c801e0b9-893b-41f6-b617-68d2896dcb4c.asice#sch/PEPPOL-EN16931-UBL.sch' with Engine [PEPPOL BIS Billing 3.0]
18:13:47 INFO  SchematronXsltChecker - Running Schematron XSTL-based validation
18:13:47 INFO  ValidationInstance - Loading document from stream
18:13:47 INFO  ValidationInstance -   Detected declaration: xml.test (with converter)
18:13:47 INFO  ValidationInstance -   Detected expectation: 2) Verify existence of EndpointID for customer.
18:13:47 INFO  ValidationInstance - Validating 'eu.peppol.postaward.v3.billing-c801e0b9-893b-41f6-b617-68d2896dcb4c.asice#sch/PEPPOL-EN16931-UBL.sch' with Engine [PEPPOL BIS Billing 3.0]
18:13:47 INFO  SchematronXsltChecker - Running Schematron XSTL-based validation
18:13:47 INFO  Tester - TestSet '/src/rules/unit-UBL-PEPPOL/PEPPOL-EN16931-R010.xml'
18:13:47 INFO  ValidationInstance - Loading document from stream
18:13:47 INFO  ValidationInstance -   Detected declaration: xml.testset (with children)
18:13:47 INFO  ValidationInstance - Loading document from stream
18:13:47 INFO  ValidationInstance -   Detected declaration: xml.test (with converter)
18:13:47 INFO  ValidationInstance -   Detected expectation: 1) Verify existence of EndpointID for seller.
18:13:47 INFO  ValidationInstance - Validating 'eu.peppol.postaward.v3.billing-c801e0b9-893b-41f6-b617-68d2896dcb4c.asice#sch/PEPPOL-EN16931-UBL.sch' with Engine [PEPPOL BIS Billing 3.0]
18:13:47 INFO  SchematronXsltChecker - Running Schematron XSTL-based validation
18:13:47 INFO  ValidationInstance - Loading document from stream
18:13:47 INFO  ValidationInstance -   Detected declaration: xml.test (with converter)
18:13:47 INFO  ValidationInstance -   Detected expectation: 2) Verify existence of EndpointID for seller.
18:13:47 INFO  ValidationInstance - Validating 'eu.peppol.postaward.v3.billing-c801e0b9-893b-41f6-b617-68d2896dcb4c.asice#sch/PEPPOL-EN16931-UBL.sch' with Engine [PEPPOL BIS Billing 3.0]
18:13:47 INFO  SchematronXsltChecker - Running Schematron XSTL-based validation
18:13:47 INFO  Tester - TestSet '/src/rules/unit-UBL-PEPPOL/PEPPOL-EN16931-R020.xml'
18:13:47 INFO  ValidationInstance - Loading document from stream
18:13:47 INFO  ValidationInstance -   Detected declaration: xml.testset (with children)
18:13:47 INFO  ValidationInstance - Loading document from stream
18:13:47 INFO  ValidationInstance -   Detected declaration: xml.test (with converter)
18:13:47 INFO  ValidationInstance -   Detected expectation: 1) Verify calculation of allowance/charge.
18:13:47 INFO  ValidationInstance - Validating 'eu.peppol.postaward.v3.billing-c801e0b9-893b-41f6-b617-68d2896dcb4c.asice#sch/PEPPOL-EN16931-UBL.sch' with Engine [PEPPOL BIS Billing 3.0]
18:13:47 INFO  SchematronXsltChecker - Running Schematron XSTL-based validation
18:13:47 INFO  ValidationInstance - Loading document from stream
18:13:47 INFO  ValidationInstance -   Detected declaration: xml.test (with converter)
18:13:47 INFO  ValidationInstance -   Detected expectation: 2) Verify calculation of allowance/charge.
18:13:47 INFO  ValidationInstance - Validating 'eu.peppol.postaward.v3.billing-c801e0b9-893b-41f6-b617-68d2896dcb4c.asice#sch/PEPPOL-EN16931-UBL.sch' with Engine [PEPPOL BIS Billing 3.0]
18:13:47 INFO  SchematronXsltChecker - Running Schematron XSTL-based validation
18:13:47 INFO  ValidationInstance - Loading document from stream
18:13:47 INFO  ValidationInstance -   Detected declaration: xml.test (with converter)
18:13:47 INFO  ValidationInstance -   Detected expectation: 3) Verify calculation of allowance/charge.
18:13:47 INFO  ValidationInstance - Validating 'eu.peppol.postaward.v3.billing-c801e0b9-893b-41f6-b617-68d2896dcb4c.asice#sch/PEPPOL-EN16931-UBL.sch' with Engine [PEPPOL BIS Billing 3.0]
18:13:47 INFO  SchematronXsltChecker - Running Schematron XSTL-based validation
18:13:47 INFO  ValidationInstance - Loading document from stream
18:13:47 INFO  ValidationInstance -   Detected declaration: xml.test (with converter)
18:13:47 INFO  ValidationInstance -   Detected expectation: 4) Verify calculation of allowance/charge.
18:13:47 INFO  ValidationInstance - Validating 'eu.peppol.postaward.v3.billing-c801e0b9-893b-41f6-b617-68d2896dcb4c.asice#sch/PEPPOL-EN16931-UBL.sch' with Engine [PEPPOL BIS Billing 3.0]
18:13:47 INFO  SchematronXsltChecker - Running Schematron XSTL-based validation
18:13:47 INFO  ValidationInstance - Loading document from stream
18:13:47 INFO  ValidationInstance -   Detected declaration: xml.test (with converter)
18:13:47 INFO  ValidationInstance -   Detected expectation: 5) Verify calculation of allowance/charge.
18:13:47 INFO  ValidationInstance - Validating 'eu.peppol.postaward.v3.billing-c801e0b9-893b-41f6-b617-68d2896dcb4c.asice#sch/PEPPOL-EN16931-UBL.sch' with Engine [PEPPOL BIS Billing 3.0]
18:13:47 INFO  SchematronXsltChecker - Running Schematron XSTL-based validation
18:13:47 INFO  ValidationInstance - Loading document from stream
18:13:47 INFO  ValidationInstance -   Detected declaration: xml.test (with converter)
18:13:47 INFO  ValidationInstance -   Detected expectation: 6) Verify calculation of allowance/charge.
18:13:47 INFO  ValidationInstance - Validating 'eu.peppol.postaward.v3.billing-c801e0b9-893b-41f6-b617-68d2896dcb4c.asice#sch/PEPPOL-EN16931-UBL.sch' with Engine [PEPPOL BIS Billing 3.0]
18:13:47 INFO  SchematronXsltChecker - Running Schematron XSTL-based validation
18:13:47 INFO  ValidationInstance - Loading document from stream
18:13:47 INFO  ValidationInstance -   Detected declaration: xml.test (with converter)
18:13:47 INFO  ValidationInstance -   Detected expectation: 7) Verify calculation of allowance/charge.
18:13:47 INFO  ValidationInstance - Validating 'eu.peppol.postaward.v3.billing-c801e0b9-893b-41f6-b617-68d2896dcb4c.asice#sch/PEPPOL-EN16931-UBL.sch' with Engine [PEPPOL BIS Billing 3.0]
18:13:47 INFO  SchematronXsltChecker - Running Schematron XSTL-based validation
18:13:47 INFO  ValidationInstance - Loading document from stream
18:13:47 INFO  ValidationInstance -   Detected declaration: xml.test (with converter)
18:13:47 INFO  ValidationInstance -   Detected expectation: 8) Verify calculation of allowance/charge.
18:13:47 INFO  ValidationInstance - Validating 'eu.peppol.postaward.v3.billing-c801e0b9-893b-41f6-b617-68d2896dcb4c.asice#sch/PEPPOL-EN16931-UBL.sch' with Engine [PEPPOL BIS Billing 3.0]
18:13:47 INFO  SchematronXsltChecker - Running Schematron XSTL-based validation
18:13:47 INFO  ValidationInstance - Loading document from stream
18:13:47 INFO  ValidationInstance -   Detected declaration: xml.test (with converter)
18:13:47 INFO  ValidationInstance -   Detected expectation: 9) Verify calculation of allowance/charge.
18:13:47 INFO  ValidationInstance - Validating 'eu.peppol.postaward.v3.billing-c801e0b9-893b-41f6-b617-68d2896dcb4c.asice#sch/PEPPOL-EN16931-UBL.sch' with Engine [PEPPOL BIS Billing 3.0]
18:13:47 INFO  SchematronXsltChecker - Running Schematron XSTL-based validation
18:13:47 INFO  ValidationInstance - Loading document from stream
18:13:47 INFO  ValidationInstance -   Detected declaration: xml.test (with converter)
18:13:47 INFO  ValidationInstance -   Detected expectation: 10) Make sure rule is not triggered on Price-level.
18:13:47 INFO  ValidationInstance - Validating 'eu.peppol.postaward.v3.billing-c801e0b9-893b-41f6-b617-68d2896dcb4c.asice#sch/PEPPOL-EN16931-UBL.sch' with Engine [PEPPOL BIS Billing 3.0]
18:13:47 INFO  SchematronXsltChecker - Running Schematron XSTL-based validation
18:13:47 INFO  Tester - TestSet '/src/rules/unit-UBL-PEPPOL/PEPPOL-EN16931-R040.xml'
18:13:47 INFO  ValidationInstance - Loading document from stream
18:13:47 INFO  ValidationInstance -   Detected declaration: xml.testset (with children)
18:13:47 INFO  ValidationInstance - Loading document from stream
18:13:47 INFO  ValidationInstance -   Detected declaration: xml.test (with converter)
18:13:47 INFO  ValidationInstance -   Detected expectation: 1) Verify existence of base amount.
18:13:47 INFO  ValidationInstance - Validating 'eu.peppol.postaward.v3.billing-c801e0b9-893b-41f6-b617-68d2896dcb4c.asice#sch/PEPPOL-EN16931-UBL.sch' with Engine [PEPPOL BIS Billing 3.0]
18:13:47 INFO  SchematronXsltChecker - Running Schematron XSTL-based validation
18:13:47 INFO  ValidationInstance - Loading document from stream
18:13:47 INFO  ValidationInstance -   Detected declaration: xml.test (with converter)
18:13:47 INFO  ValidationInstance -   Detected expectation: 2) Verify existence of base amount.
18:13:47 INFO  ValidationInstance - Validating 'eu.peppol.postaward.v3.billing-c801e0b9-893b-41f6-b617-68d2896dcb4c.asice#sch/PEPPOL-EN16931-UBL.sch' with Engine [PEPPOL BIS Billing 3.0]
18:13:47 INFO  SchematronXsltChecker - Running Schematron XSTL-based validation
18:13:47 INFO  ValidationInstance - Loading document from stream
18:13:47 INFO  ValidationInstance -   Detected declaration: xml.test (with converter)
18:13:47 INFO  ValidationInstance -   Detected expectation: 3) Verify existence of base amount.
18:13:47 INFO  ValidationInstance - Validating 'eu.peppol.postaward.v3.billing-c801e0b9-893b-41f6-b617-68d2896dcb4c.asice#sch/PEPPOL-EN16931-UBL.sch' with Engine [PEPPOL BIS Billing 3.0]
18:13:47 INFO  SchematronXsltChecker - Running Schematron XSTL-based validation
18:13:47 INFO  ValidationInstance - Loading document from stream
18:13:47 INFO  ValidationInstance -   Detected declaration: xml.test (with converter)
18:13:47 INFO  ValidationInstance -   Detected expectation: 4) Verify existence of base amount.
18:13:47 INFO  ValidationInstance - Validating 'eu.peppol.postaward.v3.billing-c801e0b9-893b-41f6-b617-68d2896dcb4c.asice#sch/PEPPOL-EN16931-UBL.sch' with Engine [PEPPOL BIS Billing 3.0]
18:13:47 INFO  SchematronXsltChecker - Running Schematron XSTL-based validation
18:13:47 INFO  ValidationInstance - Loading document from stream
18:13:47 INFO  ValidationInstance -   Detected declaration: xml.test (with converter)
18:13:47 INFO  ValidationInstance -   Detected expectation: 5) Verify existence of base amount.
18:13:47 INFO  ValidationInstance - Validating 'eu.peppol.postaward.v3.billing-c801e0b9-893b-41f6-b617-68d2896dcb4c.asice#sch/PEPPOL-EN16931-UBL.sch' with Engine [PEPPOL BIS Billing 3.0]
18:13:47 INFO  SchematronXsltChecker - Running Schematron XSTL-based validation
18:13:47 INFO  ValidationInstance - Loading document from stream
18:13:47 INFO  ValidationInstance -   Detected declaration: xml.test (with converter)
18:13:47 INFO  ValidationInstance -   Detected expectation: 6) Verify existence of base amount.
18:13:47 INFO  ValidationInstance - Validating 'eu.peppol.postaward.v3.billing-c801e0b9-893b-41f6-b617-68d2896dcb4c.asice#sch/PEPPOL-EN16931-UBL.sch' with Engine [PEPPOL BIS Billing 3.0]
18:13:47 INFO  SchematronXsltChecker - Running Schematron XSTL-based validation
18:13:47 INFO  ValidationInstance - Loading document from stream
18:13:47 INFO  ValidationInstance -   Detected declaration: xml.test (with converter)
18:13:47 INFO  ValidationInstance -   Detected expectation: 7) Verify existence of base amount.
18:13:47 INFO  ValidationInstance - Validating 'eu.peppol.postaward.v3.billing-c801e0b9-893b-41f6-b617-68d2896dcb4c.asice#sch/PEPPOL-EN16931-UBL.sch' with Engine [PEPPOL BIS Billing 3.0]
18:13:47 INFO  SchematronXsltChecker - Running Schematron XSTL-based validation
18:13:47 INFO  ValidationInstance - Loading document from stream
18:13:47 INFO  ValidationInstance -   Detected declaration: xml.test (with converter)
18:13:47 INFO  ValidationInstance -   Detected expectation: 8) Verify existence of base amount.
18:13:47 INFO  ValidationInstance - Validating 'eu.peppol.postaward.v3.billing-c801e0b9-893b-41f6-b617-68d2896dcb4c.asice#sch/PEPPOL-EN16931-UBL.sch' with Engine [PEPPOL BIS Billing 3.0]
18:13:47 INFO  SchematronXsltChecker - Running Schematron XSTL-based validation
18:13:47 INFO  ValidationInstance - Loading document from stream
18:13:47 INFO  ValidationInstance -   Detected declaration: xml.test (with converter)
18:13:47 INFO  ValidationInstance -   Detected expectation: 9) Make sure rule is not triggered on Price-level.
18:13:47 INFO  ValidationInstance - Validating 'eu.peppol.postaward.v3.billing-c801e0b9-893b-41f6-b617-68d2896dcb4c.asice#sch/PEPPOL-EN16931-UBL.sch' with Engine [PEPPOL BIS Billing 3.0]
18:13:47 INFO  SchematronXsltChecker - Running Schematron XSTL-based validation
18:13:47 INFO  Tester - TestSet '/src/rules/unit-UBL-PEPPOL/PEPPOL-EN16931-R041.xml'
18:13:47 INFO  ValidationInstance - Loading document from stream
18:13:47 INFO  ValidationInstance -   Detected declaration: xml.testset (with children)
18:13:48 INFO  ValidationInstance - Loading document from stream
18:13:48 INFO  ValidationInstance -   Detected declaration: xml.test (with converter)
18:13:48 INFO  ValidationInstance -   Detected expectation: 1) Verify existence of multiplier.
18:13:48 INFO  ValidationInstance - Validating 'eu.peppol.postaward.v3.billing-c801e0b9-893b-41f6-b617-68d2896dcb4c.asice#sch/PEPPOL-EN16931-UBL.sch' with Engine [PEPPOL BIS Billing 3.0]
18:13:48 INFO  SchematronXsltChecker - Running Schematron XSTL-based validation
18:13:48 INFO  ValidationInstance - Loading document from stream
18:13:48 INFO  ValidationInstance -   Detected declaration: xml.test (with converter)
18:13:48 INFO  ValidationInstance -   Detected expectation: 2) Verify existence of multiplier.
18:13:48 INFO  ValidationInstance - Validating 'eu.peppol.postaward.v3.billing-c801e0b9-893b-41f6-b617-68d2896dcb4c.asice#sch/PEPPOL-EN16931-UBL.sch' with Engine [PEPPOL BIS Billing 3.0]
18:13:48 INFO  SchematronXsltChecker - Running Schematron XSTL-based validation
18:13:48 INFO  ValidationInstance - Loading document from stream
18:13:48 INFO  ValidationInstance -   Detected declaration: xml.test (with converter)
18:13:48 INFO  ValidationInstance -   Detected expectation: 3) Verify existence of multiplier.
18:13:48 INFO  ValidationInstance - Validating 'eu.peppol.postaward.v3.billing-c801e0b9-893b-41f6-b617-68d2896dcb4c.asice#sch/PEPPOL-EN16931-UBL.sch' with Engine [PEPPOL BIS Billing 3.0]
18:13:48 INFO  SchematronXsltChecker - Running Schematron XSTL-based validation
18:13:48 INFO  ValidationInstance - Loading document from stream
18:13:48 INFO  ValidationInstance -   Detected declaration: xml.test (with converter)
18:13:48 INFO  ValidationInstance -   Detected expectation: 4) Verify existence of multiplier.
18:13:48 INFO  ValidationInstance - Validating 'eu.peppol.postaward.v3.billing-c801e0b9-893b-41f6-b617-68d2896dcb4c.asice#sch/PEPPOL-EN16931-UBL.sch' with Engine [PEPPOL BIS Billing 3.0]
18:13:48 INFO  SchematronXsltChecker - Running Schematron XSTL-based validation
18:13:48 INFO  ValidationInstance - Loading document from stream
18:13:48 INFO  ValidationInstance -   Detected declaration: xml.test (with converter)
18:13:48 INFO  ValidationInstance -   Detected expectation: 5) Verify existence of multiplier.
18:13:48 INFO  ValidationInstance - Validating 'eu.peppol.postaward.v3.billing-c801e0b9-893b-41f6-b617-68d2896dcb4c.asice#sch/PEPPOL-EN16931-UBL.sch' with Engine [PEPPOL BIS Billing 3.0]
18:13:48 INFO  SchematronXsltChecker - Running Schematron XSTL-based validation
18:13:48 INFO  ValidationInstance - Loading document from stream
18:13:48 INFO  ValidationInstance -   Detected declaration: xml.test (with converter)
18:13:48 INFO  ValidationInstance -   Detected expectation: 6) Verify existence of multiplier.
18:13:48 INFO  ValidationInstance - Validating 'eu.peppol.postaward.v3.billing-c801e0b9-893b-41f6-b617-68d2896dcb4c.asice#sch/PEPPOL-EN16931-UBL.sch' with Engine [PEPPOL BIS Billing 3.0]
18:13:48 INFO  SchematronXsltChecker - Running Schematron XSTL-based validation
18:13:48 INFO  ValidationInstance - Loading document from stream
18:13:48 INFO  ValidationInstance -   Detected declaration: xml.test (with converter)
18:13:48 INFO  ValidationInstance -   Detected expectation: 7) Verify existence of multiplier.
18:13:48 INFO  ValidationInstance - Validating 'eu.peppol.postaward.v3.billing-c801e0b9-893b-41f6-b617-68d2896dcb4c.asice#sch/PEPPOL-EN16931-UBL.sch' with Engine [PEPPOL BIS Billing 3.0]
18:13:48 INFO  SchematronXsltChecker - Running Schematron XSTL-based validation
18:13:48 INFO  ValidationInstance - Loading document from stream
18:13:48 INFO  ValidationInstance -   Detected declaration: xml.test (with converter)
18:13:48 INFO  ValidationInstance -   Detected expectation: 8) Verify existence of multiplier.
18:13:48 INFO  ValidationInstance - Validating 'eu.peppol.postaward.v3.billing-c801e0b9-893b-41f6-b617-68d2896dcb4c.asice#sch/PEPPOL-EN16931-UBL.sch' with Engine [PEPPOL BIS Billing 3.0]
18:13:48 INFO  SchematronXsltChecker - Running Schematron XSTL-based validation
18:13:48 INFO  ValidationInstance - Loading document from stream
18:13:48 INFO  ValidationInstance -   Detected declaration: xml.test (with converter)
18:13:48 INFO  ValidationInstance -   Detected expectation: 9) Make sure rule is not triggered on Price-level.
18:13:48 INFO  ValidationInstance - Validating 'eu.peppol.postaward.v3.billing-c801e0b9-893b-41f6-b617-68d2896dcb4c.asice#sch/PEPPOL-EN16931-UBL.sch' with Engine [PEPPOL BIS Billing 3.0]
18:13:48 INFO  SchematronXsltChecker - Running Schematron XSTL-based validation
18:13:48 INFO  Tester - TestSet '/src/rules/unit-UBL-PEPPOL/PEPPOL-EN16931-R042.xml'
18:13:48 INFO  ValidationInstance - Loading document from stream
18:13:48 INFO  ValidationInstance -   Detected declaration: xml.testset (with children)
18:13:48 INFO  ValidationInstance - Loading document from stream
18:13:48 INFO  ValidationInstance -   Detected declaration: xml.test (with converter)
18:13:48 INFO  ValidationInstance -   Detected expectation: 1) Verify format of indicator
18:13:48 INFO  ValidationInstance - Validating 'eu.peppol.postaward.v3.billing-c801e0b9-893b-41f6-b617-68d2896dcb4c.asice#sch/PEPPOL-EN16931-UBL.sch' with Engine [PEPPOL BIS Billing 3.0]
18:13:48 INFO  SchematronXsltChecker - Running Schematron XSTL-based validation
18:13:48 INFO  ValidationInstance - Loading document from stream
18:13:48 INFO  ValidationInstance -   Detected declaration: xml.test (with converter)
18:13:48 INFO  ValidationInstance -   Detected expectation: 2) Verify format of indicator
18:13:48 INFO  ValidationInstance - Validating 'eu.peppol.postaward.v3.billing-c801e0b9-893b-41f6-b617-68d2896dcb4c.asice#sch/PEPPOL-EN16931-UBL.sch' with Engine [PEPPOL BIS Billing 3.0]
18:13:48 INFO  SchematronXsltChecker - Running Schematron XSTL-based validation
18:13:48 INFO  ValidationInstance - Loading document from stream
18:13:48 INFO  ValidationInstance -   Detected declaration: xml.test (with converter)
18:13:48 INFO  ValidationInstance -   Detected expectation: 3) Verify format of indicator
18:13:48 INFO  ValidationInstance - Validating 'eu.peppol.postaward.v3.billing-c801e0b9-893b-41f6-b617-68d2896dcb4c.asice#sch/PEPPOL-EN16931-UBL.sch' with Engine [PEPPOL BIS Billing 3.0]
18:13:48 INFO  SchematronXsltChecker - Running Schematron XSTL-based validation
18:13:48 INFO  ValidationInstance - Loading document from stream
18:13:48 INFO  ValidationInstance -   Detected declaration: xml.test (with converter)
18:13:48 INFO  ValidationInstance -   Detected expectation: 4) Verify format of indicator
18:13:48 INFO  ValidationInstance - Validating 'eu.peppol.postaward.v3.billing-c801e0b9-893b-41f6-b617-68d2896dcb4c.asice#sch/PEPPOL-EN16931-UBL.sch' with Engine [PEPPOL BIS Billing 3.0]
18:13:48 INFO  SchematronXsltChecker - Running Schematron XSTL-based validation
18:13:48 INFO  ValidationInstance - Loading document from stream
18:13:48 INFO  ValidationInstance -   Detected declaration: xml.test (with converter)
18:13:48 INFO  ValidationInstance -   Detected expectation: 5) Verify format of indicator
18:13:48 INFO  ValidationInstance - Validating 'eu.peppol.postaward.v3.billing-c801e0b9-893b-41f6-b617-68d2896dcb4c.asice#sch/PEPPOL-EN16931-UBL.sch' with Engine [PEPPOL BIS Billing 3.0]
18:13:48 INFO  SchematronXsltChecker - Running Schematron XSTL-based validation
18:13:48 INFO  ValidationInstance - Loading document from stream
18:13:48 INFO  ValidationInstance -   Detected declaration: xml.test (with converter)
18:13:48 INFO  ValidationInstance -   Detected expectation: 6) Verify format of indicator
18:13:48 INFO  ValidationInstance - Validating 'eu.peppol.postaward.v3.billing-c801e0b9-893b-41f6-b617-68d2896dcb4c.asice#sch/PEPPOL-EN16931-UBL.sch' with Engine [PEPPOL BIS Billing 3.0]
18:13:48 INFO  SchematronXsltChecker - Running Schematron XSTL-based validation
18:13:48 INFO  ValidationInstance - Loading document from stream
18:13:48 INFO  ValidationInstance -   Detected declaration: xml.test (with converter)
18:13:48 INFO  ValidationInstance -   Detected expectation: 7) Verify format of indicator
18:13:48 INFO  ValidationInstance - Validating 'eu.peppol.postaward.v3.billing-c801e0b9-893b-41f6-b617-68d2896dcb4c.asice#sch/PEPPOL-EN16931-UBL.sch' with Engine [PEPPOL BIS Billing 3.0]
18:13:48 INFO  SchematronXsltChecker - Running Schematron XSTL-based validation
18:13:48 INFO  ValidationInstance - Loading document from stream
18:13:48 INFO  ValidationInstance -   Detected declaration: xml.test (with converter)
18:13:48 INFO  ValidationInstance -   Detected expectation: 8) Verify format of indicator
18:13:48 INFO  ValidationInstance - Validating 'eu.peppol.postaward.v3.billing-c801e0b9-893b-41f6-b617-68d2896dcb4c.asice#sch/PEPPOL-EN16931-UBL.sch' with Engine [PEPPOL BIS Billing 3.0]
18:13:48 INFO  SchematronXsltChecker - Running Schematron XSTL-based validation
18:13:48 INFO  Tester - TestSet '/src/rules/unit-UBL-PEPPOL/PEPPOL-EN16931-R043.xml'
18:13:48 INFO  ValidationInstance - Loading document from stream
18:13:48 INFO  ValidationInstance -   Detected declaration: xml.testset (with children)
18:13:48 INFO  ValidationInstance - Loading document from stream
18:13:48 INFO  ValidationInstance -   Detected declaration: xml.test (with converter)
18:13:48 INFO  ValidationInstance -   Detected expectation: 1) Verify allowance/charge is allowance on price level.
18:13:48 INFO  ValidationInstance - Validating 'eu.peppol.postaward.v3.billing-c801e0b9-893b-41f6-b617-68d2896dcb4c.asice#sch/PEPPOL-EN16931-UBL.sch' with Engine [PEPPOL BIS Billing 3.0]
18:13:48 INFO  SchematronXsltChecker - Running Schematron XSTL-based validation
18:13:48 INFO  ValidationInstance - Loading document from stream
18:13:48 INFO  ValidationInstance -   Detected declaration: xml.test (with converter)
18:13:48 INFO  ValidationInstance -   Detected expectation: 2) Verify allowance/charge is allowance on price level.
18:13:48 INFO  ValidationInstance - Validating 'eu.peppol.postaward.v3.billing-c801e0b9-893b-41f6-b617-68d2896dcb4c.asice#sch/PEPPOL-EN16931-UBL.sch' with Engine [PEPPOL BIS Billing 3.0]
18:13:48 INFO  SchematronXsltChecker - Running Schematron XSTL-based validation
18:13:48 INFO  ValidationInstance - Loading document from stream
18:13:48 INFO  ValidationInstance -   Detected declaration: xml.test (with converter)
18:13:48 INFO  ValidationInstance -   Detected expectation: 3) Verify allowance/charge is allowance on price level.
18:13:48 INFO  ValidationInstance - Validating 'eu.peppol.postaward.v3.billing-c801e0b9-893b-41f6-b617-68d2896dcb4c.asice#sch/PEPPOL-EN16931-UBL.sch' with Engine [PEPPOL BIS Billing 3.0]
18:13:48 INFO  SchematronXsltChecker - Running Schematron XSTL-based validation
18:13:48 INFO  ValidationInstance - Loading document from stream
18:13:48 INFO  ValidationInstance -   Detected declaration: xml.test (with converter)
18:13:48 INFO  ValidationInstance -   Detected expectation: 4) Verify allowance/charge is allowance on price level.
18:13:48 INFO  ValidationInstance - Validating 'eu.peppol.postaward.v3.billing-c801e0b9-893b-41f6-b617-68d2896dcb4c.asice#sch/PEPPOL-EN16931-UBL.sch' with Engine [PEPPOL BIS Billing 3.0]
18:13:48 INFO  SchematronXsltChecker - Running Schematron XSTL-based validation
18:13:48 INFO  ValidationInstance - Loading document from stream
18:13:48 INFO  ValidationInstance -   Detected declaration: xml.test (with converter)
18:13:48 INFO  ValidationInstance -   Detected expectation: 5) Verify allowance/charge is allowance on price level.
18:13:48 INFO  ValidationInstance - Validating 'eu.peppol.postaward.v3.billing-c801e0b9-893b-41f6-b617-68d2896dcb4c.asice#sch/PEPPOL-EN16931-UBL.sch' with Engine [PEPPOL BIS Billing 3.0]
18:13:48 INFO  SchematronXsltChecker - Running Schematron XSTL-based validation
18:13:48 INFO  Tester - TestSet '/src/rules/unit-UBL-PEPPOL/PEPPOL-EN16931-R044.xml'
18:13:48 INFO  ValidationInstance - Loading document from stream
18:13:48 INFO  ValidationInstance -   Detected declaration: xml.testset (with children)
18:13:48 INFO  ValidationInstance - Loading document from stream
18:13:48 INFO  ValidationInstance -   Detected declaration: xml.test (with converter)
18:13:48 INFO  ValidationInstance -   Detected expectation: 1) Verify calculation of item net price.
18:13:48 INFO  ValidationInstance - Validating 'eu.peppol.postaward.v3.billing-c801e0b9-893b-41f6-b617-68d2896dcb4c.asice#sch/PEPPOL-EN16931-UBL.sch' with Engine [PEPPOL BIS Billing 3.0]
18:13:48 INFO  SchematronXsltChecker - Running Schematron XSTL-based validation
18:13:48 INFO  ValidationInstance - Loading document from stream
18:13:48 INFO  ValidationInstance -   Detected declaration: xml.test (with converter)
18:13:48 INFO  ValidationInstance -   Detected expectation: 2) Verify calculation of item net price.
18:13:48 INFO  ValidationInstance - Validating 'eu.peppol.postaward.v3.billing-c801e0b9-893b-41f6-b617-68d2896dcb4c.asice#sch/PEPPOL-EN16931-UBL.sch' with Engine [PEPPOL BIS Billing 3.0]
18:13:48 INFO  SchematronXsltChecker - Running Schematron XSTL-based validation
18:13:48 INFO  ValidationInstance - Loading document from stream
18:13:48 INFO  ValidationInstance -   Detected declaration: xml.test (with converter)
18:13:48 INFO  ValidationInstance -   Detected expectation: 3) Verify calculation of item net price.
18:13:48 INFO  ValidationInstance - Validating 'eu.peppol.postaward.v3.billing-c801e0b9-893b-41f6-b617-68d2896dcb4c.asice#sch/PEPPOL-EN16931-UBL.sch' with Engine [PEPPOL BIS Billing 3.0]
18:13:48 INFO  SchematronXsltChecker - Running Schematron XSTL-based validation
18:13:48 INFO  ValidationInstance - Loading document from stream
18:13:48 INFO  ValidationInstance -   Detected declaration: xml.test (with converter)
18:13:48 INFO  ValidationInstance -   Detected expectation: 4) Verify calculation of item net price.
18:13:48 INFO  ValidationInstance - Validating 'eu.peppol.postaward.v3.billing-c801e0b9-893b-41f6-b617-68d2896dcb4c.asice#sch/PEPPOL-EN16931-UBL.sch' with Engine [PEPPOL BIS Billing 3.0]
18:13:48 INFO  SchematronXsltChecker - Running Schematron XSTL-based validation
18:13:48 INFO  Tester - TestSet '/src/rules/unit-UBL-PEPPOL/PEPPOL-EN16931-R046.xml'
18:13:48 INFO  ValidationInstance - Loading document from stream
18:13:48 INFO  ValidationInstance -   Detected declaration: xml.testset (with children)
18:13:48 INFO  ValidationInstance - Loading document from stream
18:13:48 INFO  ValidationInstance -   Detected declaration: xml.test (with converter)
18:13:48 INFO  ValidationInstance -   Detected expectation: 1) Verify currency is provided.
18:13:48 INFO  ValidationInstance - Validating 'eu.peppol.postaward.v3.billing-c801e0b9-893b-41f6-b617-68d2896dcb4c.asice#sch/PEPPOL-EN16931-UBL.sch' with Engine [PEPPOL BIS Billing 3.0]
18:13:48 INFO  SchematronXsltChecker - Running Schematron XSTL-based validation
18:13:48 INFO  ValidationInstance - Loading document from stream
18:13:48 INFO  ValidationInstance -   Detected declaration: xml.test (with converter)
18:13:48 INFO  ValidationInstance -   Detected expectation: 2) Verify currency is provided.
18:13:48 INFO  ValidationInstance - Validating 'eu.peppol.postaward.v3.billing-c801e0b9-893b-41f6-b617-68d2896dcb4c.asice#sch/PEPPOL-EN16931-UBL.sch' with Engine [PEPPOL BIS Billing 3.0]
18:13:48 INFO  SchematronXsltChecker - Running Schematron XSTL-based validation
18:13:48 INFO  ValidationInstance - Loading document from stream
18:13:48 INFO  ValidationInstance -   Detected declaration: xml.test (with converter)
18:13:49 INFO  ValidationInstance -   Detected expectation: 3) Verify currency is provided.
18:13:49 INFO  ValidationInstance - Validating 'eu.peppol.postaward.v3.billing-c801e0b9-893b-41f6-b617-68d2896dcb4c.asice#sch/PEPPOL-EN16931-UBL.sch' with Engine [PEPPOL BIS Billing 3.0]
18:13:49 INFO  SchematronXsltChecker - Running Schematron XSTL-based validation
18:13:49 INFO  ValidationInstance - Loading document from stream
18:13:49 INFO  ValidationInstance -   Detected declaration: xml.test (with converter)
18:13:49 INFO  ValidationInstance -   Detected expectation: 4) Verify currency is provided.
18:13:49 INFO  ValidationInstance - Validating 'eu.peppol.postaward.v3.billing-c801e0b9-893b-41f6-b617-68d2896dcb4c.asice#sch/PEPPOL-EN16931-UBL.sch' with Engine [PEPPOL BIS Billing 3.0]
18:13:49 INFO  SchematronXsltChecker - Running Schematron XSTL-based validation
18:13:49 INFO  ValidationInstance - Loading document from stream
18:13:49 INFO  ValidationInstance -   Detected declaration: xml.test (with converter)
18:13:49 INFO  ValidationInstance -   Detected expectation: 5) Verify currency is provided.
18:13:49 INFO  ValidationInstance - Validating 'eu.peppol.postaward.v3.billing-c801e0b9-893b-41f6-b617-68d2896dcb4c.asice#sch/PEPPOL-EN16931-UBL.sch' with Engine [PEPPOL BIS Billing 3.0]
18:13:49 INFO  SchematronXsltChecker - Running Schematron XSTL-based validation
18:13:49 INFO  ValidationInstance - Loading document from stream
18:13:49 INFO  ValidationInstance -   Detected declaration: xml.test (with converter)
18:13:49 INFO  ValidationInstance -   Detected expectation: 6) Verify currency is provided.
18:13:49 INFO  ValidationInstance - Validating 'eu.peppol.postaward.v3.billing-c801e0b9-893b-41f6-b617-68d2896dcb4c.asice#sch/PEPPOL-EN16931-UBL.sch' with Engine [PEPPOL BIS Billing 3.0]
18:13:49 INFO  SchematronXsltChecker - Running Schematron XSTL-based validation
18:13:49 INFO  Tester - TestSet '/src/rules/unit-UBL-PEPPOL/PEPPOL-EN16931-R051.xml'
18:13:49 INFO  ValidationInstance - Loading document from stream
18:13:49 INFO  ValidationInstance -   Detected declaration: xml.testset (with children)
18:13:49 INFO  ValidationInstance - Loading document from stream
18:13:49 INFO  ValidationInstance -   Detected declaration: xml.test (with converter)
18:13:49 INFO  ValidationInstance -   Detected expectation: 1) Verify amount of tax totals.
18:13:49 INFO  ValidationInstance - Validating 'eu.peppol.postaward.v3.billing-c801e0b9-893b-41f6-b617-68d2896dcb4c.asice#sch/PEPPOL-EN16931-UBL.sch' with Engine [PEPPOL BIS Billing 3.0]
18:13:49 INFO  SchematronXsltChecker - Running Schematron XSTL-based validation
18:13:49 INFO  ValidationInstance - Loading document from stream
18:13:49 INFO  ValidationInstance -   Detected declaration: xml.test (with converter)
18:13:49 INFO  ValidationInstance -   Detected expectation: 2) Verify amount of tax totals.
18:13:49 INFO  ValidationInstance - Validating 'eu.peppol.postaward.v3.billing-c801e0b9-893b-41f6-b617-68d2896dcb4c.asice#sch/PEPPOL-EN16931-UBL.sch' with Engine [PEPPOL BIS Billing 3.0]
18:13:49 INFO  SchematronXsltChecker - Running Schematron XSTL-based validation
18:13:49 INFO  ValidationInstance - Loading document from stream
18:13:49 INFO  ValidationInstance -   Detected declaration: xml.test (with converter)
18:13:49 INFO  ValidationInstance -   Detected expectation: 3) Verify amount of tax totals.
18:13:49 INFO  ValidationInstance - Validating 'eu.peppol.postaward.v3.billing-c801e0b9-893b-41f6-b617-68d2896dcb4c.asice#sch/PEPPOL-EN16931-UBL.sch' with Engine [PEPPOL BIS Billing 3.0]
18:13:49 INFO  SchematronXsltChecker - Running Schematron XSTL-based validation
18:13:49 INFO  Tester - TestSet '/src/rules/unit-UBL-PEPPOL/PEPPOL-EN16931-R053.xml'
18:13:49 INFO  ValidationInstance - Loading document from stream
18:13:49 INFO  ValidationInstance -   Detected declaration: xml.testset (with children)
18:13:49 INFO  ValidationInstance - Loading document from stream
18:13:49 INFO  ValidationInstance -   Detected declaration: xml.test (with converter)
18:13:49 INFO  ValidationInstance -   Detected expectation: 1) Verify amount of tax totals.
18:13:49 INFO  ValidationInstance - Validating 'eu.peppol.postaward.v3.billing-c801e0b9-893b-41f6-b617-68d2896dcb4c.asice#sch/PEPPOL-EN16931-UBL.sch' with Engine [PEPPOL BIS Billing 3.0]
18:13:49 INFO  SchematronXsltChecker - Running Schematron XSTL-based validation
18:13:49 INFO  ValidationInstance - Loading document from stream
18:13:49 INFO  ValidationInstance -   Detected declaration: xml.test (with converter)
18:13:49 INFO  ValidationInstance -   Detected expectation: 2) Verify amount of tax totals.
18:13:49 INFO  ValidationInstance - Validating 'eu.peppol.postaward.v3.billing-c801e0b9-893b-41f6-b617-68d2896dcb4c.asice#sch/PEPPOL-EN16931-UBL.sch' with Engine [PEPPOL BIS Billing 3.0]
18:13:49 INFO  SchematronXsltChecker - Running Schematron XSTL-based validation
18:13:49 INFO  ValidationInstance - Loading document from stream
18:13:49 INFO  ValidationInstance -   Detected declaration: xml.test (with converter)
18:13:49 INFO  ValidationInstance -   Detected expectation: 3) Verify amount of tax totals.
18:13:49 INFO  ValidationInstance - Validating 'eu.peppol.postaward.v3.billing-c801e0b9-893b-41f6-b617-68d2896dcb4c.asice#sch/PEPPOL-EN16931-UBL.sch' with Engine [PEPPOL BIS Billing 3.0]
18:13:49 INFO  SchematronXsltChecker - Running Schematron XSTL-based validation
18:13:49 INFO  ValidationInstance - Loading document from stream
18:13:49 INFO  ValidationInstance -   Detected declaration: xml.test (with converter)
18:13:49 INFO  ValidationInstance -   Detected expectation: 4) Verify amount of tax totals.
18:13:49 INFO  ValidationInstance - Validating 'eu.peppol.postaward.v3.billing-c801e0b9-893b-41f6-b617-68d2896dcb4c.asice#sch/PEPPOL-EN16931-UBL.sch' with Engine [PEPPOL BIS Billing 3.0]
18:13:49 INFO  SchematronXsltChecker - Running Schematron XSTL-based validation
18:13:49 INFO  Tester - TestSet '/src/rules/unit-UBL-PEPPOL/PEPPOL-EN16931-R054.xml'
18:13:49 INFO  ValidationInstance - Loading document from stream
18:13:49 INFO  ValidationInstance -   Detected declaration: xml.testset (with children)
18:13:49 INFO  ValidationInstance - Loading document from stream
18:13:49 INFO  ValidationInstance -   Detected declaration: xml.test (with converter)
18:13:49 INFO  ValidationInstance -   Detected expectation: 1) Verify operational sign of TaxTotals in different currency
18:13:49 INFO  ValidationInstance - Validating 'eu.peppol.postaward.v3.billing-c801e0b9-893b-41f6-b617-68d2896dcb4c.asice#sch/PEPPOL-EN16931-UBL.sch' with Engine [PEPPOL BIS Billing 3.0]
18:13:49 INFO  SchematronXsltChecker - Running Schematron XSTL-based validation
18:13:49 INFO  ValidationInstance - Loading document from stream
18:13:49 INFO  ValidationInstance -   Detected declaration: xml.test (with converter)
18:13:49 INFO  ValidationInstance -   Detected expectation: 2) Verify operational sign of TaxTotals in different currency
18:13:49 INFO  ValidationInstance - Validating 'eu.peppol.postaward.v3.billing-c801e0b9-893b-41f6-b617-68d2896dcb4c.asice#sch/PEPPOL-EN16931-UBL.sch' with Engine [PEPPOL BIS Billing 3.0]
18:13:49 INFO  SchematronXsltChecker - Running Schematron XSTL-based validation
18:13:49 INFO  Tester - TestSet '/src/rules/unit-UBL-PEPPOL/PEPPOL-EN16931-R055.xml'
18:13:49 INFO  ValidationInstance - Loading document from stream
18:13:49 INFO  ValidationInstance -   Detected declaration: xml.testset (with children)
18:13:49 INFO  ValidationInstance - Loading document from stream
18:13:49 INFO  ValidationInstance -   Detected declaration: xml.test (with converter)
18:13:49 INFO  ValidationInstance -   Detected expectation: 1) Verify existence of required element.
18:13:49 INFO  ValidationInstance - Validating 'eu.peppol.postaward.v3.billing-c801e0b9-893b-41f6-b617-68d2896dcb4c.asice#sch/PEPPOL-EN16931-UBL.sch' with Engine [PEPPOL BIS Billing 3.0]
18:13:49 INFO  SchematronXsltChecker - Running Schematron XSTL-based validation
18:13:49 INFO  ValidationInstance - Loading document from stream
18:13:49 INFO  ValidationInstance -   Detected declaration: xml.test (with converter)
18:13:49 INFO  ValidationInstance -   Detected expectation: 2) Verify existence of required element.
18:13:49 INFO  ValidationInstance - Validating 'eu.peppol.postaward.v3.billing-c801e0b9-893b-41f6-b617-68d2896dcb4c.asice#sch/PEPPOL-EN16931-UBL.sch' with Engine [PEPPOL BIS Billing 3.0]
18:13:49 INFO  SchematronXsltChecker - Running Schematron XSTL-based validation
18:13:49 INFO  Tester - TestSet '/src/rules/unit-UBL-PEPPOL/PEPPOL-EN16931-R061.xml'
18:13:49 INFO  ValidationInstance - Loading document from stream
18:13:49 INFO  ValidationInstance -   Detected declaration: xml.testset (with children)
18:13:49 INFO  ValidationInstance - Loading document from stream
18:13:49 INFO  ValidationInstance -   Detected declaration: xml.test (with converter)
18:13:49 INFO  ValidationInstance -   Detected expectation: 1) Verify existence of not more than a single project reference identifier on document level
18:13:49 INFO  ValidationInstance - Validating 'eu.peppol.postaward.v3.billing-c801e0b9-893b-41f6-b617-68d2896dcb4c.asice#sch/PEPPOL-EN16931-UBL.sch' with Engine [PEPPOL BIS Billing 3.0]
18:13:49 INFO  SchematronXsltChecker - Running Schematron XSTL-based validation
18:13:49 INFO  ValidationInstance - Loading document from stream
18:13:49 INFO  ValidationInstance -   Detected declaration: xml.test (with converter)
18:13:49 INFO  ValidationInstance -   Detected expectation: 2) Verify existence of not more than a single project reference identifier on document level
18:13:49 INFO  ValidationInstance - Validating 'eu.peppol.postaward.v3.billing-c801e0b9-893b-41f6-b617-68d2896dcb4c.asice#sch/PEPPOL-EN16931-UBL.sch' with Engine [PEPPOL BIS Billing 3.0]
18:13:49 INFO  SchematronXsltChecker - Running Schematron XSTL-based validation
18:13:49 INFO  ValidationInstance - Loading document from stream
18:13:49 INFO  ValidationInstance -   Detected declaration: xml.test (with converter)
18:13:49 INFO  ValidationInstance -   Detected expectation: 3) Verify existence of not more than a single project reference identifier on document level
18:13:49 INFO  ValidationInstance - Validating 'eu.peppol.postaward.v3.billing-c801e0b9-893b-41f6-b617-68d2896dcb4c.asice#sch/PEPPOL-EN16931-UBL.sch' with Engine [PEPPOL BIS Billing 3.0]
18:13:49 INFO  SchematronXsltChecker - Running Schematron XSTL-based validation
18:13:49 INFO  ValidationInstance - Loading document from stream
18:13:49 INFO  ValidationInstance -   Detected declaration: xml.test (with converter)
18:13:49 INFO  ValidationInstance -   Detected expectation: 4) Verify existence of not more than a single project reference identifier on document level
18:13:49 INFO  ValidationInstance - Validating 'eu.peppol.postaward.v3.billing-c801e0b9-893b-41f6-b617-68d2896dcb4c.asice#sch/PEPPOL-EN16931-UBL.sch' with Engine [PEPPOL BIS Billing 3.0]
18:13:49 INFO  SchematronXsltChecker - Running Schematron XSTL-based validation
18:13:49 INFO  Tester - TestSet '/src/rules/unit-UBL-PEPPOL/PEPPOL-EN16931-R080.xml'
18:13:49 INFO  ValidationInstance - Loading document from stream
18:13:49 INFO  ValidationInstance -   Detected declaration: xml.testset (with children)
18:13:49 INFO  ValidationInstance - Loading document from stream
18:13:49 INFO  ValidationInstance -   Detected declaration: xml.test (with converter)
18:13:49 INFO  ValidationInstance -   Detected expectation: 1) Verify existence of not more than a single object identifier pr invoice
			line
18:13:49 INFO  ValidationInstance - Validating 'eu.peppol.postaward.v3.billing-c801e0b9-893b-41f6-b617-68d2896dcb4c.asice#sch/PEPPOL-EN16931-UBL.sch' with Engine [PEPPOL BIS Billing 3.0]
18:13:49 INFO  SchematronXsltChecker - Running Schematron XSTL-based validation
18:13:49 INFO  ValidationInstance - Loading document from stream
18:13:49 INFO  ValidationInstance -   Detected declaration: xml.test (with converter)
18:13:49 INFO  ValidationInstance -   Detected expectation: 2) Verify existence of not more than a single object identifier pr invoice
			line
18:13:49 INFO  ValidationInstance - Validating 'eu.peppol.postaward.v3.billing-c801e0b9-893b-41f6-b617-68d2896dcb4c.asice#sch/PEPPOL-EN16931-UBL.sch' with Engine [PEPPOL BIS Billing 3.0]
18:13:49 INFO  SchematronXsltChecker - Running Schematron XSTL-based validation
18:13:49 INFO  ValidationInstance - Loading document from stream
18:13:49 INFO  ValidationInstance -   Detected declaration: xml.test (with converter)
18:13:49 INFO  ValidationInstance -   Detected expectation: 3) Verify existence of not more than a single object identifier pr invoice
			line
18:13:49 INFO  ValidationInstance - Validating 'eu.peppol.postaward.v3.billing-c801e0b9-893b-41f6-b617-68d2896dcb4c.asice#sch/PEPPOL-EN16931-UBL.sch' with Engine [PEPPOL BIS Billing 3.0]
18:13:49 INFO  SchematronXsltChecker - Running Schematron XSTL-based validation
18:13:49 INFO  ValidationInstance - Loading document from stream
18:13:49 INFO  ValidationInstance -   Detected declaration: xml.test (with converter)
18:13:49 INFO  ValidationInstance -   Detected expectation: 4) Verify existence of not more than a single object identifier pr invoice
			line
18:13:49 INFO  ValidationInstance - Validating 'eu.peppol.postaward.v3.billing-c801e0b9-893b-41f6-b617-68d2896dcb4c.asice#sch/PEPPOL-EN16931-UBL.sch' with Engine [PEPPOL BIS Billing 3.0]
18:13:49 INFO  SchematronXsltChecker - Running Schematron XSTL-based validation
18:13:49 INFO  Tester - TestSet '/src/rules/unit-UBL-PEPPOL/PEPPOL-EN16931-R100.xml'
18:13:49 INFO  ValidationInstance - Loading document from stream
18:13:49 INFO  ValidationInstance -   Detected declaration: xml.testset (with children)
18:13:49 INFO  ValidationInstance - Loading document from stream
18:13:49 INFO  ValidationInstance -   Detected declaration: xml.test (with converter)
18:13:49 INFO  ValidationInstance -   Detected expectation: 1) Verify that element DocumentReference is not used for information other than invoiced line object.
18:13:49 INFO  ValidationInstance - Validating 'eu.peppol.postaward.v3.billing-c801e0b9-893b-41f6-b617-68d2896dcb4c.asice#sch/PEPPOL-EN16931-UBL.sch' with Engine [PEPPOL BIS Billing 3.0]
18:13:49 INFO  SchematronXsltChecker - Running Schematron XSTL-based validation
18:13:49 INFO  ValidationInstance - Loading document from stream
18:13:49 INFO  ValidationInstance -   Detected declaration: xml.test (with converter)
18:13:49 INFO  ValidationInstance -   Detected expectation: 2) Verify that element DocumentReference is not used for information other than invoiced line object.
18:13:49 INFO  ValidationInstance - Validating 'eu.peppol.postaward.v3.billing-c801e0b9-893b-41f6-b617-68d2896dcb4c.asice#sch/PEPPOL-EN16931-UBL.sch' with Engine [PEPPOL BIS Billing 3.0]
18:13:49 INFO  SchematronXsltChecker - Running Schematron XSTL-based validation
18:13:49 INFO  Tester - TestSet '/src/rules/unit-UBL-PEPPOL/PEPPOL-EN16931-R101.xml'
18:13:49 INFO  ValidationInstance - Loading document from stream
18:13:49 INFO  ValidationInstance -   Detected declaration: xml.testset (with children)
18:13:49 INFO  ValidationInstance - Loading document from stream
18:13:49 INFO  ValidationInstance -   Detected declaration: xml.test (with converter)
18:13:49 INFO  ValidationInstance -   Detected expectation: 1) Verify verification of invoice period.
18:13:49 INFO  ValidationInstance - Validating 'eu.peppol.postaward.v3.billing-c801e0b9-893b-41f6-b617-68d2896dcb4c.asice#sch/PEPPOL-EN16931-UBL.sch' with Engine [PEPPOL BIS Billing 3.0]
18:13:49 INFO  SchematronXsltChecker - Running Schematron XSTL-based validation
18:13:49 INFO  ValidationInstance - Loading document from stream
18:13:49 INFO  ValidationInstance -   Detected declaration: xml.test (with converter)
18:13:49 INFO  ValidationInstance -   Detected expectation: 2) Verify verification of invoice period.
18:13:49 INFO  ValidationInstance - Validating 'eu.peppol.postaward.v3.billing-c801e0b9-893b-41f6-b617-68d2896dcb4c.asice#sch/PEPPOL-EN16931-UBL.sch' with Engine [PEPPOL BIS Billing 3.0]
18:13:49 INFO  SchematronXsltChecker - Running Schematron XSTL-based validation
18:13:49 INFO  ValidationInstance - Loading document from stream
18:13:49 INFO  ValidationInstance -   Detected declaration: xml.test (with converter)
18:13:50 INFO  ValidationInstance -   Detected expectation: 3) Verify verification of invoice period.
18:13:50 INFO  ValidationInstance - Validating 'eu.peppol.postaward.v3.billing-c801e0b9-893b-41f6-b617-68d2896dcb4c.asice#sch/PEPPOL-EN16931-UBL.sch' with Engine [PEPPOL BIS Billing 3.0]
18:13:50 INFO  SchematronXsltChecker - Running Schematron XSTL-based validation
18:13:50 INFO  ValidationInstance - Loading document from stream
18:13:50 INFO  ValidationInstance -   Detected declaration: xml.test (with converter)
18:13:50 INFO  ValidationInstance -   Detected expectation: 4) Verify verification of invoice period.
18:13:50 INFO  ValidationInstance - Validating 'eu.peppol.postaward.v3.billing-c801e0b9-893b-41f6-b617-68d2896dcb4c.asice#sch/PEPPOL-EN16931-UBL.sch' with Engine [PEPPOL BIS Billing 3.0]
18:13:50 INFO  SchematronXsltChecker - Running Schematron XSTL-based validation
18:13:50 INFO  ValidationInstance - Loading document from stream
18:13:50 INFO  ValidationInstance -   Detected declaration: xml.test (with converter)
18:13:50 INFO  ValidationInstance -   Detected expectation: 5) Verify verification of invoice period.
18:13:50 INFO  ValidationInstance - Validating 'eu.peppol.postaward.v3.billing-c801e0b9-893b-41f6-b617-68d2896dcb4c.asice#sch/PEPPOL-EN16931-UBL.sch' with Engine [PEPPOL BIS Billing 3.0]
18:13:50 INFO  SchematronXsltChecker - Running Schematron XSTL-based validation
18:13:50 INFO  ValidationInstance - Loading document from stream
18:13:50 INFO  ValidationInstance -   Detected declaration: xml.test (with converter)
18:13:50 INFO  ValidationInstance -   Detected expectation: 6) Verify verification of invoice period.
18:13:50 INFO  ValidationInstance - Validating 'eu.peppol.postaward.v3.billing-c801e0b9-893b-41f6-b617-68d2896dcb4c.asice#sch/PEPPOL-EN16931-UBL.sch' with Engine [PEPPOL BIS Billing 3.0]
18:13:50 INFO  SchematronXsltChecker - Running Schematron XSTL-based validation
18:13:50 INFO  Tester - TestSet '/src/rules/unit-UBL-PEPPOL/PEPPOL-EN16931-R110.xml'
18:13:50 INFO  ValidationInstance - Loading document from stream
18:13:50 INFO  ValidationInstance -   Detected declaration: xml.testset (with children)
18:13:50 INFO  ValidationInstance - Loading document from stream
18:13:50 INFO  ValidationInstance -   Detected declaration: xml.test (with converter)
18:13:50 INFO  ValidationInstance -   Detected expectation: 1) Verify verification of invoice period.
18:13:50 INFO  ValidationInstance - Validating 'eu.peppol.postaward.v3.billing-c801e0b9-893b-41f6-b617-68d2896dcb4c.asice#sch/PEPPOL-EN16931-UBL.sch' with Engine [PEPPOL BIS Billing 3.0]
18:13:50 INFO  SchematronXsltChecker - Running Schematron XSTL-based validation
18:13:50 INFO  ValidationInstance - Loading document from stream
18:13:50 INFO  ValidationInstance -   Detected declaration: xml.test (with converter)
18:13:50 INFO  ValidationInstance -   Detected expectation: 2) Verify verification of invoice period.
18:13:50 INFO  ValidationInstance - Validating 'eu.peppol.postaward.v3.billing-c801e0b9-893b-41f6-b617-68d2896dcb4c.asice#sch/PEPPOL-EN16931-UBL.sch' with Engine [PEPPOL BIS Billing 3.0]
18:13:50 INFO  SchematronXsltChecker - Running Schematron XSTL-based validation
18:13:50 INFO  ValidationInstance - Loading document from stream
18:13:50 INFO  ValidationInstance -   Detected declaration: xml.test (with converter)
18:13:50 INFO  ValidationInstance -   Detected expectation: 3) Verify verification of invoice period.
18:13:50 INFO  ValidationInstance - Validating 'eu.peppol.postaward.v3.billing-c801e0b9-893b-41f6-b617-68d2896dcb4c.asice#sch/PEPPOL-EN16931-UBL.sch' with Engine [PEPPOL BIS Billing 3.0]
18:13:50 INFO  SchematronXsltChecker - Running Schematron XSTL-based validation
18:13:50 INFO  ValidationInstance - Loading document from stream
18:13:50 INFO  ValidationInstance -   Detected declaration: xml.test (with converter)
18:13:50 INFO  ValidationInstance -   Detected expectation: 4) Verify verification of invoice period.
18:13:50 INFO  ValidationInstance - Validating 'eu.peppol.postaward.v3.billing-c801e0b9-893b-41f6-b617-68d2896dcb4c.asice#sch/PEPPOL-EN16931-UBL.sch' with Engine [PEPPOL BIS Billing 3.0]
18:13:50 INFO  SchematronXsltChecker - Running Schematron XSTL-based validation
18:13:50 INFO  ValidationInstance - Loading document from stream
18:13:50 INFO  ValidationInstance -   Detected declaration: xml.test (with converter)
18:13:50 INFO  ValidationInstance -   Detected expectation: 5) Verify verification of invoice period.
18:13:50 INFO  ValidationInstance - Validating 'eu.peppol.postaward.v3.billing-c801e0b9-893b-41f6-b617-68d2896dcb4c.asice#sch/PEPPOL-EN16931-UBL.sch' with Engine [PEPPOL BIS Billing 3.0]
18:13:50 INFO  SchematronXsltChecker - Running Schematron XSTL-based validation
18:13:50 INFO  ValidationInstance - Loading document from stream
18:13:50 INFO  ValidationInstance -   Detected declaration: xml.test (with converter)
18:13:50 INFO  ValidationInstance -   Detected expectation: 6) Verify verification of invoice period.
18:13:50 INFO  ValidationInstance - Validating 'eu.peppol.postaward.v3.billing-c801e0b9-893b-41f6-b617-68d2896dcb4c.asice#sch/PEPPOL-EN16931-UBL.sch' with Engine [PEPPOL BIS Billing 3.0]
18:13:50 INFO  SchematronXsltChecker - Running Schematron XSTL-based validation
18:13:50 INFO  Tester - TestSet '/src/rules/unit-UBL-PEPPOL/PEPPOL-EN16931-R111.xml'
18:13:50 INFO  ValidationInstance - Loading document from stream
18:13:50 INFO  ValidationInstance -   Detected declaration: xml.testset (with children)
18:13:50 INFO  ValidationInstance - Loading document from stream
18:13:50 INFO  ValidationInstance -   Detected declaration: xml.test (with converter)
18:13:50 INFO  ValidationInstance -   Detected expectation: 1) Verify calculation of line extension amount.
18:13:50 INFO  ValidationInstance - Validating 'eu.peppol.postaward.v3.billing-c801e0b9-893b-41f6-b617-68d2896dcb4c.asice#sch/PEPPOL-EN16931-UBL.sch' with Engine [PEPPOL BIS Billing 3.0]
18:13:50 INFO  SchematronXsltChecker - Running Schematron XSTL-based validation
18:13:50 INFO  ValidationInstance - Loading document from stream
18:13:50 INFO  ValidationInstance -   Detected declaration: xml.test (with converter)
18:13:50 INFO  ValidationInstance -   Detected expectation: 2) Verify calculation of line extension amount.
18:13:50 INFO  ValidationInstance - Validating 'eu.peppol.postaward.v3.billing-c801e0b9-893b-41f6-b617-68d2896dcb4c.asice#sch/PEPPOL-EN16931-UBL.sch' with Engine [PEPPOL BIS Billing 3.0]
18:13:50 INFO  SchematronXsltChecker - Running Schematron XSTL-based validation
18:13:50 INFO  ValidationInstance - Loading document from stream
18:13:50 INFO  ValidationInstance -   Detected declaration: xml.test (with converter)
18:13:50 INFO  ValidationInstance -   Detected expectation: 3) Verify calculation of line extension amount.
18:13:50 INFO  ValidationInstance - Validating 'eu.peppol.postaward.v3.billing-c801e0b9-893b-41f6-b617-68d2896dcb4c.asice#sch/PEPPOL-EN16931-UBL.sch' with Engine [PEPPOL BIS Billing 3.0]
18:13:50 INFO  SchematronXsltChecker - Running Schematron XSTL-based validation
18:13:50 INFO  ValidationInstance - Loading document from stream
18:13:50 INFO  ValidationInstance -   Detected declaration: xml.test (with converter)
18:13:50 INFO  ValidationInstance -   Detected expectation: 4) Verify calculation of line extension amount.
18:13:50 INFO  ValidationInstance - Validating 'eu.peppol.postaward.v3.billing-c801e0b9-893b-41f6-b617-68d2896dcb4c.asice#sch/PEPPOL-EN16931-UBL.sch' with Engine [PEPPOL BIS Billing 3.0]
18:13:50 INFO  SchematronXsltChecker - Running Schematron XSTL-based validation
18:13:50 INFO  ValidationInstance - Loading document from stream
18:13:50 INFO  ValidationInstance -   Detected declaration: xml.test (with converter)
18:13:50 INFO  ValidationInstance -   Detected expectation: 5) Verify calculation of line extension amount.
18:13:50 INFO  ValidationInstance - Validating 'eu.peppol.postaward.v3.billing-c801e0b9-893b-41f6-b617-68d2896dcb4c.asice#sch/PEPPOL-EN16931-UBL.sch' with Engine [PEPPOL BIS Billing 3.0]
18:13:50 INFO  SchematronXsltChecker - Running Schematron XSTL-based validation
18:13:50 INFO  ValidationInstance - Loading document from stream
18:13:50 INFO  ValidationInstance -   Detected declaration: xml.test (with converter)
18:13:50 INFO  ValidationInstance -   Detected expectation: 6) Verify calculation of line extension amount.
18:13:50 INFO  ValidationInstance - Validating 'eu.peppol.postaward.v3.billing-c801e0b9-893b-41f6-b617-68d2896dcb4c.asice#sch/PEPPOL-EN16931-UBL.sch' with Engine [PEPPOL BIS Billing 3.0]
18:13:50 INFO  SchematronXsltChecker - Running Schematron XSTL-based validation
18:13:50 INFO  ValidationInstance - Loading document from stream
18:13:50 INFO  ValidationInstance -   Detected declaration: xml.test (with converter)
18:13:50 INFO  ValidationInstance -   Detected expectation: 7) Verify calculation of line extension amount.
18:13:50 INFO  ValidationInstance - Validating 'eu.peppol.postaward.v3.billing-c801e0b9-893b-41f6-b617-68d2896dcb4c.asice#sch/PEPPOL-EN16931-UBL.sch' with Engine [PEPPOL BIS Billing 3.0]
18:13:50 INFO  SchematronXsltChecker - Running Schematron XSTL-based validation
18:13:50 INFO  ValidationInstance - Loading document from stream
18:13:50 INFO  ValidationInstance -   Detected declaration: xml.test (with converter)
18:13:50 INFO  ValidationInstance -   Detected expectation: 8) Verify calculation of line extension amount.
18:13:50 INFO  ValidationInstance - Validating 'eu.peppol.postaward.v3.billing-c801e0b9-893b-41f6-b617-68d2896dcb4c.asice#sch/PEPPOL-EN16931-UBL.sch' with Engine [PEPPOL BIS Billing 3.0]
18:13:50 INFO  SchematronXsltChecker - Running Schematron XSTL-based validation
18:13:50 INFO  ValidationInstance - Loading document from stream
18:13:50 INFO  ValidationInstance -   Detected declaration: xml.test (with converter)
18:13:50 INFO  ValidationInstance -   Detected expectation: 9) Verify calculation of line extension amount.
18:13:50 INFO  ValidationInstance - Validating 'eu.peppol.postaward.v3.billing-c801e0b9-893b-41f6-b617-68d2896dcb4c.asice#sch/PEPPOL-EN16931-UBL.sch' with Engine [PEPPOL BIS Billing 3.0]
18:13:50 INFO  SchematronXsltChecker - Running Schematron XSTL-based validation
18:13:50 INFO  ValidationInstance - Loading document from stream
18:13:50 INFO  ValidationInstance -   Detected declaration: xml.test (with converter)
18:13:50 INFO  ValidationInstance -   Detected expectation: 10) Verify calculation of line extension amount.
18:13:50 INFO  ValidationInstance - Validating 'eu.peppol.postaward.v3.billing-c801e0b9-893b-41f6-b617-68d2896dcb4c.asice#sch/PEPPOL-EN16931-UBL.sch' with Engine [PEPPOL BIS Billing 3.0]
18:13:50 INFO  SchematronXsltChecker - Running Schematron XSTL-based validation
18:13:50 INFO  ValidationInstance - Loading document from stream
18:13:50 INFO  ValidationInstance -   Detected declaration: xml.test (with converter)
18:13:50 INFO  ValidationInstance -   Detected expectation: 11) Verify calculation of line extension amount.
18:13:50 INFO  ValidationInstance - Validating 'eu.peppol.postaward.v3.billing-c801e0b9-893b-41f6-b617-68d2896dcb4c.asice#sch/PEPPOL-EN16931-UBL.sch' with Engine [PEPPOL BIS Billing 3.0]
18:13:50 INFO  SchematronXsltChecker - Running Schematron XSTL-based validation
18:13:50 INFO  Tester - TestSet '/src/rules/unit-UBL-PEPPOL/PEPPOL-EN16931-R120.xml'
18:13:50 INFO  ValidationInstance - Loading document from stream
18:13:50 INFO  ValidationInstance -   Detected declaration: xml.testset (with children)
18:13:50 INFO  ValidationInstance - Loading document from stream
18:13:50 INFO  ValidationInstance -   Detected declaration: xml.test (with converter)
18:13:50 INFO  ValidationInstance -   Detected expectation: 1) Verify base amount is above zero.
18:13:50 INFO  ValidationInstance - Validating 'eu.peppol.postaward.v3.billing-c801e0b9-893b-41f6-b617-68d2896dcb4c.asice#sch/PEPPOL-EN16931-UBL.sch' with Engine [PEPPOL BIS Billing 3.0]
18:13:50 INFO  SchematronXsltChecker - Running Schematron XSTL-based validation
18:13:50 INFO  ValidationInstance - Loading document from stream
18:13:50 INFO  ValidationInstance -   Detected declaration: xml.test (with converter)
18:13:50 INFO  ValidationInstance -   Detected expectation: 2) Verify base amount is above zero.
18:13:50 INFO  ValidationInstance - Validating 'eu.peppol.postaward.v3.billing-c801e0b9-893b-41f6-b617-68d2896dcb4c.asice#sch/PEPPOL-EN16931-UBL.sch' with Engine [PEPPOL BIS Billing 3.0]
18:13:50 INFO  SchematronXsltChecker - Running Schematron XSTL-based validation
18:13:50 INFO  ValidationInstance - Loading document from stream
18:13:50 INFO  ValidationInstance -   Detected declaration: xml.test (with converter)
18:13:50 INFO  ValidationInstance -   Detected expectation: 3) Verify base amount is above zero.
18:13:50 INFO  ValidationInstance - Validating 'eu.peppol.postaward.v3.billing-c801e0b9-893b-41f6-b617-68d2896dcb4c.asice#sch/PEPPOL-EN16931-UBL.sch' with Engine [PEPPOL BIS Billing 3.0]
18:13:50 INFO  SchematronXsltChecker - Running Schematron XSTL-based validation
18:13:50 INFO  ValidationInstance - Loading document from stream
18:13:50 INFO  ValidationInstance -   Detected declaration: xml.test (with converter)
18:13:50 INFO  ValidationInstance -   Detected expectation: 4) Verify base amount is above zero.
18:13:50 INFO  ValidationInstance - Validating 'eu.peppol.postaward.v3.billing-c801e0b9-893b-41f6-b617-68d2896dcb4c.asice#sch/PEPPOL-EN16931-UBL.sch' with Engine [PEPPOL BIS Billing 3.0]
18:13:50 INFO  SchematronXsltChecker - Running Schematron XSTL-based validation
18:13:50 INFO  Tester - TestSet '/src/rules/unit-UBL-PEPPOL/PEPPOL-EN16931-R121.xml'
18:13:50 INFO  ValidationInstance - Loading document from stream
18:13:50 INFO  ValidationInstance -   Detected declaration: xml.testset (with children)
18:13:50 INFO  ValidationInstance - Loading document from stream
18:13:50 INFO  ValidationInstance -   Detected declaration: xml.test (with converter)
18:13:50 INFO  ValidationInstance -   Detected expectation: 1) Verify unit codes are same.
18:13:50 INFO  ValidationInstance - Validating 'eu.peppol.postaward.v3.billing-c801e0b9-893b-41f6-b617-68d2896dcb4c.asice#sch/PEPPOL-EN16931-UBL.sch' with Engine [PEPPOL BIS Billing 3.0]
18:13:50 INFO  SchematronXsltChecker - Running Schematron XSTL-based validation
18:13:50 INFO  ValidationInstance - Loading document from stream
18:13:50 INFO  ValidationInstance -   Detected declaration: xml.test (with converter)
18:13:50 INFO  ValidationInstance -   Detected expectation: 2) Verify unit codes are same.
18:13:50 INFO  ValidationInstance - Validating 'eu.peppol.postaward.v3.billing-c801e0b9-893b-41f6-b617-68d2896dcb4c.asice#sch/PEPPOL-EN16931-UBL.sch' with Engine [PEPPOL BIS Billing 3.0]
18:13:50 INFO  SchematronXsltChecker - Running Schematron XSTL-based validation
18:13:50 INFO  ValidationInstance - Loading document from stream
18:13:50 INFO  ValidationInstance -   Detected declaration: xml.test (with converter)
18:13:50 INFO  ValidationInstance -   Detected expectation: 3) Verify unit codes are same.
18:13:50 INFO  ValidationInstance - Validating 'eu.peppol.postaward.v3.billing-c801e0b9-893b-41f6-b617-68d2896dcb4c.asice#sch/PEPPOL-EN16931-UBL.sch' with Engine [PEPPOL BIS Billing 3.0]
18:13:50 INFO  SchematronXsltChecker - Running Schematron XSTL-based validation
18:13:50 INFO  Tester - TestSet '/src/rules/unit-UBL-PEPPOL/PEPPOL-EN16931-R130.xml'
18:13:51 INFO  ValidationInstance - Loading document from stream
18:13:51 INFO  ValidationInstance -   Detected declaration: xml.testset (with children)
18:13:51 INFO  ValidationInstance - Loading document from stream
18:13:51 INFO  ValidationInstance -   Detected declaration: xml.test (with converter)
18:13:51 INFO  ValidationInstance -   Detected expectation: 1) Verify that for Norwegian suppliers, a VAT number MUST be the country code prefix NO followed by a valid Norwegian organization number (nine numbers) followed by the letters MVA.
18:13:51 INFO  ValidationInstance - Validating 'eu.peppol.postaward.v3.billing-c801e0b9-893b-41f6-b617-68d2896dcb4c.asice#sch/PEPPOL-EN16931-UBL.sch' with Engine [PEPPOL BIS Billing 3.0]
18:13:51 INFO  SchematronXsltChecker - Running Schematron XSTL-based validation
18:13:51 INFO  ValidationInstance - Loading document from stream
18:13:51 INFO  ValidationInstance -   Detected declaration: xml.test (with converter)
18:13:51 INFO  ValidationInstance -   Detected expectation: 2) Verify that for Norwegian suppliers, a VAT number MUST be the country code prefix NO followed by a valid Norwegian organization number (nine numbers) followed by the letters MVA.
18:13:51 INFO  ValidationInstance - Validating 'eu.peppol.postaward.v3.billing-c801e0b9-893b-41f6-b617-68d2896dcb4c.asice#sch/PEPPOL-EN16931-UBL.sch' with Engine [PEPPOL BIS Billing 3.0]
18:13:51 INFO  SchematronXsltChecker - Running Schematron XSTL-based validation
18:13:51 INFO  ValidationInstance - Loading document from stream
18:13:51 INFO  ValidationInstance -   Detected declaration: xml.test (with converter)
18:13:51 INFO  ValidationInstance -   Detected expectation: 3) Verify that for Norwegian suppliers, a VAT number MUST be the country code prefix NO followed by a valid Norwegian organization number (nine numbers) followed by the letters MVA.
18:13:51 INFO  ValidationInstance - Validating 'eu.peppol.postaward.v3.billing-c801e0b9-893b-41f6-b617-68d2896dcb4c.asice#sch/PEPPOL-EN16931-UBL.sch' with Engine [PEPPOL BIS Billing 3.0]
18:13:51 INFO  SchematronXsltChecker - Running Schematron XSTL-based validation
18:13:51 INFO  Tester - TestSet '/src/rules/unit-UBL-NO/NO-R-001.xml'
18:13:51 INFO  ValidationInstance - Loading document from stream
18:13:51 INFO  ValidationInstance -   Detected declaration: xml.testset (with children)
18:13:51 INFO  ValidationInstance - Loading document from stream
18:13:51 INFO  ValidationInstance -   Detected declaration: xml.test (with converter)
18:13:51 INFO  ValidationInstance -   Detected expectation: 1) Verify existence of TAX registration information
18:13:51 INFO  ValidationInstance - Validating 'eu.peppol.postaward.v3.billing-c801e0b9-893b-41f6-b617-68d2896dcb4c.asice#sch/PEPPOL-EN16931-UBL.sch' with Engine [PEPPOL BIS Billing 3.0]
18:13:51 INFO  SchematronXsltChecker - Running Schematron XSTL-based validation
18:13:51 INFO  ValidationInstance - Loading document from stream
18:13:51 INFO  ValidationInstance -   Detected declaration: xml.test (with converter)
18:13:51 INFO  ValidationInstance -   Detected expectation: 2) Verify existence of TAX registration information
18:13:51 INFO  ValidationInstance - Validating 'eu.peppol.postaward.v3.billing-c801e0b9-893b-41f6-b617-68d2896dcb4c.asice#sch/PEPPOL-EN16931-UBL.sch' with Engine [PEPPOL BIS Billing 3.0]
18:13:51 INFO  SchematronXsltChecker - Running Schematron XSTL-based validation
18:13:51 INFO  ValidationInstance - Loading document from stream
18:13:51 INFO  ValidationInstance -   Detected declaration: xml.test (with converter)
18:13:51 INFO  ValidationInstance -   Detected expectation: 3) Verify existence of TAX registration information
18:13:51 INFO  ValidationInstance - Validating 'eu.peppol.postaward.v3.billing-c801e0b9-893b-41f6-b617-68d2896dcb4c.asice#sch/PEPPOL-EN16931-UBL.sch' with Engine [PEPPOL BIS Billing 3.0]
18:13:51 INFO  SchematronXsltChecker - Running Schematron XSTL-based validation
18:13:51 INFO  ValidationInstance - Loading document from stream
18:13:51 INFO  ValidationInstance -   Detected declaration: xml.test (with converter)
18:13:51 INFO  ValidationInstance -   Detected expectation: 4) Verify existence of TAX registration information
18:13:51 INFO  ValidationInstance - Validating 'eu.peppol.postaward.v3.billing-c801e0b9-893b-41f6-b617-68d2896dcb4c.asice#sch/PEPPOL-EN16931-UBL.sch' with Engine [PEPPOL BIS Billing 3.0]
18:13:51 INFO  SchematronXsltChecker - Running Schematron XSTL-based validation
18:13:51 INFO  ValidationInstance - Loading document from stream
18:13:51 INFO  ValidationInstance -   Detected declaration: xml.test (with converter)
18:13:51 INFO  ValidationInstance -   Detected expectation: 5) Verify existence of TAX registration information
18:13:51 INFO  ValidationInstance - Validating 'eu.peppol.postaward.v3.billing-c801e0b9-893b-41f6-b617-68d2896dcb4c.asice#sch/PEPPOL-EN16931-UBL.sch' with Engine [PEPPOL BIS Billing 3.0]
18:13:51 INFO  SchematronXsltChecker - Running Schematron XSTL-based validation
18:13:51 INFO  ValidationInstance - Loading document from stream
18:13:51 INFO  ValidationInstance -   Detected declaration: xml.test (with converter)
18:13:51 INFO  ValidationInstance -   Detected expectation: 6) Verify existence of TAX registration information
18:13:51 INFO  ValidationInstance - Validating 'eu.peppol.postaward.v3.billing-c801e0b9-893b-41f6-b617-68d2896dcb4c.asice#sch/PEPPOL-EN16931-UBL.sch' with Engine [PEPPOL BIS Billing 3.0]
18:13:51 INFO  SchematronXsltChecker - Running Schematron XSTL-based validation
18:13:51 INFO  ValidationInstance - Loading document from stream
18:13:51 INFO  ValidationInstance -   Detected declaration: xml.test (with converter)
18:13:51 INFO  ValidationInstance -   Detected expectation: 7) Verify existence of TAX registration information
18:13:51 INFO  ValidationInstance - Validating 'eu.peppol.postaward.v3.billing-c801e0b9-893b-41f6-b617-68d2896dcb4c.asice#sch/PEPPOL-EN16931-UBL.sch' with Engine [PEPPOL BIS Billing 3.0]
18:13:51 INFO  SchematronXsltChecker - Running Schematron XSTL-based validation
18:13:51 INFO  ValidationInstance - Loading document from stream
18:13:51 INFO  ValidationInstance -   Detected declaration: xml.test (with converter)
18:13:51 INFO  ValidationInstance -   Detected expectation: 8) Verify existence of TAX registration information
18:13:51 INFO  ValidationInstance - Validating 'eu.peppol.postaward.v3.billing-c801e0b9-893b-41f6-b617-68d2896dcb4c.asice#sch/PEPPOL-EN16931-UBL.sch' with Engine [PEPPOL BIS Billing 3.0]
18:13:51 INFO  SchematronXsltChecker - Running Schematron XSTL-based validation
18:13:51 INFO  ValidationInstance - Loading document from stream
18:13:51 INFO  ValidationInstance -   Detected declaration: xml.test (with converter)
18:13:51 INFO  ValidationInstance -   Detected expectation: 9) Verify existence of TAX registration information
18:13:51 INFO  ValidationInstance - Validating 'eu.peppol.postaward.v3.billing-c801e0b9-893b-41f6-b617-68d2896dcb4c.asice#sch/PEPPOL-EN16931-UBL.sch' with Engine [PEPPOL BIS Billing 3.0]
18:13:51 INFO  SchematronXsltChecker - Running Schematron XSTL-based validation
18:13:51 INFO  ValidationInstance - Loading document from stream
18:13:51 INFO  ValidationInstance -   Detected declaration: xml.test (with converter)
18:13:51 INFO  ValidationInstance -   Detected expectation: 10) Verify existence of TAX registration information
18:13:51 INFO  ValidationInstance - Validating 'eu.peppol.postaward.v3.billing-c801e0b9-893b-41f6-b617-68d2896dcb4c.asice#sch/PEPPOL-EN16931-UBL.sch' with Engine [PEPPOL BIS Billing 3.0]
18:13:51 INFO  SchematronXsltChecker - Running Schematron XSTL-based validation
18:13:51 INFO  ValidationInstance - Loading document from stream
18:13:51 INFO  ValidationInstance -   Detected declaration: xml.test (with converter)
18:13:51 INFO  ValidationInstance -   Detected expectation: 11) Verify existence of TAX registration information
18:13:51 INFO  ValidationInstance - Validating 'eu.peppol.postaward.v3.billing-c801e0b9-893b-41f6-b617-68d2896dcb4c.asice#sch/PEPPOL-EN16931-UBL.sch' with Engine [PEPPOL BIS Billing 3.0]
18:13:51 INFO  SchematronXsltChecker - Running Schematron XSTL-based validation
18:13:51 INFO  Tester - TestSet '/src/rules/unit-UBL-NO/NO-R-002.xml'
18:13:51 INFO  ValidationInstance - Loading document from stream
18:13:51 INFO  ValidationInstance -   Detected declaration: xml.testset (with children)
18:13:51 INFO  ValidationInstance - Loading document from stream
18:13:51 INFO  ValidationInstance -   Detected declaration: xml.test (with converter)
18:13:51 INFO  ValidationInstance -   Detected expectation: 1) Verify existence the length of BT-32 for Italian suppliers
18:13:51 INFO  ValidationInstance - Validating 'eu.peppol.postaward.v3.billing-c801e0b9-893b-41f6-b617-68d2896dcb4c.asice#sch/PEPPOL-EN16931-UBL.sch' with Engine [PEPPOL BIS Billing 3.0]
18:13:51 INFO  SchematronXsltChecker - Running Schematron XSTL-based validation
18:13:51 INFO  ValidationInstance - Loading document from stream
18:13:51 INFO  ValidationInstance -   Detected declaration: xml.test (with converter)
18:13:51 INFO  ValidationInstance -   Detected expectation: 2) Verify existence the length of BT-32 for Italian suppliers
18:13:51 INFO  ValidationInstance - Validating 'eu.peppol.postaward.v3.billing-c801e0b9-893b-41f6-b617-68d2896dcb4c.asice#sch/PEPPOL-EN16931-UBL.sch' with Engine [PEPPOL BIS Billing 3.0]
18:13:51 INFO  SchematronXsltChecker - Running Schematron XSTL-based validation
18:13:51 INFO  ValidationInstance - Loading document from stream
18:13:51 INFO  ValidationInstance -   Detected declaration: xml.test (with converter)
18:13:51 INFO  ValidationInstance -   Detected expectation: 3) Verify existence the length of BT-32 for Italian suppliers
18:13:51 INFO  ValidationInstance - Validating 'eu.peppol.postaward.v3.billing-c801e0b9-893b-41f6-b617-68d2896dcb4c.asice#sch/PEPPOL-EN16931-UBL.sch' with Engine [PEPPOL BIS Billing 3.0]
18:13:51 INFO  SchematronXsltChecker - Running Schematron XSTL-based validation
18:13:51 INFO  Tester - TestSet '/src/rules/unit-UBL-IT/IT-R-001.xml'
18:13:51 INFO  ValidationInstance - Loading document from stream
18:13:51 INFO  ValidationInstance -   Detected declaration: xml.testset (with children)
18:13:51 INFO  ValidationInstance - Loading document from stream
18:13:51 INFO  ValidationInstance -   Detected declaration: xml.test (with converter)
18:13:51 INFO  ValidationInstance -   Detected expectation: 1) Verify existence of Seller address line for Italian suppliers
18:13:51 INFO  ValidationInstance - Validating 'eu.peppol.postaward.v3.billing-c801e0b9-893b-41f6-b617-68d2896dcb4c.asice#sch/PEPPOL-EN16931-UBL.sch' with Engine [PEPPOL BIS Billing 3.0]
18:13:51 INFO  SchematronXsltChecker - Running Schematron XSTL-based validation
18:13:51 INFO  ValidationInstance - Loading document from stream
18:13:51 INFO  ValidationInstance -   Detected declaration: xml.test (with converter)
18:13:51 INFO  ValidationInstance -   Detected expectation: 2) Verify existence of Seller address line for Italian suppliers
18:13:51 INFO  ValidationInstance - Validating 'eu.peppol.postaward.v3.billing-c801e0b9-893b-41f6-b617-68d2896dcb4c.asice#sch/PEPPOL-EN16931-UBL.sch' with Engine [PEPPOL BIS Billing 3.0]
18:13:51 INFO  SchematronXsltChecker - Running Schematron XSTL-based validation
18:13:51 INFO  ValidationInstance - Loading document from stream
18:13:51 INFO  ValidationInstance -   Detected declaration: xml.test (with converter)
18:13:51 INFO  ValidationInstance -   Detected expectation: 3) Verify existence of Seller address line for Italian suppliers
18:13:51 INFO  ValidationInstance - Validating 'eu.peppol.postaward.v3.billing-c801e0b9-893b-41f6-b617-68d2896dcb4c.asice#sch/PEPPOL-EN16931-UBL.sch' with Engine [PEPPOL BIS Billing 3.0]
18:13:51 INFO  SchematronXsltChecker - Running Schematron XSTL-based validation
18:13:51 INFO  Tester - TestSet '/src/rules/unit-UBL-IT/IT-R-002.xml'
18:13:51 INFO  ValidationInstance - Loading document from stream
18:13:51 INFO  ValidationInstance -   Detected declaration: xml.testset (with children)
18:13:51 INFO  ValidationInstance - Loading document from stream
18:13:51 INFO  ValidationInstance -   Detected declaration: xml.test (with converter)
18:13:51 INFO  ValidationInstance -   Detected expectation: 1) Verify existence of Seller City for Italian suppliers
18:13:51 INFO  ValidationInstance - Validating 'eu.peppol.postaward.v3.billing-c801e0b9-893b-41f6-b617-68d2896dcb4c.asice#sch/PEPPOL-EN16931-UBL.sch' with Engine [PEPPOL BIS Billing 3.0]
18:13:51 INFO  SchematronXsltChecker - Running Schematron XSTL-based validation
18:13:51 INFO  ValidationInstance - Loading document from stream
18:13:51 INFO  ValidationInstance -   Detected declaration: xml.test (with converter)
18:13:51 INFO  ValidationInstance -   Detected expectation: 2) Verify existence of Seller City for Italian suppliers
18:13:51 INFO  ValidationInstance - Validating 'eu.peppol.postaward.v3.billing-c801e0b9-893b-41f6-b617-68d2896dcb4c.asice#sch/PEPPOL-EN16931-UBL.sch' with Engine [PEPPOL BIS Billing 3.0]
18:13:51 INFO  SchematronXsltChecker - Running Schematron XSTL-based validation
18:13:51 INFO  ValidationInstance - Loading document from stream
18:13:51 INFO  ValidationInstance -   Detected declaration: xml.test (with converter)
18:13:51 INFO  ValidationInstance -   Detected expectation: 3) Verify existence of Seller City for Italian suppliers
18:13:51 INFO  ValidationInstance - Validating 'eu.peppol.postaward.v3.billing-c801e0b9-893b-41f6-b617-68d2896dcb4c.asice#sch/PEPPOL-EN16931-UBL.sch' with Engine [PEPPOL BIS Billing 3.0]
18:13:51 INFO  SchematronXsltChecker - Running Schematron XSTL-based validation
18:13:51 INFO  Tester - TestSet '/src/rules/unit-UBL-IT/IT-R-003.xml'
18:13:51 INFO  ValidationInstance - Loading document from stream
18:13:51 INFO  ValidationInstance -   Detected declaration: xml.testset (with children)
18:13:51 INFO  ValidationInstance - Loading document from stream
18:13:51 INFO  ValidationInstance -   Detected declaration: xml.test (with converter)
18:13:51 INFO  ValidationInstance -   Detected expectation: 1) Verify existence of Seller Post Code for Italian suppliers
18:13:51 INFO  ValidationInstance - Validating 'eu.peppol.postaward.v3.billing-c801e0b9-893b-41f6-b617-68d2896dcb4c.asice#sch/PEPPOL-EN16931-UBL.sch' with Engine [PEPPOL BIS Billing 3.0]
18:13:51 INFO  SchematronXsltChecker - Running Schematron XSTL-based validation
18:13:51 INFO  ValidationInstance - Loading document from stream
18:13:51 INFO  ValidationInstance -   Detected declaration: xml.test (with converter)
18:13:51 INFO  ValidationInstance -   Detected expectation: 2) Verify existence of Seller Post Code for Italian suppliers
18:13:51 INFO  ValidationInstance - Validating 'eu.peppol.postaward.v3.billing-c801e0b9-893b-41f6-b617-68d2896dcb4c.asice#sch/PEPPOL-EN16931-UBL.sch' with Engine [PEPPOL BIS Billing 3.0]
18:13:51 INFO  SchematronXsltChecker - Running Schematron XSTL-based validation
18:13:51 INFO  ValidationInstance - Loading document from stream
18:13:51 INFO  ValidationInstance -   Detected declaration: xml.test (with converter)
18:13:51 INFO  ValidationInstance -   Detected expectation: 3) Verify existence of Seller Post Code for Italian suppliers
18:13:51 INFO  ValidationInstance - Validating 'eu.peppol.postaward.v3.billing-c801e0b9-893b-41f6-b617-68d2896dcb4c.asice#sch/PEPPOL-EN16931-UBL.sch' with Engine [PEPPOL BIS Billing 3.0]
18:13:51 INFO  SchematronXsltChecker - Running Schematron XSTL-based validation
18:13:51 INFO  Tester - TestSet '/src/rules/unit-UBL-IT/IT-R-004.xml'
18:13:52 INFO  ValidationInstance - Loading document from stream
18:13:52 INFO  ValidationInstance -   Detected declaration: xml.testset (with children)
18:13:52 INFO  ValidationInstance - Loading document from stream
18:13:52 INFO  ValidationInstance -   Detected declaration: xml.test (with converter)
18:13:52 INFO  ValidationInstance -   Detected expectation: 1) Danish suppliers MUST provide legal entity.
18:13:52 INFO  ValidationInstance - Validating 'eu.peppol.postaward.v3.billing-c801e0b9-893b-41f6-b617-68d2896dcb4c.asice#sch/PEPPOL-EN16931-UBL.sch' with Engine [PEPPOL BIS Billing 3.0]
18:13:52 INFO  SchematronXsltChecker - Running Schematron XSTL-based validation
18:13:52 INFO  ValidationInstance - Loading document from stream
18:13:52 INFO  ValidationInstance -   Detected declaration: xml.test (with converter)
18:13:52 INFO  ValidationInstance -   Detected expectation: 2) Danish suppliers MUST provide legal entity.
18:13:52 INFO  ValidationInstance - Validating 'eu.peppol.postaward.v3.billing-c801e0b9-893b-41f6-b617-68d2896dcb4c.asice#sch/PEPPOL-EN16931-UBL.sch' with Engine [PEPPOL BIS Billing 3.0]
18:13:52 INFO  SchematronXsltChecker - Running Schematron XSTL-based validation
18:13:52 INFO  ValidationInstance - Loading document from stream
18:13:52 INFO  ValidationInstance -   Detected declaration: xml.test (with converter)
18:13:52 INFO  ValidationInstance -   Detected expectation: 3) Danish suppliers MUST provide legal entity.
18:13:52 INFO  ValidationInstance - Validating 'eu.peppol.postaward.v3.billing-c801e0b9-893b-41f6-b617-68d2896dcb4c.asice#sch/PEPPOL-EN16931-UBL.sch' with Engine [PEPPOL BIS Billing 3.0]
18:13:52 INFO  SchematronXsltChecker - Running Schematron XSTL-based validation
18:13:52 INFO  ValidationInstance - Loading document from stream
18:13:52 INFO  ValidationInstance -   Detected declaration: xml.test (with converter)
18:13:52 INFO  ValidationInstance -   Detected expectation: 4) Danish suppliers MUST provide legal entity.
18:13:52 INFO  ValidationInstance - Validating 'eu.peppol.postaward.v3.billing-c801e0b9-893b-41f6-b617-68d2896dcb4c.asice#sch/PEPPOL-EN16931-UBL.sch' with Engine [PEPPOL BIS Billing 3.0]
18:13:52 INFO  SchematronXsltChecker - Running Schematron XSTL-based validation
18:13:52 INFO  ValidationInstance - Loading document from stream
18:13:52 INFO  ValidationInstance -   Detected declaration: xml.test (with converter)
18:13:52 INFO  ValidationInstance -   Detected expectation: 5) Danish suppliers MUST provide legal entity.
18:13:52 INFO  ValidationInstance - Validating 'eu.peppol.postaward.v3.billing-c801e0b9-893b-41f6-b617-68d2896dcb4c.asice#sch/PEPPOL-EN16931-UBL.sch' with Engine [PEPPOL BIS Billing 3.0]
18:13:52 INFO  SchematronXsltChecker - Running Schematron XSTL-based validation
18:13:52 INFO  ValidationInstance - Loading document from stream
18:13:52 INFO  ValidationInstance -   Detected declaration: xml.test (with converter)
18:13:52 INFO  ValidationInstance -   Detected expectation: 6) Danish suppliers MUST provide legal entity.
18:13:52 INFO  ValidationInstance - Validating 'eu.peppol.postaward.v3.billing-c801e0b9-893b-41f6-b617-68d2896dcb4c.asice#sch/PEPPOL-EN16931-UBL.sch' with Engine [PEPPOL BIS Billing 3.0]
18:13:52 INFO  SchematronXsltChecker - Running Schematron XSTL-based validation
18:13:52 INFO  ValidationInstance - Loading document from stream
18:13:52 INFO  ValidationInstance -   Detected declaration: xml.test (with converter)
18:13:52 INFO  ValidationInstance -   Detected expectation: 7) Danish suppliers MUST provide legal entity.
18:13:52 INFO  ValidationInstance - Validating 'eu.peppol.postaward.v3.billing-c801e0b9-893b-41f6-b617-68d2896dcb4c.asice#sch/PEPPOL-EN16931-UBL.sch' with Engine [PEPPOL BIS Billing 3.0]
18:13:52 INFO  SchematronXsltChecker - Running Schematron XSTL-based validation
18:13:52 INFO  ValidationInstance - Loading document from stream
18:13:52 INFO  ValidationInstance -   Detected declaration: xml.test (with converter)
18:13:52 INFO  ValidationInstance -   Detected expectation: 8) Danish suppliers MUST provide legal entity.
18:13:52 INFO  ValidationInstance - Validating 'eu.peppol.postaward.v3.billing-c801e0b9-893b-41f6-b617-68d2896dcb4c.asice#sch/PEPPOL-EN16931-UBL.sch' with Engine [PEPPOL BIS Billing 3.0]
18:13:52 INFO  SchematronXsltChecker - Running Schematron XSTL-based validation
18:13:52 INFO  ValidationInstance - Loading document from stream
18:13:52 INFO  ValidationInstance -   Detected declaration: xml.test (with converter)
18:13:52 INFO  ValidationInstance -   Detected expectation: 9) Danish suppliers MUST provide legal entity.
18:13:52 INFO  ValidationInstance - Validating 'eu.peppol.postaward.v3.billing-c801e0b9-893b-41f6-b617-68d2896dcb4c.asice#sch/PEPPOL-EN16931-UBL.sch' with Engine [PEPPOL BIS Billing 3.0]
18:13:52 INFO  SchematronXsltChecker - Running Schematron XSTL-based validation
18:13:52 INFO  Tester - TestSet '/src/rules/unit-UBL-DK/DK_Validation_DKR002.xml'
18:13:52 INFO  ValidationInstance - Loading document from stream
18:13:52 INFO  ValidationInstance -   Detected declaration: xml.testset (with children)
18:13:52 INFO  ValidationInstance - Loading document from stream
18:13:52 INFO  ValidationInstance -   Detected declaration: xml.test (with converter)
18:13:52 INFO  ValidationInstance -   Detected expectation: 1) If ItemClassification is provided from Danish suppliers, UNSPSC version 19.05.01 or 26.08.01 should be used
18:13:52 INFO  ValidationInstance - Validating 'eu.peppol.postaward.v3.billing-c801e0b9-893b-41f6-b617-68d2896dcb4c.asice#sch/PEPPOL-EN16931-UBL.sch' with Engine [PEPPOL BIS Billing 3.0]
18:13:52 INFO  SchematronXsltChecker - Running Schematron XSTL-based validation
18:13:52 INFO  ValidationInstance - Loading document from stream
18:13:52 INFO  ValidationInstance -   Detected declaration: xml.test (with converter)
18:13:52 INFO  ValidationInstance -   Detected expectation: 2) If ItemClassification is provided from Danish suppliers, UNSPSC version 19.05.01 or 26.08.01 should be used
18:13:52 INFO  ValidationInstance - Validating 'eu.peppol.postaward.v3.billing-c801e0b9-893b-41f6-b617-68d2896dcb4c.asice#sch/PEPPOL-EN16931-UBL.sch' with Engine [PEPPOL BIS Billing 3.0]
18:13:52 INFO  SchematronXsltChecker - Running Schematron XSTL-based validation
18:13:52 INFO  ValidationInstance - Loading document from stream
18:13:52 INFO  ValidationInstance -   Detected declaration: xml.test (with converter)
18:13:52 INFO  ValidationInstance -   Detected expectation: 3) If ItemClassification is provided from Danish suppliers, UNSPSC version 19.05.01 or 26.08.01 should be used
18:13:52 INFO  ValidationInstance - Validating 'eu.peppol.postaward.v3.billing-c801e0b9-893b-41f6-b617-68d2896dcb4c.asice#sch/PEPPOL-EN16931-UBL.sch' with Engine [PEPPOL BIS Billing 3.0]
18:13:52 INFO  SchematronXsltChecker - Running Schematron XSTL-based validation
18:13:52 INFO  ValidationInstance - Loading document from stream
18:13:52 INFO  ValidationInstance -   Detected declaration: xml.test (with converter)
18:13:52 INFO  ValidationInstance -   Detected expectation: 4) If ItemClassification is provided from Danish suppliers, UNSPSC version 19.05.01 or 26.08.01 should be used
18:13:52 INFO  ValidationInstance - Validating 'eu.peppol.postaward.v3.billing-c801e0b9-893b-41f6-b617-68d2896dcb4c.asice#sch/PEPPOL-EN16931-UBL.sch' with Engine [PEPPOL BIS Billing 3.0]
18:13:52 INFO  SchematronXsltChecker - Running Schematron XSTL-based validation
18:13:52 INFO  ValidationInstance - Loading document from stream
18:13:52 INFO  ValidationInstance -   Detected declaration: xml.test (with converter)
18:13:52 INFO  ValidationInstance -   Detected expectation: 5) If ItemClassification is provided from Danish suppliers, UNSPSC version 19.05.01 or 26.08.01 should be used
18:13:52 INFO  ValidationInstance - Validating 'eu.peppol.postaward.v3.billing-c801e0b9-893b-41f6-b617-68d2896dcb4c.asice#sch/PEPPOL-EN16931-UBL.sch' with Engine [PEPPOL BIS Billing 3.0]
18:13:52 INFO  SchematronXsltChecker - Running Schematron XSTL-based validation
18:13:52 INFO  ValidationInstance - Loading document from stream
18:13:52 INFO  ValidationInstance -   Detected declaration: xml.test (with converter)
18:13:52 INFO  ValidationInstance -   Detected expectation: 6) If ItemClassification is provided from Danish suppliers, UNSPSC version 19.05.01 or 26.08.01 should be used
18:13:52 INFO  ValidationInstance - Validating 'eu.peppol.postaward.v3.billing-c801e0b9-893b-41f6-b617-68d2896dcb4c.asice#sch/PEPPOL-EN16931-UBL.sch' with Engine [PEPPOL BIS Billing 3.0]
18:13:52 INFO  SchematronXsltChecker - Running Schematron XSTL-based validation
18:13:52 INFO  ValidationInstance - Loading document from stream
18:13:52 INFO  ValidationInstance -   Detected declaration: xml.test (with converter)
18:13:52 INFO  ValidationInstance -   Detected expectation: 7) If ItemClassification is provided from Danish suppliers, UNSPSC version 19.05.01 or 26.08.01 should be used
18:13:52 INFO  ValidationInstance - Validating 'eu.peppol.postaward.v3.billing-c801e0b9-893b-41f6-b617-68d2896dcb4c.asice#sch/PEPPOL-EN16931-UBL.sch' with Engine [PEPPOL BIS Billing 3.0]
18:13:52 INFO  SchematronXsltChecker - Running Schematron XSTL-based validation
18:13:52 INFO  ValidationInstance - Loading document from stream
18:13:52 INFO  ValidationInstance -   Detected declaration: xml.test (with converter)
18:13:52 INFO  ValidationInstance -   Detected expectation: 8) If ItemClassification is provided from Danish suppliers, UNSPSC version 19.05.01 or 26.08.01 should be used
18:13:52 INFO  ValidationInstance - Validating 'eu.peppol.postaward.v3.billing-c801e0b9-893b-41f6-b617-68d2896dcb4c.asice#sch/PEPPOL-EN16931-UBL.sch' with Engine [PEPPOL BIS Billing 3.0]
18:13:52 INFO  SchematronXsltChecker - Running Schematron XSTL-based validation
18:13:52 INFO  ValidationInstance - Loading document from stream
18:13:52 INFO  ValidationInstance -   Detected declaration: xml.test (with converter)
18:13:52 INFO  ValidationInstance -   Detected expectation: 9) If ItemClassification is provided from Danish suppliers, UNSPSC version 19.05.01 or 26.08.01 should be used
18:13:52 INFO  ValidationInstance - Validating 'eu.peppol.postaward.v3.billing-c801e0b9-893b-41f6-b617-68d2896dcb4c.asice#sch/PEPPOL-EN16931-UBL.sch' with Engine [PEPPOL BIS Billing 3.0]
18:13:52 INFO  SchematronXsltChecker - Running Schematron XSTL-based validation
18:13:52 INFO  ValidationInstance - Loading document from stream
18:13:52 INFO  ValidationInstance -   Detected declaration: xml.test (with converter)
18:13:52 INFO  ValidationInstance -   Detected expectation: 10) If ItemClassification is provided from Danish suppliers, UNSPSC version 19.05.01 or 26.08.01 should be used
18:13:52 INFO  ValidationInstance - Validating 'eu.peppol.postaward.v3.billing-c801e0b9-893b-41f6-b617-68d2896dcb4c.asice#sch/PEPPOL-EN16931-UBL.sch' with Engine [PEPPOL BIS Billing 3.0]
18:13:52 INFO  SchematronXsltChecker - Running Schematron XSTL-based validation
18:13:52 INFO  ValidationInstance - Loading document from stream
18:13:52 INFO  ValidationInstance -   Detected declaration: xml.test (with converter)
18:13:52 INFO  ValidationInstance -   Detected expectation: 11) If ItemClassification is provided from Danish suppliers, UNSPSC version 19.05.01 or 26.08.01 should be used
18:13:52 INFO  ValidationInstance - Validating 'eu.peppol.postaward.v3.billing-c801e0b9-893b-41f6-b617-68d2896dcb4c.asice#sch/PEPPOL-EN16931-UBL.sch' with Engine [PEPPOL BIS Billing 3.0]
18:13:52 INFO  SchematronXsltChecker - Running Schematron XSTL-based validation
18:13:52 INFO  ValidationInstance - Loading document from stream
18:13:52 INFO  ValidationInstance -   Detected declaration: xml.test (with converter)
18:13:52 INFO  ValidationInstance -   Detected expectation: 12) If ItemClassification is provided from Danish suppliers, UNSPSC version 19.05.01 or 26.08.01 should be used
18:13:52 INFO  ValidationInstance - Validating 'eu.peppol.postaward.v3.billing-c801e0b9-893b-41f6-b617-68d2896dcb4c.asice#sch/PEPPOL-EN16931-UBL.sch' with Engine [PEPPOL BIS Billing 3.0]
18:13:52 INFO  SchematronXsltChecker - Running Schematron XSTL-based validation
18:13:52 INFO  Tester - TestSet '/src/rules/unit-UBL-DK/DK_Validation_DKR003.xml'
18:13:52 INFO  ValidationInstance - Loading document from stream
18:13:52 INFO  ValidationInstance -   Detected declaration: xml.testset (with children)
18:13:52 INFO  ValidationInstance - Loading document from stream
18:13:52 INFO  ValidationInstance -   Detected declaration: xml.test (with converter)
18:13:52 INFO  ValidationInstance -   Detected expectation: 1) >When specifying non-VAT Taxes for Danish customers, Danish suppliers MUST use the AllowanceChargeReasonCode="ZZZ" and MUST be specified in AllowanceChargeReason; Either as the 4-digit Tax category or must include a #, but the # is not allowed as first and last character
18:13:52 INFO  ValidationInstance - Validating 'eu.peppol.postaward.v3.billing-c801e0b9-893b-41f6-b617-68d2896dcb4c.asice#sch/PEPPOL-EN16931-UBL.sch' with Engine [PEPPOL BIS Billing 3.0]
18:13:52 INFO  SchematronXsltChecker - Running Schematron XSTL-based validation
18:13:52 INFO  ValidationInstance - Loading document from stream
18:13:52 INFO  ValidationInstance -   Detected declaration: xml.test (with converter)
18:13:52 INFO  ValidationInstance -   Detected expectation: 2) >When specifying non-VAT Taxes for Danish customers, Danish suppliers MUST use the AllowanceChargeReasonCode="ZZZ" and MUST be specified in AllowanceChargeReason; Either as the 4-digit Tax category or must include a #, but the # is not allowed as first and last character
18:13:52 INFO  ValidationInstance - Validating 'eu.peppol.postaward.v3.billing-c801e0b9-893b-41f6-b617-68d2896dcb4c.asice#sch/PEPPOL-EN16931-UBL.sch' with Engine [PEPPOL BIS Billing 3.0]
18:13:52 INFO  SchematronXsltChecker - Running Schematron XSTL-based validation
18:13:52 INFO  ValidationInstance - Loading document from stream
18:13:52 INFO  ValidationInstance -   Detected declaration: xml.test (with converter)
18:13:52 INFO  ValidationInstance -   Detected expectation: 3) >When specifying non-VAT Taxes for Danish customers, Danish suppliers MUST use the AllowanceChargeReasonCode="ZZZ" and MUST be specified in AllowanceChargeReason; Either as the 4-digit Tax category or must include a #, but the # is not allowed as first and last character
18:13:52 INFO  ValidationInstance - Validating 'eu.peppol.postaward.v3.billing-c801e0b9-893b-41f6-b617-68d2896dcb4c.asice#sch/PEPPOL-EN16931-UBL.sch' with Engine [PEPPOL BIS Billing 3.0]
18:13:52 INFO  SchematronXsltChecker - Running Schematron XSTL-based validation
18:13:52 INFO  ValidationInstance - Loading document from stream
18:13:52 INFO  ValidationInstance -   Detected declaration: xml.test (with converter)
18:13:52 INFO  ValidationInstance -   Detected expectation: 4) >When specifying non-VAT Taxes for Danish customers, Danish suppliers MUST use the AllowanceChargeReasonCode="ZZZ" and MUST be specified in AllowanceChargeReason; Either as the 4-digit Tax category or must include a #, but the # is not allowed as first and last character
18:13:52 INFO  ValidationInstance - Validating 'eu.peppol.postaward.v3.billing-c801e0b9-893b-41f6-b617-68d2896dcb4c.asice#sch/PEPPOL-EN16931-UBL.sch' with Engine [PEPPOL BIS Billing 3.0]
18:13:52 INFO  SchematronXsltChecker - Running Schematron XSTL-based validation
18:13:52 INFO  ValidationInstance - Loading document from stream
18:13:52 INFO  ValidationInstance -   Detected declaration: xml.test (with converter)
18:13:52 INFO  ValidationInstance -   Detected expectation: 5) >When specifying non-VAT Taxes for Danish customers, Danish suppliers MUST use the AllowanceChargeReasonCode="ZZZ" and MUST be specified in AllowanceChargeReason; Either as the 4-digit Tax category or must include a #, but the # is not allowed as first and last character
18:13:52 INFO  ValidationInstance - Validating 'eu.peppol.postaward.v3.billing-c801e0b9-893b-41f6-b617-68d2896dcb4c.asice#sch/PEPPOL-EN16931-UBL.sch' with Engine [PEPPOL BIS Billing 3.0]
18:13:52 INFO  SchematronXsltChecker - Running Schematron XSTL-based validation
18:13:53 INFO  ValidationInstance - Loading document from stream
18:13:53 INFO  ValidationInstance -   Detected declaration: xml.test (with converter)
18:13:53 INFO  ValidationInstance -   Detected expectation: 6) >When specifying non-VAT Taxes for Danish customers, Danish suppliers MUST use the AllowanceChargeReasonCode="ZZZ" and MUST be specified in AllowanceChargeReason; Either as the 4-digit Tax category or must include a #, but the # is not allowed as first and last character
18:13:53 INFO  ValidationInstance - Validating 'eu.peppol.postaward.v3.billing-c801e0b9-893b-41f6-b617-68d2896dcb4c.asice#sch/PEPPOL-EN16931-UBL.sch' with Engine [PEPPOL BIS Billing 3.0]
18:13:53 INFO  SchematronXsltChecker - Running Schematron XSTL-based validation
18:13:53 INFO  ValidationInstance - Loading document from stream
18:13:53 INFO  ValidationInstance -   Detected declaration: xml.test (with converter)
18:13:53 INFO  ValidationInstance -   Detected expectation: 7) >When specifying non-VAT Taxes for Danish customers, Danish suppliers MUST use the AllowanceChargeReasonCode="ZZZ" and MUST be specified in AllowanceChargeReason; Either as the 4-digit Tax category or must include a #, but the # is not allowed as first and last character
18:13:53 INFO  ValidationInstance - Validating 'eu.peppol.postaward.v3.billing-c801e0b9-893b-41f6-b617-68d2896dcb4c.asice#sch/PEPPOL-EN16931-UBL.sch' with Engine [PEPPOL BIS Billing 3.0]
18:13:53 INFO  SchematronXsltChecker - Running Schematron XSTL-based validation
18:13:53 INFO  ValidationInstance - Loading document from stream
18:13:53 INFO  ValidationInstance -   Detected declaration: xml.test (with converter)
18:13:53 INFO  ValidationInstance -   Detected expectation: 8) >When specifying non-VAT Taxes for Danish customers, Danish suppliers MUST use the AllowanceChargeReasonCode="ZZZ" and MUST be specified in AllowanceChargeReason; Either as the 4-digit Tax category or must include a #, but the # is not allowed as first and last character
18:13:53 INFO  ValidationInstance - Validating 'eu.peppol.postaward.v3.billing-c801e0b9-893b-41f6-b617-68d2896dcb4c.asice#sch/PEPPOL-EN16931-UBL.sch' with Engine [PEPPOL BIS Billing 3.0]
18:13:53 INFO  SchematronXsltChecker - Running Schematron XSTL-based validation
18:13:53 INFO  Tester - TestSet '/src/rules/unit-UBL-DK/DK_Validation_DKR004.xml'
18:13:53 INFO  ValidationInstance - Loading document from stream
18:13:53 INFO  ValidationInstance -   Detected declaration: xml.testset (with children)
18:13:53 INFO  ValidationInstance - Loading document from stream
18:13:53 INFO  ValidationInstance -   Detected declaration: xml.test (with converter)
18:13:53 INFO  ValidationInstance -   Detected expectation: 1) For Danish suppliers the following Payment means codes are allowed: 1, 31, 42, 48, 49, 50, 58, 59, 93 and 97
18:13:53 INFO  ValidationInstance - Validating 'eu.peppol.postaward.v3.billing-c801e0b9-893b-41f6-b617-68d2896dcb4c.asice#sch/PEPPOL-EN16931-UBL.sch' with Engine [PEPPOL BIS Billing 3.0]
18:13:53 INFO  SchematronXsltChecker - Running Schematron XSTL-based validation
18:13:53 INFO  ValidationInstance - Loading document from stream
18:13:53 INFO  ValidationInstance -   Detected declaration: xml.test (with converter)
18:13:53 INFO  ValidationInstance -   Detected expectation: 2) For Danish suppliers the following Payment means codes are allowed: 1, 31, 42, 48, 49, 50, 58, 59, 93 and 97
18:13:53 INFO  ValidationInstance - Validating 'eu.peppol.postaward.v3.billing-c801e0b9-893b-41f6-b617-68d2896dcb4c.asice#sch/PEPPOL-EN16931-UBL.sch' with Engine [PEPPOL BIS Billing 3.0]
18:13:53 INFO  SchematronXsltChecker - Running Schematron XSTL-based validation
18:13:53 INFO  ValidationInstance - Loading document from stream
18:13:53 INFO  ValidationInstance -   Detected declaration: xml.test (with converter)
18:13:53 INFO  ValidationInstance -   Detected expectation: 3) For Danish suppliers the following Payment means codes are allowed: 1, 31, 42, 48, 49, 50, 58, 59, 93 and 97
18:13:53 INFO  ValidationInstance - Validating 'eu.peppol.postaward.v3.billing-c801e0b9-893b-41f6-b617-68d2896dcb4c.asice#sch/PEPPOL-EN16931-UBL.sch' with Engine [PEPPOL BIS Billing 3.0]
18:13:53 INFO  SchematronXsltChecker - Running Schematron XSTL-based validation
18:13:53 INFO  ValidationInstance - Loading document from stream
18:13:53 INFO  ValidationInstance -   Detected declaration: xml.test (with converter)
18:13:53 INFO  ValidationInstance -   Detected expectation: 4) For Danish suppliers the following Payment means codes are allowed: 1, 31, 42, 48, 49, 50, 58, 59, 93 and 97
18:13:53 INFO  ValidationInstance - Validating 'eu.peppol.postaward.v3.billing-c801e0b9-893b-41f6-b617-68d2896dcb4c.asice#sch/PEPPOL-EN16931-UBL.sch' with Engine [PEPPOL BIS Billing 3.0]
18:13:53 INFO  SchematronXsltChecker - Running Schematron XSTL-based validation
18:13:53 INFO  ValidationInstance - Loading document from stream
18:13:53 INFO  ValidationInstance -   Detected declaration: xml.test (with converter)
18:13:53 INFO  ValidationInstance -   Detected expectation: 5) For Danish suppliers the following Payment means codes are allowed: 1, 31, 42, 48, 49, 50, 58, 59, 93 and 97
18:13:53 INFO  ValidationInstance - Validating 'eu.peppol.postaward.v3.billing-c801e0b9-893b-41f6-b617-68d2896dcb4c.asice#sch/PEPPOL-EN16931-UBL.sch' with Engine [PEPPOL BIS Billing 3.0]
18:13:53 INFO  SchematronXsltChecker - Running Schematron XSTL-based validation
18:13:53 INFO  ValidationInstance - Loading document from stream
18:13:53 INFO  ValidationInstance -   Detected declaration: xml.test (with converter)
18:13:53 INFO  ValidationInstance -   Detected expectation: 6) For Danish suppliers the following Payment means codes are allowed: 1, 31, 42, 48, 49, 50, 58, 59, 93 and 97
18:13:53 INFO  ValidationInstance - Validating 'eu.peppol.postaward.v3.billing-c801e0b9-893b-41f6-b617-68d2896dcb4c.asice#sch/PEPPOL-EN16931-UBL.sch' with Engine [PEPPOL BIS Billing 3.0]
18:13:53 INFO  SchematronXsltChecker - Running Schematron XSTL-based validation
18:13:53 INFO  ValidationInstance - Loading document from stream
18:13:53 INFO  ValidationInstance -   Detected declaration: xml.test (with converter)
18:13:53 INFO  ValidationInstance -   Detected expectation: 7) For Danish suppliers the following Payment means codes are allowed: 1, 31, 42, 48, 49, 50, 58, 59, 93 and 97
18:13:53 INFO  ValidationInstance - Validating 'eu.peppol.postaward.v3.billing-c801e0b9-893b-41f6-b617-68d2896dcb4c.asice#sch/PEPPOL-EN16931-UBL.sch' with Engine [PEPPOL BIS Billing 3.0]
18:13:53 INFO  SchematronXsltChecker - Running Schematron XSTL-based validation
18:13:53 INFO  ValidationInstance - Loading document from stream
18:13:53 INFO  ValidationInstance -   Detected declaration: xml.test (with converter)
18:13:53 INFO  ValidationInstance -   Detected expectation: 8) For Danish suppliers the following Payment means codes are allowed: 1, 31, 42, 48, 49, 50, 58, 59, 93 and 97
18:13:53 INFO  ValidationInstance - Validating 'eu.peppol.postaward.v3.billing-c801e0b9-893b-41f6-b617-68d2896dcb4c.asice#sch/PEPPOL-EN16931-UBL.sch' with Engine [PEPPOL BIS Billing 3.0]
18:13:53 INFO  SchematronXsltChecker - Running Schematron XSTL-based validation
18:13:53 INFO  ValidationInstance - Loading document from stream
18:13:53 INFO  ValidationInstance -   Detected declaration: xml.test (with converter)
18:13:53 INFO  ValidationInstance -   Detected expectation: 9) For Danish suppliers the following Payment means codes are allowed: 1, 31, 42, 48, 49, 50, 58, 59, 93 and 97
18:13:53 INFO  ValidationInstance - Validating 'eu.peppol.postaward.v3.billing-c801e0b9-893b-41f6-b617-68d2896dcb4c.asice#sch/PEPPOL-EN16931-UBL.sch' with Engine [PEPPOL BIS Billing 3.0]
18:13:53 INFO  SchematronXsltChecker - Running Schematron XSTL-based validation
18:13:53 INFO  ValidationInstance - Loading document from stream
18:13:53 INFO  ValidationInstance -   Detected declaration: xml.test (with converter)
18:13:53 INFO  ValidationInstance -   Detected expectation: 10) For Danish suppliers the following Payment means codes are allowed: 1, 31, 42, 48, 49, 50, 58, 59, 93 and 97
18:13:53 INFO  ValidationInstance - Validating 'eu.peppol.postaward.v3.billing-c801e0b9-893b-41f6-b617-68d2896dcb4c.asice#sch/PEPPOL-EN16931-UBL.sch' with Engine [PEPPOL BIS Billing 3.0]
18:13:53 INFO  SchematronXsltChecker - Running Schematron XSTL-based validation
18:13:53 INFO  ValidationInstance - Loading document from stream
18:13:53 INFO  ValidationInstance -   Detected declaration: xml.test (with converter)
18:13:53 INFO  ValidationInstance -   Detected expectation: 11) For Danish suppliers the following Payment means codes are allowed: 1, 31, 42, 48, 49, 50, 58, 59, 93 and 97
18:13:53 INFO  ValidationInstance - Validating 'eu.peppol.postaward.v3.billing-c801e0b9-893b-41f6-b617-68d2896dcb4c.asice#sch/PEPPOL-EN16931-UBL.sch' with Engine [PEPPOL BIS Billing 3.0]
18:13:53 INFO  SchematronXsltChecker - Running Schematron XSTL-based validation
18:13:53 INFO  ValidationInstance - Loading document from stream
18:13:53 INFO  ValidationInstance -   Detected declaration: xml.test (with converter)
18:13:53 INFO  ValidationInstance -   Detected expectation: 12) For Danish suppliers the following Payment means codes are allowed: 1, 31, 42, 48, 49, 50, 58, 59, 93 and 97
18:13:53 INFO  ValidationInstance - Validating 'eu.peppol.postaward.v3.billing-c801e0b9-893b-41f6-b617-68d2896dcb4c.asice#sch/PEPPOL-EN16931-UBL.sch' with Engine [PEPPOL BIS Billing 3.0]
18:13:53 INFO  SchematronXsltChecker - Running Schematron XSTL-based validation
18:13:53 INFO  ValidationInstance - Loading document from stream
18:13:53 INFO  ValidationInstance -   Detected declaration: xml.test (with converter)
18:13:53 INFO  ValidationInstance -   Detected expectation: 13) For Danish suppliers the following Payment means codes are allowed: 1, 31, 42, 48, 49, 50, 58, 59, 93 and 97
18:13:53 INFO  ValidationInstance - Validating 'eu.peppol.postaward.v3.billing-c801e0b9-893b-41f6-b617-68d2896dcb4c.asice#sch/PEPPOL-EN16931-UBL.sch' with Engine [PEPPOL BIS Billing 3.0]
18:13:53 INFO  SchematronXsltChecker - Running Schematron XSTL-based validation
18:13:53 INFO  ValidationInstance - Loading document from stream
18:13:53 INFO  ValidationInstance -   Detected declaration: xml.test (with converter)
18:13:53 INFO  ValidationInstance -   Detected expectation: 14) For Danish suppliers the following Payment means codes are allowed: 1, 31, 42, 48, 49, 50, 58, 59, 93 and 97
18:13:53 INFO  ValidationInstance - Validating 'eu.peppol.postaward.v3.billing-c801e0b9-893b-41f6-b617-68d2896dcb4c.asice#sch/PEPPOL-EN16931-UBL.sch' with Engine [PEPPOL BIS Billing 3.0]
18:13:53 INFO  SchematronXsltChecker - Running Schematron XSTL-based validation
18:13:53 INFO  ValidationInstance - Loading document from stream
18:13:53 INFO  ValidationInstance -   Detected declaration: xml.test (with converter)
18:13:53 INFO  ValidationInstance -   Detected expectation: 15) For Danish suppliers the following Payment means codes are allowed: 1, 31, 42, 48, 49, 50, 58, 59, 93 and 97
18:13:53 INFO  ValidationInstance - Validating 'eu.peppol.postaward.v3.billing-c801e0b9-893b-41f6-b617-68d2896dcb4c.asice#sch/PEPPOL-EN16931-UBL.sch' with Engine [PEPPOL BIS Billing 3.0]
18:13:53 INFO  SchematronXsltChecker - Running Schematron XSTL-based validation
18:13:53 INFO  Tester - TestSet '/src/rules/unit-UBL-DK/DK_Validation_DKR005.xml'
18:13:53 INFO  ValidationInstance - Loading document from stream
18:13:53 INFO  ValidationInstance -   Detected declaration: xml.testset (with children)
18:13:53 INFO  ValidationInstance - Loading document from stream
18:13:53 INFO  ValidationInstance -   Detected declaration: xml.test (with converter)
18:13:53 INFO  ValidationInstance -   Detected expectation: 1) For Danish suppliers bank account and registration account is mandatory if payment means is 31
18:13:53 INFO  ValidationInstance - Validating 'eu.peppol.postaward.v3.billing-c801e0b9-893b-41f6-b617-68d2896dcb4c.asice#sch/PEPPOL-EN16931-UBL.sch' with Engine [PEPPOL BIS Billing 3.0]
18:13:53 INFO  SchematronXsltChecker - Running Schematron XSTL-based validation
18:13:53 INFO  ValidationInstance - Loading document from stream
18:13:53 INFO  ValidationInstance -   Detected declaration: xml.test (with converter)
18:13:53 INFO  ValidationInstance -   Detected expectation: 2) For Danish suppliers bank account and registration account is mandatory if payment means is 31
18:13:53 INFO  ValidationInstance - Validating 'eu.peppol.postaward.v3.billing-c801e0b9-893b-41f6-b617-68d2896dcb4c.asice#sch/PEPPOL-EN16931-UBL.sch' with Engine [PEPPOL BIS Billing 3.0]
18:13:53 INFO  SchematronXsltChecker - Running Schematron XSTL-based validation
18:13:53 INFO  ValidationInstance - Loading document from stream
18:13:53 INFO  ValidationInstance -   Detected declaration: xml.test (with converter)
18:13:53 INFO  ValidationInstance -   Detected expectation: 3) For Danish suppliers bank account and registration account is mandatory if payment means is 31
18:13:53 INFO  ValidationInstance - Validating 'eu.peppol.postaward.v3.billing-c801e0b9-893b-41f6-b617-68d2896dcb4c.asice#sch/PEPPOL-EN16931-UBL.sch' with Engine [PEPPOL BIS Billing 3.0]
18:13:53 INFO  SchematronXsltChecker - Running Schematron XSTL-based validation
18:13:53 INFO  ValidationInstance - Loading document from stream
18:13:53 INFO  ValidationInstance -   Detected declaration: xml.test (with converter)
18:13:53 INFO  ValidationInstance -   Detected expectation: 4) For Danish suppliers bank account and registration account is mandatory if payment means is 31
18:13:53 INFO  ValidationInstance - Validating 'eu.peppol.postaward.v3.billing-c801e0b9-893b-41f6-b617-68d2896dcb4c.asice#sch/PEPPOL-EN16931-UBL.sch' with Engine [PEPPOL BIS Billing 3.0]
18:13:53 INFO  SchematronXsltChecker - Running Schematron XSTL-based validation
18:13:53 INFO  ValidationInstance - Loading document from stream
18:13:53 INFO  ValidationInstance -   Detected declaration: xml.test (with converter)
18:13:53 INFO  ValidationInstance -   Detected expectation: 5) For Danish suppliers bank account and registration account is mandatory if payment means is 31
18:13:53 INFO  ValidationInstance - Validating 'eu.peppol.postaward.v3.billing-c801e0b9-893b-41f6-b617-68d2896dcb4c.asice#sch/PEPPOL-EN16931-UBL.sch' with Engine [PEPPOL BIS Billing 3.0]
18:13:53 INFO  SchematronXsltChecker - Running Schematron XSTL-based validation
18:13:53 INFO  ValidationInstance - Loading document from stream
18:13:53 INFO  ValidationInstance -   Detected declaration: xml.test (with converter)
18:13:53 INFO  ValidationInstance -   Detected expectation: 6) For Danish suppliers bank account and registration account is mandatory if payment means is 31
18:13:53 INFO  ValidationInstance - Validating 'eu.peppol.postaward.v3.billing-c801e0b9-893b-41f6-b617-68d2896dcb4c.asice#sch/PEPPOL-EN16931-UBL.sch' with Engine [PEPPOL BIS Billing 3.0]
18:13:53 INFO  SchematronXsltChecker - Running Schematron XSTL-based validation
18:13:53 INFO  ValidationInstance - Loading document from stream
18:13:53 INFO  ValidationInstance -   Detected declaration: xml.test (with converter)
18:13:53 INFO  ValidationInstance -   Detected expectation: 7) For Danish suppliers bank account and registration account is mandatory if payment means is 31
18:13:53 INFO  ValidationInstance - Validating 'eu.peppol.postaward.v3.billing-c801e0b9-893b-41f6-b617-68d2896dcb4c.asice#sch/PEPPOL-EN16931-UBL.sch' with Engine [PEPPOL BIS Billing 3.0]
18:13:53 INFO  SchematronXsltChecker - Running Schematron XSTL-based validation
18:13:53 INFO  Tester - TestSet '/src/rules/unit-UBL-DK/DK_Validation_DKR006.xml'
18:13:53 INFO  ValidationInstance - Loading document from stream
18:13:53 INFO  ValidationInstance -   Detected declaration: xml.testset (with children)
18:13:53 INFO  ValidationInstance - Loading document from stream
18:13:53 INFO  ValidationInstance -   Detected declaration: xml.test (with converter)
18:13:54 INFO  ValidationInstance -   Detected expectation: 1) For Danish suppliers PaymentMandate/ID and PayerFinancialAccount/ID are mandatory when payment means is 49
18:13:54 INFO  ValidationInstance - Validating 'eu.peppol.postaward.v3.billing-c801e0b9-893b-41f6-b617-68d2896dcb4c.asice#sch/PEPPOL-EN16931-UBL.sch' with Engine [PEPPOL BIS Billing 3.0]
18:13:54 INFO  SchematronXsltChecker - Running Schematron XSTL-based validation
18:13:54 INFO  ValidationInstance - Loading document from stream
18:13:54 INFO  ValidationInstance -   Detected declaration: xml.test (with converter)
18:13:54 INFO  ValidationInstance -   Detected expectation: 2) For Danish suppliers PaymentMandate/ID and PayerFinancialAccount/ID are mandatory when payment means is 49
18:13:54 INFO  ValidationInstance - Validating 'eu.peppol.postaward.v3.billing-c801e0b9-893b-41f6-b617-68d2896dcb4c.asice#sch/PEPPOL-EN16931-UBL.sch' with Engine [PEPPOL BIS Billing 3.0]
18:13:54 INFO  SchematronXsltChecker - Running Schematron XSTL-based validation
18:13:54 INFO  ValidationInstance - Loading document from stream
18:13:54 INFO  ValidationInstance -   Detected declaration: xml.test (with converter)
18:13:54 INFO  ValidationInstance -   Detected expectation: 3) For Danish suppliers PaymentMandate/ID and PayerFinancialAccount/ID are mandatory when payment means is 49
18:13:54 INFO  ValidationInstance - Validating 'eu.peppol.postaward.v3.billing-c801e0b9-893b-41f6-b617-68d2896dcb4c.asice#sch/PEPPOL-EN16931-UBL.sch' with Engine [PEPPOL BIS Billing 3.0]
18:13:54 INFO  SchematronXsltChecker - Running Schematron XSTL-based validation
18:13:54 INFO  ValidationInstance - Loading document from stream
18:13:54 INFO  ValidationInstance -   Detected declaration: xml.test (with converter)
18:13:54 INFO  ValidationInstance -   Detected expectation: 4) For Danish suppliers PaymentMandate/ID and PayerFinancialAccount/ID are mandatory when payment means is 49
18:13:54 INFO  ValidationInstance - Validating 'eu.peppol.postaward.v3.billing-c801e0b9-893b-41f6-b617-68d2896dcb4c.asice#sch/PEPPOL-EN16931-UBL.sch' with Engine [PEPPOL BIS Billing 3.0]
18:13:54 INFO  SchematronXsltChecker - Running Schematron XSTL-based validation
18:13:54 INFO  ValidationInstance - Loading document from stream
18:13:54 INFO  ValidationInstance -   Detected declaration: xml.test (with converter)
18:13:54 INFO  ValidationInstance -   Detected expectation: 5) For Danish suppliers PaymentMandate/ID and PayerFinancialAccount/ID are mandatory when payment means is 49
18:13:54 INFO  ValidationInstance - Validating 'eu.peppol.postaward.v3.billing-c801e0b9-893b-41f6-b617-68d2896dcb4c.asice#sch/PEPPOL-EN16931-UBL.sch' with Engine [PEPPOL BIS Billing 3.0]
18:13:54 INFO  SchematronXsltChecker - Running Schematron XSTL-based validation
18:13:54 INFO  ValidationInstance - Loading document from stream
18:13:54 INFO  ValidationInstance -   Detected declaration: xml.test (with converter)
18:13:54 INFO  ValidationInstance -   Detected expectation: 6) For Danish suppliers PaymentMandate/ID and PayerFinancialAccount/ID are mandatory when payment means is 49
18:13:54 INFO  ValidationInstance - Validating 'eu.peppol.postaward.v3.billing-c801e0b9-893b-41f6-b617-68d2896dcb4c.asice#sch/PEPPOL-EN16931-UBL.sch' with Engine [PEPPOL BIS Billing 3.0]
18:13:54 INFO  SchematronXsltChecker - Running Schematron XSTL-based validation
18:13:54 INFO  ValidationInstance - Loading document from stream
18:13:54 INFO  ValidationInstance -   Detected declaration: xml.test (with converter)
18:13:54 INFO  ValidationInstance -   Detected expectation: 7) For Danish suppliers PaymentMandate/ID and PayerFinancialAccount/ID are mandatory when payment means is 49
18:13:54 INFO  ValidationInstance - Validating 'eu.peppol.postaward.v3.billing-c801e0b9-893b-41f6-b617-68d2896dcb4c.asice#sch/PEPPOL-EN16931-UBL.sch' with Engine [PEPPOL BIS Billing 3.0]
18:13:54 INFO  SchematronXsltChecker - Running Schematron XSTL-based validation
18:13:54 INFO  ValidationInstance - Loading document from stream
18:13:54 INFO  ValidationInstance -   Detected declaration: xml.test (with converter)
18:13:54 INFO  ValidationInstance -   Detected expectation: 8) For Danish suppliers PaymentMandate/ID and PayerFinancialAccount/ID are mandatory when payment means is 49
18:13:54 INFO  ValidationInstance - Validating 'eu.peppol.postaward.v3.billing-c801e0b9-893b-41f6-b617-68d2896dcb4c.asice#sch/PEPPOL-EN16931-UBL.sch' with Engine [PEPPOL BIS Billing 3.0]
18:13:54 INFO  SchematronXsltChecker - Running Schematron XSTL-based validation
18:13:54 INFO  Tester - TestSet '/src/rules/unit-UBL-DK/DK_Validation_DKR007.xml'
18:13:54 INFO  ValidationInstance - Loading document from stream
18:13:54 INFO  ValidationInstance -   Detected declaration: xml.testset (with children)
18:13:54 INFO  ValidationInstance - Loading document from stream
18:13:54 INFO  ValidationInstance -   Detected declaration: xml.test (with converter)
18:13:54 INFO  ValidationInstance -   Detected expectation: 1) For Danish Suppliers PaymentID is mandatory and MUST start with 01#, 04# or 15# (kortartkode), and PayeeFinancialAccount/ID (Giro kontonummer) is mandatory and must be 7 or 8 haracters long, when payment means equals 50 (Giro)
18:13:54 INFO  ValidationInstance - Validating 'eu.peppol.postaward.v3.billing-c801e0b9-893b-41f6-b617-68d2896dcb4c.asice#sch/PEPPOL-EN16931-UBL.sch' with Engine [PEPPOL BIS Billing 3.0]
18:13:54 INFO  SchematronXsltChecker - Running Schematron XSTL-based validation
18:13:54 INFO  ValidationInstance - Loading document from stream
18:13:54 INFO  ValidationInstance -   Detected declaration: xml.test (with converter)
18:13:54 INFO  ValidationInstance -   Detected expectation: 2) For Danish Suppliers PaymentID is mandatory and MUST start with 01#, 04# or 15# (kortartkode), and PayeeFinancialAccount/ID (Giro kontonummer) is mandatory and must be 7 or 8 haracters long, when payment means equals 50 (Giro)
18:13:54 INFO  ValidationInstance - Validating 'eu.peppol.postaward.v3.billing-c801e0b9-893b-41f6-b617-68d2896dcb4c.asice#sch/PEPPOL-EN16931-UBL.sch' with Engine [PEPPOL BIS Billing 3.0]
18:13:54 INFO  SchematronXsltChecker - Running Schematron XSTL-based validation
18:13:54 INFO  ValidationInstance - Loading document from stream
18:13:54 INFO  ValidationInstance -   Detected declaration: xml.test (with converter)
18:13:54 INFO  ValidationInstance -   Detected expectation: 3) For Danish Suppliers PaymentID is mandatory and MUST start with 01#, 04# or 15# (kortartkode), and PayeeFinancialAccount/ID (Giro kontonummer) is mandatory and must be 7 or 8 haracters long, when payment means equals 50 (Giro)
18:13:54 INFO  ValidationInstance - Validating 'eu.peppol.postaward.v3.billing-c801e0b9-893b-41f6-b617-68d2896dcb4c.asice#sch/PEPPOL-EN16931-UBL.sch' with Engine [PEPPOL BIS Billing 3.0]
18:13:54 INFO  SchematronXsltChecker - Running Schematron XSTL-based validation
18:13:54 INFO  ValidationInstance - Loading document from stream
18:13:54 INFO  ValidationInstance -   Detected declaration: xml.test (with converter)
18:13:54 INFO  ValidationInstance -   Detected expectation: 4) For Danish Suppliers PaymentID is mandatory and MUST start with 01#, 04# or 15# (kortartkode), and PayeeFinancialAccount/ID (Giro kontonummer) is mandatory and must be 7 or 8 haracters long, when payment means equals 50 (Giro)
18:13:54 INFO  ValidationInstance - Validating 'eu.peppol.postaward.v3.billing-c801e0b9-893b-41f6-b617-68d2896dcb4c.asice#sch/PEPPOL-EN16931-UBL.sch' with Engine [PEPPOL BIS Billing 3.0]
18:13:54 INFO  SchematronXsltChecker - Running Schematron XSTL-based validation
18:13:54 INFO  ValidationInstance - Loading document from stream
18:13:54 INFO  ValidationInstance -   Detected declaration: xml.test (with converter)
18:13:54 INFO  ValidationInstance -   Detected expectation: 5) For Danish Suppliers PaymentID is mandatory and MUST start with 01#, 04# or 15# (kortartkode), and PayeeFinancialAccount/ID (Giro kontonummer) is mandatory and must be 7 or 8 haracters long, when payment means equals 50 (Giro)
18:13:54 INFO  ValidationInstance - Validating 'eu.peppol.postaward.v3.billing-c801e0b9-893b-41f6-b617-68d2896dcb4c.asice#sch/PEPPOL-EN16931-UBL.sch' with Engine [PEPPOL BIS Billing 3.0]
18:13:54 INFO  SchematronXsltChecker - Running Schematron XSTL-based validation
18:13:54 INFO  ValidationInstance - Loading document from stream
18:13:54 INFO  ValidationInstance -   Detected declaration: xml.test (with converter)
18:13:54 INFO  ValidationInstance -   Detected expectation: 6) For Danish Suppliers PaymentID is mandatory and MUST start with 01#, 04# or 15# (kortartkode), and PayeeFinancialAccount/ID (Giro kontonummer) is mandatory and must be 7 or 8 haracters long, when payment means equals 50 (Giro)
18:13:54 INFO  ValidationInstance - Validating 'eu.peppol.postaward.v3.billing-c801e0b9-893b-41f6-b617-68d2896dcb4c.asice#sch/PEPPOL-EN16931-UBL.sch' with Engine [PEPPOL BIS Billing 3.0]
18:13:54 INFO  SchematronXsltChecker - Running Schematron XSTL-based validation
18:13:54 INFO  ValidationInstance - Loading document from stream
18:13:54 INFO  ValidationInstance -   Detected declaration: xml.test (with converter)
18:13:54 INFO  ValidationInstance -   Detected expectation: 7) For Danish Suppliers PaymentID is mandatory and MUST start with 01#, 04# or 15# (kortartkode), and PayeeFinancialAccount/ID (Giro kontonummer) is mandatory and must be 7 or 8 haracters long, when payment means equals 50 (Giro)
18:13:54 INFO  ValidationInstance - Validating 'eu.peppol.postaward.v3.billing-c801e0b9-893b-41f6-b617-68d2896dcb4c.asice#sch/PEPPOL-EN16931-UBL.sch' with Engine [PEPPOL BIS Billing 3.0]
18:13:54 INFO  SchematronXsltChecker - Running Schematron XSTL-based validation
18:13:54 INFO  ValidationInstance - Loading document from stream
18:13:54 INFO  ValidationInstance -   Detected declaration: xml.test (with converter)
18:13:54 INFO  ValidationInstance -   Detected expectation: 8) For Danish Suppliers PaymentID is mandatory and MUST start with 01#, 04# or 15# (kortartkode), and PayeeFinancialAccount/ID (Giro kontonummer) is mandatory and must be 7 or 8 haracters long, when payment means equals 50 (Giro)
18:13:54 INFO  ValidationInstance - Validating 'eu.peppol.postaward.v3.billing-c801e0b9-893b-41f6-b617-68d2896dcb4c.asice#sch/PEPPOL-EN16931-UBL.sch' with Engine [PEPPOL BIS Billing 3.0]
18:13:54 INFO  SchematronXsltChecker - Running Schematron XSTL-based validation
18:13:54 INFO  ValidationInstance - Loading document from stream
18:13:54 INFO  ValidationInstance -   Detected declaration: xml.test (with converter)
18:13:54 INFO  ValidationInstance -   Detected expectation: 9) For Danish Suppliers PaymentID is mandatory and MUST start with 01#, 04# or 15# (kortartkode), and PayeeFinancialAccount/ID (Giro kontonummer) is mandatory and must be 7 or 8 haracters long, when payment means equals 50 (Giro)
18:13:54 INFO  ValidationInstance - Validating 'eu.peppol.postaward.v3.billing-c801e0b9-893b-41f6-b617-68d2896dcb4c.asice#sch/PEPPOL-EN16931-UBL.sch' with Engine [PEPPOL BIS Billing 3.0]
18:13:54 INFO  SchematronXsltChecker - Running Schematron XSTL-based validation
18:13:54 INFO  ValidationInstance - Loading document from stream
18:13:54 INFO  ValidationInstance -   Detected declaration: xml.test (with converter)
18:13:54 INFO  ValidationInstance -   Detected expectation: 10) For Danish Suppliers PaymentID is mandatory and MUST start with 01#, 04# or 15# (kortartkode), and PayeeFinancialAccount/ID (Giro kontonummer) is mandatory and must be 7 or 8 haracters long, when payment means equals 50 (Giro)
18:13:54 INFO  ValidationInstance - Validating 'eu.peppol.postaward.v3.billing-c801e0b9-893b-41f6-b617-68d2896dcb4c.asice#sch/PEPPOL-EN16931-UBL.sch' with Engine [PEPPOL BIS Billing 3.0]
18:13:54 INFO  SchematronXsltChecker - Running Schematron XSTL-based validation
18:13:54 INFO  ValidationInstance - Loading document from stream
18:13:54 INFO  ValidationInstance -   Detected declaration: xml.test (with converter)
18:13:54 INFO  ValidationInstance -   Detected expectation: 11) For Danish Suppliers PaymentID is mandatory and MUST start with 01#, 04# or 15# (kortartkode), and PayeeFinancialAccount/ID (Giro kontonummer) is mandatory and must be 7 or 8 haracters long, when payment means equals 50 (Giro)
18:13:54 INFO  ValidationInstance - Validating 'eu.peppol.postaward.v3.billing-c801e0b9-893b-41f6-b617-68d2896dcb4c.asice#sch/PEPPOL-EN16931-UBL.sch' with Engine [PEPPOL BIS Billing 3.0]
18:13:54 INFO  SchematronXsltChecker - Running Schematron XSTL-based validation
18:13:54 INFO  Tester - TestSet '/src/rules/unit-UBL-DK/DK_Validation_DKR008.xml'
18:13:54 INFO  ValidationInstance - Loading document from stream
18:13:54 INFO  ValidationInstance -   Detected declaration: xml.testset (with children)
18:13:54 INFO  ValidationInstance - Loading document from stream
18:13:54 INFO  ValidationInstance -   Detected declaration: xml.test (with converter)
18:13:54 INFO  ValidationInstance -   Detected expectation: 1) For Danish Suppliers if the PaymentID is prefixed with 04# or 015# the 16 digits instruction Id must be added to the PaymentID eg. "04#1234567890123456" when Payment means equals 50 (Giro)
18:13:54 INFO  ValidationInstance - Validating 'eu.peppol.postaward.v3.billing-c801e0b9-893b-41f6-b617-68d2896dcb4c.asice#sch/PEPPOL-EN16931-UBL.sch' with Engine [PEPPOL BIS Billing 3.0]
18:13:54 INFO  SchematronXsltChecker - Running Schematron XSTL-based validation
18:13:54 INFO  ValidationInstance - Loading document from stream
18:13:54 INFO  ValidationInstance -   Detected declaration: xml.test (with converter)
18:13:54 INFO  ValidationInstance -   Detected expectation: 2) For Danish Suppliers if the PaymentID is prefixed with 04# or 015# the 16 digits instruction Id must be added to the PaymentID eg. "04#1234567890123456" when Payment means equals 50 (Giro)
18:13:54 INFO  ValidationInstance - Validating 'eu.peppol.postaward.v3.billing-c801e0b9-893b-41f6-b617-68d2896dcb4c.asice#sch/PEPPOL-EN16931-UBL.sch' with Engine [PEPPOL BIS Billing 3.0]
18:13:54 INFO  SchematronXsltChecker - Running Schematron XSTL-based validation
18:13:54 INFO  ValidationInstance - Loading document from stream
18:13:54 INFO  ValidationInstance -   Detected declaration: xml.test (with converter)
18:13:54 INFO  ValidationInstance -   Detected expectation: 3) For Danish Suppliers if the PaymentID is prefixed with 04# or 015# the 16 digits instruction Id must be added to the PaymentID eg. "04#1234567890123456" when Payment means equals 50 (Giro)
18:13:54 INFO  ValidationInstance - Validating 'eu.peppol.postaward.v3.billing-c801e0b9-893b-41f6-b617-68d2896dcb4c.asice#sch/PEPPOL-EN16931-UBL.sch' with Engine [PEPPOL BIS Billing 3.0]
18:13:54 INFO  SchematronXsltChecker - Running Schematron XSTL-based validation
18:13:54 INFO  ValidationInstance - Loading document from stream
18:13:54 INFO  ValidationInstance -   Detected declaration: xml.test (with converter)
18:13:54 INFO  ValidationInstance -   Detected expectation: 4) For Danish Suppliers if the PaymentID is prefixed with 04# or 015# the 16 digits instruction Id must be added to the PaymentID eg. "04#1234567890123456" when Payment means equals 50 (Giro)
18:13:54 INFO  ValidationInstance - Validating 'eu.peppol.postaward.v3.billing-c801e0b9-893b-41f6-b617-68d2896dcb4c.asice#sch/PEPPOL-EN16931-UBL.sch' with Engine [PEPPOL BIS Billing 3.0]
18:13:54 INFO  SchematronXsltChecker - Running Schematron XSTL-based validation
18:13:54 INFO  ValidationInstance - Loading document from stream
18:13:54 INFO  ValidationInstance -   Detected declaration: xml.test (with converter)
18:13:54 INFO  ValidationInstance -   Detected expectation: 5) For Danish Suppliers if the PaymentID is prefixed with 04# or 015# the 16 digits instruction Id must be added to the PaymentID eg. "04#1234567890123456" when Payment means equals 50 (Giro)
18:13:54 INFO  ValidationInstance - Validating 'eu.peppol.postaward.v3.billing-c801e0b9-893b-41f6-b617-68d2896dcb4c.asice#sch/PEPPOL-EN16931-UBL.sch' with Engine [PEPPOL BIS Billing 3.0]
18:13:54 INFO  SchematronXsltChecker - Running Schematron XSTL-based validation
18:13:54 INFO  ValidationInstance - Loading document from stream
18:13:54 INFO  ValidationInstance -   Detected declaration: xml.test (with converter)
18:13:54 INFO  ValidationInstance -   Detected expectation: 6) For Danish Suppliers if the PaymentID is prefixed with 04# or 015# the 16 digits instruction Id must be added to the PaymentID eg. "04#1234567890123456" when Payment means equals 50 (Giro)
18:13:54 INFO  ValidationInstance - Validating 'eu.peppol.postaward.v3.billing-c801e0b9-893b-41f6-b617-68d2896dcb4c.asice#sch/PEPPOL-EN16931-UBL.sch' with Engine [PEPPOL BIS Billing 3.0]
18:13:54 INFO  SchematronXsltChecker - Running Schematron XSTL-based validation
18:13:54 INFO  ValidationInstance - Loading document from stream
18:13:54 INFO  ValidationInstance -   Detected declaration: xml.test (with converter)
18:13:54 INFO  ValidationInstance -   Detected expectation: 7) For Danish Suppliers if the PaymentID is prefixed with 04# or 015# the 16 digits instruction Id must be added to the PaymentID eg. "04#1234567890123456" when Payment means equals 50 (Giro)
18:13:54 INFO  ValidationInstance - Validating 'eu.peppol.postaward.v3.billing-c801e0b9-893b-41f6-b617-68d2896dcb4c.asice#sch/PEPPOL-EN16931-UBL.sch' with Engine [PEPPOL BIS Billing 3.0]
18:13:54 INFO  SchematronXsltChecker - Running Schematron XSTL-based validation
18:13:54 INFO  ValidationInstance - Loading document from stream
18:13:54 INFO  ValidationInstance -   Detected declaration: xml.test (with converter)
18:13:54 INFO  ValidationInstance -   Detected expectation: 8) For Danish Suppliers if the PaymentID is prefixed with 04# or 015# the 16 digits instruction Id must be added to the PaymentID eg. "04#1234567890123456" when Payment means equals 50 (Giro)
18:13:54 INFO  ValidationInstance - Validating 'eu.peppol.postaward.v3.billing-c801e0b9-893b-41f6-b617-68d2896dcb4c.asice#sch/PEPPOL-EN16931-UBL.sch' with Engine [PEPPOL BIS Billing 3.0]
18:13:54 INFO  SchematronXsltChecker - Running Schematron XSTL-based validation
18:13:54 INFO  Tester - TestSet '/src/rules/unit-UBL-DK/DK_Validation_DKR009.xml'
18:13:54 INFO  ValidationInstance - Loading document from stream
18:13:54 INFO  ValidationInstance -   Detected declaration: xml.testset (with children)
18:13:55 INFO  ValidationInstance - Loading document from stream
18:13:55 INFO  ValidationInstance -   Detected declaration: xml.test (with converter)
18:13:55 INFO  ValidationInstance -   Detected expectation: 1) For Danish Suppliers using PaymentMeansCode 93, PaymentID is mandatory. The first three characters of the PaymentID MUST be 71#, 73# or 75# (kortartskode), and PayeeFinancialAccount/ID MUST be exactly 8 characters long.
18:13:55 INFO  ValidationInstance - Validating 'eu.peppol.postaward.v3.billing-c801e0b9-893b-41f6-b617-68d2896dcb4c.asice#sch/PEPPOL-EN16931-UBL.sch' with Engine [PEPPOL BIS Billing 3.0]
18:13:55 INFO  SchematronXsltChecker - Running Schematron XSTL-based validation
18:13:55 INFO  ValidationInstance - Loading document from stream
18:13:55 INFO  ValidationInstance -   Detected declaration: xml.test (with converter)
18:13:55 INFO  ValidationInstance -   Detected expectation: 2) For Danish Suppliers using PaymentMeansCode 93, PaymentID is mandatory. The first three characters of the PaymentID MUST be 71#, 73# or 75# (kortartskode), and PayeeFinancialAccount/ID MUST be exactly 8 characters long.
18:13:55 INFO  ValidationInstance - Validating 'eu.peppol.postaward.v3.billing-c801e0b9-893b-41f6-b617-68d2896dcb4c.asice#sch/PEPPOL-EN16931-UBL.sch' with Engine [PEPPOL BIS Billing 3.0]
18:13:55 INFO  SchematronXsltChecker - Running Schematron XSTL-based validation
18:13:55 INFO  ValidationInstance - Loading document from stream
18:13:55 INFO  ValidationInstance -   Detected declaration: xml.test (with converter)
18:13:55 INFO  ValidationInstance -   Detected expectation: 3) For Danish Suppliers using PaymentMeansCode 93, PaymentID is mandatory. The first three characters of the PaymentID MUST be 71#, 73# or 75# (kortartskode), and PayeeFinancialAccount/ID MUST be exactly 8 characters long.
18:13:55 INFO  ValidationInstance - Validating 'eu.peppol.postaward.v3.billing-c801e0b9-893b-41f6-b617-68d2896dcb4c.asice#sch/PEPPOL-EN16931-UBL.sch' with Engine [PEPPOL BIS Billing 3.0]
18:13:55 INFO  SchematronXsltChecker - Running Schematron XSTL-based validation
18:13:55 INFO  ValidationInstance - Loading document from stream
18:13:55 INFO  ValidationInstance -   Detected declaration: xml.test (with converter)
18:13:55 INFO  ValidationInstance -   Detected expectation: 4) For Danish Suppliers using PaymentMeansCode 93, PaymentID is mandatory. The first three characters of the PaymentID MUST be 71#, 73# or 75# (kortartskode), and PayeeFinancialAccount/ID MUST be exactly 8 characters long.
18:13:55 INFO  ValidationInstance - Validating 'eu.peppol.postaward.v3.billing-c801e0b9-893b-41f6-b617-68d2896dcb4c.asice#sch/PEPPOL-EN16931-UBL.sch' with Engine [PEPPOL BIS Billing 3.0]
18:13:55 INFO  SchematronXsltChecker - Running Schematron XSTL-based validation
18:13:55 INFO  ValidationInstance - Loading document from stream
18:13:55 INFO  ValidationInstance -   Detected declaration: xml.test (with converter)
18:13:55 INFO  ValidationInstance -   Detected expectation: 5) For Danish Suppliers using PaymentMeansCode 93, PaymentID is mandatory. The first three characters of the PaymentID MUST be 71#, 73# or 75# (kortartskode), and PayeeFinancialAccount/ID MUST be exactly 8 characters long.
18:13:55 INFO  ValidationInstance - Validating 'eu.peppol.postaward.v3.billing-c801e0b9-893b-41f6-b617-68d2896dcb4c.asice#sch/PEPPOL-EN16931-UBL.sch' with Engine [PEPPOL BIS Billing 3.0]
18:13:55 INFO  SchematronXsltChecker - Running Schematron XSTL-based validation
18:13:55 INFO  ValidationInstance - Loading document from stream
18:13:55 INFO  ValidationInstance -   Detected declaration: xml.test (with converter)
18:13:55 INFO  ValidationInstance -   Detected expectation: 6) For Danish Suppliers using PaymentMeansCode 93, PaymentID is mandatory. The first three characters of the PaymentID MUST be 71#, 73# or 75# (kortartskode), and PayeeFinancialAccount/ID MUST be exactly 8 characters long.
18:13:55 INFO  ValidationInstance - Validating 'eu.peppol.postaward.v3.billing-c801e0b9-893b-41f6-b617-68d2896dcb4c.asice#sch/PEPPOL-EN16931-UBL.sch' with Engine [PEPPOL BIS Billing 3.0]
18:13:55 INFO  SchematronXsltChecker - Running Schematron XSTL-based validation
18:13:55 INFO  ValidationInstance - Loading document from stream
18:13:55 INFO  ValidationInstance -   Detected declaration: xml.test (with converter)
18:13:55 INFO  ValidationInstance -   Detected expectation: 7) For Danish Suppliers using PaymentMeansCode 93, PaymentID is mandatory. The first three characters of the PaymentID MUST be 71#, 73# or 75# (kortartskode), and PayeeFinancialAccount/ID MUST be exactly 8 characters long.
18:13:55 INFO  ValidationInstance - Validating 'eu.peppol.postaward.v3.billing-c801e0b9-893b-41f6-b617-68d2896dcb4c.asice#sch/PEPPOL-EN16931-UBL.sch' with Engine [PEPPOL BIS Billing 3.0]
18:13:55 INFO  SchematronXsltChecker - Running Schematron XSTL-based validation
18:13:55 INFO  ValidationInstance - Loading document from stream
18:13:55 INFO  ValidationInstance -   Detected declaration: xml.test (with converter)
18:13:55 INFO  ValidationInstance -   Detected expectation: 8) For Danish Suppliers using PaymentMeansCode 93, PaymentID is mandatory. The first three characters of the PaymentID MUST be 71#, 73# or 75# (kortartskode), and PayeeFinancialAccount/ID MUST be exactly 8 characters long.
18:13:55 INFO  ValidationInstance - Validating 'eu.peppol.postaward.v3.billing-c801e0b9-893b-41f6-b617-68d2896dcb4c.asice#sch/PEPPOL-EN16931-UBL.sch' with Engine [PEPPOL BIS Billing 3.0]
18:13:55 INFO  SchematronXsltChecker - Running Schematron XSTL-based validation
18:13:55 INFO  ValidationInstance - Loading document from stream
18:13:55 INFO  ValidationInstance -   Detected declaration: xml.test (with converter)
18:13:55 INFO  ValidationInstance -   Detected expectation: 9) For Danish Suppliers using PaymentMeansCode 93, PaymentID is mandatory. The first three characters of the PaymentID MUST be 71#, 73# or 75# (kortartskode), and PayeeFinancialAccount/ID MUST be exactly 8 characters long.
18:13:55 INFO  ValidationInstance - Validating 'eu.peppol.postaward.v3.billing-c801e0b9-893b-41f6-b617-68d2896dcb4c.asice#sch/PEPPOL-EN16931-UBL.sch' with Engine [PEPPOL BIS Billing 3.0]
18:13:55 INFO  SchematronXsltChecker - Running Schematron XSTL-based validation
18:13:55 INFO  ValidationInstance - Loading document from stream
18:13:55 INFO  ValidationInstance -   Detected declaration: xml.test (with converter)
18:13:55 INFO  ValidationInstance -   Detected expectation: 10) For Danish Suppliers using PaymentMeansCode 93, PaymentID is mandatory. The first three characters of the PaymentID MUST be 71#, 73# or 75# (kortartskode), and PayeeFinancialAccount/ID MUST be exactly 8 characters long.
18:13:55 INFO  ValidationInstance - Validating 'eu.peppol.postaward.v3.billing-c801e0b9-893b-41f6-b617-68d2896dcb4c.asice#sch/PEPPOL-EN16931-UBL.sch' with Engine [PEPPOL BIS Billing 3.0]
18:13:55 INFO  SchematronXsltChecker - Running Schematron XSTL-based validation
18:13:55 INFO  Tester - TestSet '/src/rules/unit-UBL-DK/DK_Validation_DKR010.xml'
18:13:55 INFO  ValidationInstance - Loading document from stream
18:13:55 INFO  ValidationInstance -   Detected declaration: xml.testset (with children)
18:13:55 INFO  ValidationInstance - Loading document from stream
18:13:55 INFO  ValidationInstance -   Detected declaration: xml.test (with converter)
18:13:55 INFO  ValidationInstance -   Detected expectation: 1) For Danish Suppliers if the PaymentID is prefixed with 71# or 75# the 15-16 digits instruction Id must be added to the PaymentID eg. "71#1234567890123456" when payment Method equals 93 (FIK)
18:13:55 INFO  ValidationInstance - Validating 'eu.peppol.postaward.v3.billing-c801e0b9-893b-41f6-b617-68d2896dcb4c.asice#sch/PEPPOL-EN16931-UBL.sch' with Engine [PEPPOL BIS Billing 3.0]
18:13:55 INFO  SchematronXsltChecker - Running Schematron XSTL-based validation
18:13:55 INFO  ValidationInstance - Loading document from stream
18:13:55 INFO  ValidationInstance -   Detected declaration: xml.test (with converter)
18:13:55 INFO  ValidationInstance -   Detected expectation: 2) For Danish Suppliers if the PaymentID is prefixed with 71# or 75# the 15-16 digits instruction Id must be added to the PaymentID eg. "71#1234567890123456" when payment Method equals 93 (FIK)
18:13:55 INFO  ValidationInstance - Validating 'eu.peppol.postaward.v3.billing-c801e0b9-893b-41f6-b617-68d2896dcb4c.asice#sch/PEPPOL-EN16931-UBL.sch' with Engine [PEPPOL BIS Billing 3.0]
18:13:55 INFO  SchematronXsltChecker - Running Schematron XSTL-based validation
18:13:55 INFO  ValidationInstance - Loading document from stream
18:13:55 INFO  ValidationInstance -   Detected declaration: xml.test (with converter)
18:13:55 INFO  ValidationInstance -   Detected expectation: 3) For Danish Suppliers if the PaymentID is prefixed with 71# or 75# the 15-16 digits instruction Id must be added to the PaymentID eg. "71#1234567890123456" when payment Method equals 93 (FIK)
18:13:55 INFO  ValidationInstance - Validating 'eu.peppol.postaward.v3.billing-c801e0b9-893b-41f6-b617-68d2896dcb4c.asice#sch/PEPPOL-EN16931-UBL.sch' with Engine [PEPPOL BIS Billing 3.0]
18:13:55 INFO  SchematronXsltChecker - Running Schematron XSTL-based validation
18:13:55 INFO  ValidationInstance - Loading document from stream
18:13:55 INFO  ValidationInstance -   Detected declaration: xml.test (with converter)
18:13:55 INFO  ValidationInstance -   Detected expectation: 4) For Danish Suppliers if the PaymentID is prefixed with 71# or 75# the 15-16 digits instruction Id must be added to the PaymentID eg. "71#1234567890123456" when payment Method equals 93 (FIK)
18:13:55 INFO  ValidationInstance - Validating 'eu.peppol.postaward.v3.billing-c801e0b9-893b-41f6-b617-68d2896dcb4c.asice#sch/PEPPOL-EN16931-UBL.sch' with Engine [PEPPOL BIS Billing 3.0]
18:13:55 INFO  SchematronXsltChecker - Running Schematron XSTL-based validation
18:13:55 INFO  ValidationInstance - Loading document from stream
18:13:55 INFO  ValidationInstance -   Detected declaration: xml.test (with converter)
18:13:55 INFO  ValidationInstance -   Detected expectation: 5) For Danish Suppliers if the PaymentID is prefixed with 71# or 75# the 15-16 digits instruction Id must be added to the PaymentID eg. "71#1234567890123456" when payment Method equals 93 (FIK)
18:13:55 INFO  ValidationInstance - Validating 'eu.peppol.postaward.v3.billing-c801e0b9-893b-41f6-b617-68d2896dcb4c.asice#sch/PEPPOL-EN16931-UBL.sch' with Engine [PEPPOL BIS Billing 3.0]
18:13:55 INFO  SchematronXsltChecker - Running Schematron XSTL-based validation
18:13:55 INFO  ValidationInstance - Loading document from stream
18:13:55 INFO  ValidationInstance -   Detected declaration: xml.test (with converter)
18:13:55 INFO  ValidationInstance -   Detected expectation: 6) For Danish Suppliers if the PaymentID is prefixed with 71# or 75# the 15-16 digits instruction Id must be added to the PaymentID eg. "71#1234567890123456" when payment Method equals 93 (FIK)
18:13:55 INFO  ValidationInstance - Validating 'eu.peppol.postaward.v3.billing-c801e0b9-893b-41f6-b617-68d2896dcb4c.asice#sch/PEPPOL-EN16931-UBL.sch' with Engine [PEPPOL BIS Billing 3.0]
18:13:55 INFO  SchematronXsltChecker - Running Schematron XSTL-based validation
18:13:55 INFO  ValidationInstance - Loading document from stream
18:13:55 INFO  ValidationInstance -   Detected declaration: xml.test (with converter)
18:13:55 INFO  ValidationInstance -   Detected expectation: 7) For Danish Suppliers if the PaymentID is prefixed with 71# or 75# the 15-16 digits instruction Id must be added to the PaymentID eg. "71#1234567890123456" when payment Method equals 93 (FIK)
18:13:55 INFO  ValidationInstance - Validating 'eu.peppol.postaward.v3.billing-c801e0b9-893b-41f6-b617-68d2896dcb4c.asice#sch/PEPPOL-EN16931-UBL.sch' with Engine [PEPPOL BIS Billing 3.0]
18:13:55 INFO  SchematronXsltChecker - Running Schematron XSTL-based validation
18:13:55 INFO  ValidationInstance - Loading document from stream
18:13:55 INFO  ValidationInstance -   Detected declaration: xml.test (with converter)
18:13:55 INFO  ValidationInstance -   Detected expectation: 8) For Danish Suppliers if the PaymentID is prefixed with 71# or 75# the 15-16 digits instruction Id must be added to the PaymentID eg. "71#1234567890123456" when payment Method equals 93 (FIK)
18:13:55 INFO  ValidationInstance - Validating 'eu.peppol.postaward.v3.billing-c801e0b9-893b-41f6-b617-68d2896dcb4c.asice#sch/PEPPOL-EN16931-UBL.sch' with Engine [PEPPOL BIS Billing 3.0]
18:13:55 INFO  SchematronXsltChecker - Running Schematron XSTL-based validation
18:13:55 INFO  Tester - TestSet '/src/rules/unit-UBL-DK/DK_Validation_DKR011.xml'
18:13:55 INFO  ValidationInstance - Loading document from stream
18:13:55 INFO  ValidationInstance -   Detected declaration: xml.testset (with children)
18:13:55 INFO  ValidationInstance - Loading document from stream
18:13:55 INFO  ValidationInstance -   Detected declaration: xml.test (with converter)
18:13:55 INFO  ValidationInstance -   Detected expectation: 1) For Danish Suppliers it is mandatory to use schemeID when PartyIdentification/ID is used for AccountingCustomerParty or AccountingSupplierParty
18:13:55 INFO  ValidationInstance - Validating 'eu.peppol.postaward.v3.billing-c801e0b9-893b-41f6-b617-68d2896dcb4c.asice#sch/PEPPOL-EN16931-UBL.sch' with Engine [PEPPOL BIS Billing 3.0]
18:13:55 INFO  SchematronXsltChecker - Running Schematron XSTL-based validation
18:13:55 INFO  ValidationInstance - Loading document from stream
18:13:55 INFO  ValidationInstance -   Detected declaration: xml.test (with converter)
18:13:55 INFO  ValidationInstance -   Detected expectation: 2) For Danish Suppliers it is mandatory to use schemeID when PartyIdentification/ID is used for AccountingCustomerParty or AccountingSupplierParty
18:13:55 INFO  ValidationInstance - Validating 'eu.peppol.postaward.v3.billing-c801e0b9-893b-41f6-b617-68d2896dcb4c.asice#sch/PEPPOL-EN16931-UBL.sch' with Engine [PEPPOL BIS Billing 3.0]
18:13:55 INFO  SchematronXsltChecker - Running Schematron XSTL-based validation
18:13:55 INFO  ValidationInstance - Loading document from stream
18:13:55 INFO  ValidationInstance -   Detected declaration: xml.test (with converter)
18:13:55 INFO  ValidationInstance -   Detected expectation: 3) For Danish Suppliers it is mandatory to use schemeID when PartyIdentification/ID is used for AccountingCustomerParty or AccountingSupplierParty
18:13:55 INFO  ValidationInstance - Validating 'eu.peppol.postaward.v3.billing-c801e0b9-893b-41f6-b617-68d2896dcb4c.asice#sch/PEPPOL-EN16931-UBL.sch' with Engine [PEPPOL BIS Billing 3.0]
18:13:55 INFO  SchematronXsltChecker - Running Schematron XSTL-based validation
18:13:55 INFO  ValidationInstance - Loading document from stream
18:13:55 INFO  ValidationInstance -   Detected declaration: xml.test (with converter)
18:13:55 INFO  ValidationInstance -   Detected expectation: 4) For Danish Suppliers it is mandatory to use schemeID when PartyIdentification/ID is used for AccountingCustomerParty or AccountingSupplierParty
18:13:55 INFO  ValidationInstance - Validating 'eu.peppol.postaward.v3.billing-c801e0b9-893b-41f6-b617-68d2896dcb4c.asice#sch/PEPPOL-EN16931-UBL.sch' with Engine [PEPPOL BIS Billing 3.0]
18:13:55 INFO  SchematronXsltChecker - Running Schematron XSTL-based validation
18:13:55 INFO  ValidationInstance - Loading document from stream
18:13:55 INFO  ValidationInstance -   Detected declaration: xml.test (with converter)
18:13:55 INFO  ValidationInstance -   Detected expectation: 5) For Danish Suppliers it is mandatory to use schemeID when PartyIdentification/ID is used for AccountingCustomerParty or AccountingSupplierParty
18:13:55 INFO  ValidationInstance - Validating 'eu.peppol.postaward.v3.billing-c801e0b9-893b-41f6-b617-68d2896dcb4c.asice#sch/PEPPOL-EN16931-UBL.sch' with Engine [PEPPOL BIS Billing 3.0]
18:13:55 INFO  SchematronXsltChecker - Running Schematron XSTL-based validation
18:13:55 INFO  ValidationInstance - Loading document from stream
18:13:55 INFO  ValidationInstance -   Detected declaration: xml.test (with converter)
18:13:55 INFO  ValidationInstance -   Detected expectation: 6) For Danish Suppliers it is mandatory to use schemeID when PartyIdentification/ID is used for AccountingCustomerParty or AccountingSupplierParty
18:13:55 INFO  ValidationInstance - Validating 'eu.peppol.postaward.v3.billing-c801e0b9-893b-41f6-b617-68d2896dcb4c.asice#sch/PEPPOL-EN16931-UBL.sch' with Engine [PEPPOL BIS Billing 3.0]
18:13:55 INFO  SchematronXsltChecker - Running Schematron XSTL-based validation
18:13:55 INFO  ValidationInstance - Loading document from stream
18:13:55 INFO  ValidationInstance -   Detected declaration: xml.test (with converter)
18:13:55 INFO  ValidationInstance -   Detected expectation: 7) For Danish Suppliers it is mandatory to use schemeID when PartyIdentification/ID is used for AccountingCustomerParty or AccountingSupplierParty
18:13:55 INFO  ValidationInstance - Validating 'eu.peppol.postaward.v3.billing-c801e0b9-893b-41f6-b617-68d2896dcb4c.asice#sch/PEPPOL-EN16931-UBL.sch' with Engine [PEPPOL BIS Billing 3.0]
18:13:55 INFO  SchematronXsltChecker - Running Schematron XSTL-based validation
18:13:55 INFO  ValidationInstance - Loading document from stream
18:13:55 INFO  ValidationInstance -   Detected declaration: xml.test (with converter)
18:13:55 INFO  ValidationInstance -   Detected expectation: 8) For Danish Suppliers it is mandatory to use schemeID when PartyIdentification/ID is used for AccountingCustomerParty or AccountingSupplierParty
18:13:55 INFO  ValidationInstance - Validating 'eu.peppol.postaward.v3.billing-c801e0b9-893b-41f6-b617-68d2896dcb4c.asice#sch/PEPPOL-EN16931-UBL.sch' with Engine [PEPPOL BIS Billing 3.0]
18:13:55 INFO  SchematronXsltChecker - Running Schematron XSTL-based validation
18:13:55 INFO  ValidationInstance - Loading document from stream
18:13:55 INFO  ValidationInstance -   Detected declaration: xml.test (with converter)
18:13:55 INFO  ValidationInstance -   Detected expectation: 9) For Danish Suppliers it is mandatory to use schemeID when PartyIdentification/ID is used for AccountingCustomerParty or AccountingSupplierParty
18:13:55 INFO  ValidationInstance - Validating 'eu.peppol.postaward.v3.billing-c801e0b9-893b-41f6-b617-68d2896dcb4c.asice#sch/PEPPOL-EN16931-UBL.sch' with Engine [PEPPOL BIS Billing 3.0]
18:13:55 INFO  SchematronXsltChecker - Running Schematron XSTL-based validation
18:13:55 INFO  ValidationInstance - Loading document from stream
18:13:55 INFO  ValidationInstance -   Detected declaration: xml.test (with converter)
18:13:55 INFO  ValidationInstance -   Detected expectation: 10) For Danish Suppliers it is mandatory to use schemeID when PartyIdentification/ID is used for AccountingCustomerParty or AccountingSupplierParty
18:13:55 INFO  ValidationInstance - Validating 'eu.peppol.postaward.v3.billing-c801e0b9-893b-41f6-b617-68d2896dcb4c.asice#sch/PEPPOL-EN16931-UBL.sch' with Engine [PEPPOL BIS Billing 3.0]
18:13:55 INFO  SchematronXsltChecker - Running Schematron XSTL-based validation
18:13:55 INFO  ValidationInstance - Loading document from stream
18:13:55 INFO  ValidationInstance -   Detected declaration: xml.test (with converter)
18:13:55 INFO  ValidationInstance -   Detected expectation: 11) For Danish Suppliers it is mandatory to use schemeID when PartyIdentification/ID is used for AccountingCustomerParty or AccountingSupplierParty
18:13:56 INFO  ValidationInstance - Validating 'eu.peppol.postaward.v3.billing-c801e0b9-893b-41f6-b617-68d2896dcb4c.asice#sch/PEPPOL-EN16931-UBL.sch' with Engine [PEPPOL BIS Billing 3.0]
18:13:56 INFO  SchematronXsltChecker - Running Schematron XSTL-based validation
18:13:56 INFO  ValidationInstance - Loading document from stream
18:13:56 INFO  ValidationInstance -   Detected declaration: xml.test (with converter)
18:13:56 INFO  ValidationInstance -   Detected expectation: 12) For Danish Suppliers it is mandatory to use schemeID when PartyIdentification/ID is used for AccountingCustomerParty or AccountingSupplierParty
18:13:56 INFO  ValidationInstance - Validating 'eu.peppol.postaward.v3.billing-c801e0b9-893b-41f6-b617-68d2896dcb4c.asice#sch/PEPPOL-EN16931-UBL.sch' with Engine [PEPPOL BIS Billing 3.0]
18:13:56 INFO  SchematronXsltChecker - Running Schematron XSTL-based validation
18:13:56 INFO  ValidationInstance - Loading document from stream
18:13:56 INFO  ValidationInstance -   Detected declaration: xml.test (with converter)
18:13:56 INFO  ValidationInstance -   Detected expectation: 13) For Danish Suppliers it is mandatory to use schemeID when PartyIdentification/ID is used for AccountingCustomerParty or AccountingSupplierParty
18:13:56 INFO  ValidationInstance - Validating 'eu.peppol.postaward.v3.billing-c801e0b9-893b-41f6-b617-68d2896dcb4c.asice#sch/PEPPOL-EN16931-UBL.sch' with Engine [PEPPOL BIS Billing 3.0]
18:13:56 INFO  SchematronXsltChecker - Running Schematron XSTL-based validation
18:13:56 INFO  ValidationInstance - Loading document from stream
18:13:56 INFO  ValidationInstance -   Detected declaration: xml.test (with converter)
18:13:56 INFO  ValidationInstance -   Detected expectation: 14) For Danish Suppliers it is mandatory to use schemeID when PartyIdentification/ID is used for AccountingCustomerParty or AccountingSupplierParty
18:13:56 INFO  ValidationInstance - Validating 'eu.peppol.postaward.v3.billing-c801e0b9-893b-41f6-b617-68d2896dcb4c.asice#sch/PEPPOL-EN16931-UBL.sch' with Engine [PEPPOL BIS Billing 3.0]
18:13:56 INFO  SchematronXsltChecker - Running Schematron XSTL-based validation
18:13:56 INFO  ValidationInstance - Loading document from stream
18:13:56 INFO  ValidationInstance -   Detected declaration: xml.test (with converter)
18:13:56 INFO  ValidationInstance -   Detected expectation: 15) For Danish Suppliers it is mandatory to use schemeID when PartyIdentification/ID is used for AccountingCustomerParty or AccountingSupplierParty
18:13:56 INFO  ValidationInstance - Validating 'eu.peppol.postaward.v3.billing-c801e0b9-893b-41f6-b617-68d2896dcb4c.asice#sch/PEPPOL-EN16931-UBL.sch' with Engine [PEPPOL BIS Billing 3.0]
18:13:56 INFO  SchematronXsltChecker - Running Schematron XSTL-based validation
18:13:56 INFO  ValidationInstance - Loading document from stream
18:13:56 INFO  ValidationInstance -   Detected declaration: xml.test (with converter)
18:13:56 INFO  ValidationInstance -   Detected expectation: 16) For Danish Suppliers it is mandatory to use schemeID when PartyIdentification/ID is used for AccountingCustomerParty or AccountingSupplierParty
18:13:56 INFO  ValidationInstance - Validating 'eu.peppol.postaward.v3.billing-c801e0b9-893b-41f6-b617-68d2896dcb4c.asice#sch/PEPPOL-EN16931-UBL.sch' with Engine [PEPPOL BIS Billing 3.0]
18:13:56 INFO  SchematronXsltChecker - Running Schematron XSTL-based validation
18:13:56 INFO  Tester - TestSet '/src/rules/unit-UBL-DK/DK_Validation_DKR013.xml'
18:13:56 INFO  ValidationInstance - Loading document from stream
18:13:56 INFO  ValidationInstance -   Detected declaration: xml.testset (with children)
18:13:56 INFO  ValidationInstance - Loading document from stream
18:13:56 INFO  ValidationInstance -   Detected declaration: xml.test (with converter)
18:13:56 INFO  ValidationInstance -   Detected expectation: 1) For Danish Suppliers it is mandatory to specify schemeID as "0184" (DK CVR-number) when PartyLegalEntity/CompanyID is used for AccountingSupplierParty
18:13:56 INFO  ValidationInstance - Validating 'eu.peppol.postaward.v3.billing-c801e0b9-893b-41f6-b617-68d2896dcb4c.asice#sch/PEPPOL-EN16931-UBL.sch' with Engine [PEPPOL BIS Billing 3.0]
18:13:56 INFO  SchematronXsltChecker - Running Schematron XSTL-based validation
18:13:56 INFO  ValidationInstance - Loading document from stream
18:13:56 INFO  ValidationInstance -   Detected declaration: xml.test (with converter)
18:13:56 INFO  ValidationInstance -   Detected expectation: 2) For Danish Suppliers it is mandatory to specify schemeID as "0184" (DK CVR-number) when PartyLegalEntity/CompanyID is used for AccountingSupplierParty
18:13:56 INFO  ValidationInstance - Validating 'eu.peppol.postaward.v3.billing-c801e0b9-893b-41f6-b617-68d2896dcb4c.asice#sch/PEPPOL-EN16931-UBL.sch' with Engine [PEPPOL BIS Billing 3.0]
18:13:56 INFO  SchematronXsltChecker - Running Schematron XSTL-based validation
18:13:56 INFO  ValidationInstance - Loading document from stream
18:13:56 INFO  ValidationInstance -   Detected declaration: xml.test (with converter)
18:13:56 INFO  ValidationInstance -   Detected expectation: 3) For Danish Suppliers it is mandatory to specify schemeID as "0184" (DK CVR-number) when PartyLegalEntity/CompanyID is used for AccountingSupplierParty
18:13:56 INFO  ValidationInstance - Validating 'eu.peppol.postaward.v3.billing-c801e0b9-893b-41f6-b617-68d2896dcb4c.asice#sch/PEPPOL-EN16931-UBL.sch' with Engine [PEPPOL BIS Billing 3.0]
18:13:56 INFO  SchematronXsltChecker - Running Schematron XSTL-based validation
18:13:56 INFO  ValidationInstance - Loading document from stream
18:13:56 INFO  ValidationInstance -   Detected declaration: xml.test (with converter)
18:13:56 INFO  ValidationInstance -   Detected expectation: 4) For Danish Suppliers it is mandatory to specify schemeID as "0184" (DK CVR-number) when PartyLegalEntity/CompanyID is used for AccountingSupplierParty
18:13:56 INFO  ValidationInstance - Validating 'eu.peppol.postaward.v3.billing-c801e0b9-893b-41f6-b617-68d2896dcb4c.asice#sch/PEPPOL-EN16931-UBL.sch' with Engine [PEPPOL BIS Billing 3.0]
18:13:56 INFO  SchematronXsltChecker - Running Schematron XSTL-based validation
18:13:56 INFO  ValidationInstance - Loading document from stream
18:13:56 INFO  ValidationInstance -   Detected declaration: xml.test (with converter)
18:13:56 INFO  ValidationInstance -   Detected expectation: 5) For Danish Suppliers it is mandatory to specify schemeID as "0184" (DK CVR-number) when PartyLegalEntity/CompanyID is used for AccountingSupplierParty
18:13:56 INFO  ValidationInstance - Validating 'eu.peppol.postaward.v3.billing-c801e0b9-893b-41f6-b617-68d2896dcb4c.asice#sch/PEPPOL-EN16931-UBL.sch' with Engine [PEPPOL BIS Billing 3.0]
18:13:56 INFO  SchematronXsltChecker - Running Schematron XSTL-based validation
18:13:56 INFO  ValidationInstance - Loading document from stream
18:13:56 INFO  ValidationInstance -   Detected declaration: xml.test (with converter)
18:13:56 INFO  ValidationInstance -   Detected expectation: 6) For Danish Suppliers it is mandatory to specify schemeID as "0184" (DK CVR-number) when PartyLegalEntity/CompanyID is used for AccountingSupplierParty
18:13:56 INFO  ValidationInstance - Validating 'eu.peppol.postaward.v3.billing-c801e0b9-893b-41f6-b617-68d2896dcb4c.asice#sch/PEPPOL-EN16931-UBL.sch' with Engine [PEPPOL BIS Billing 3.0]
18:13:56 INFO  SchematronXsltChecker - Running Schematron XSTL-based validation
18:13:56 INFO  ValidationInstance - Loading document from stream
18:13:56 INFO  ValidationInstance -   Detected declaration: xml.test (with converter)
18:13:56 INFO  ValidationInstance -   Detected expectation: 7) For Danish Suppliers it is mandatory to specify schemeID as "0184" (DK CVR-number) when PartyLegalEntity/CompanyID is used for AccountingSupplierParty
18:13:56 INFO  ValidationInstance - Validating 'eu.peppol.postaward.v3.billing-c801e0b9-893b-41f6-b617-68d2896dcb4c.asice#sch/PEPPOL-EN16931-UBL.sch' with Engine [PEPPOL BIS Billing 3.0]
18:13:56 INFO  SchematronXsltChecker - Running Schematron XSTL-based validation
18:13:56 INFO  ValidationInstance - Loading document from stream
18:13:56 INFO  ValidationInstance -   Detected declaration: xml.test (with converter)
18:13:56 INFO  ValidationInstance -   Detected expectation: 8) For Danish Suppliers it is mandatory to specify schemeID as "0184" (DK CVR-number) when PartyLegalEntity/CompanyID is used for AccountingSupplierParty
18:13:56 INFO  ValidationInstance - Validating 'eu.peppol.postaward.v3.billing-c801e0b9-893b-41f6-b617-68d2896dcb4c.asice#sch/PEPPOL-EN16931-UBL.sch' with Engine [PEPPOL BIS Billing 3.0]
18:13:56 INFO  SchematronXsltChecker - Running Schematron XSTL-based validation
18:13:56 INFO  ValidationInstance - Loading document from stream
18:13:56 INFO  ValidationInstance -   Detected declaration: xml.test (with converter)
18:13:56 INFO  ValidationInstance -   Detected expectation: 9) For Danish Suppliers it is mandatory to specify schemeID as "0184" (DK CVR-number) when PartyLegalEntity/CompanyID is used for AccountingSupplierParty
18:13:56 INFO  ValidationInstance - Validating 'eu.peppol.postaward.v3.billing-c801e0b9-893b-41f6-b617-68d2896dcb4c.asice#sch/PEPPOL-EN16931-UBL.sch' with Engine [PEPPOL BIS Billing 3.0]
18:13:56 INFO  SchematronXsltChecker - Running Schematron XSTL-based validation
18:13:56 INFO  ValidationInstance - Loading document from stream
18:13:56 INFO  ValidationInstance -   Detected declaration: xml.test (with converter)
18:13:56 INFO  ValidationInstance -   Detected expectation: 10) For Danish Suppliers it is mandatory to specify schemeID as "0184" (DK CVR-number) when PartyLegalEntity/CompanyID is used for AccountingSupplierParty
18:13:56 INFO  ValidationInstance - Validating 'eu.peppol.postaward.v3.billing-c801e0b9-893b-41f6-b617-68d2896dcb4c.asice#sch/PEPPOL-EN16931-UBL.sch' with Engine [PEPPOL BIS Billing 3.0]
18:13:56 INFO  SchematronXsltChecker - Running Schematron XSTL-based validation
18:13:56 INFO  Tester - TestSet '/src/rules/unit-UBL-DK/DK_Validation_DKR014.xml'
18:13:56 INFO  ValidationInstance - Loading document from stream
18:13:56 INFO  ValidationInstance -   Detected declaration: xml.testset (with children)
18:13:56 INFO  ValidationInstance - Loading document from stream
18:13:56 INFO  ValidationInstance -   Detected declaration: xml.test (with converter)
18:13:56 INFO  ValidationInstance -   Detected expectation: 1) For Danish Suppliers, a Credit note cannot have a negative total (PayableAmount)
18:13:56 INFO  ValidationInstance - Validating 'eu.peppol.postaward.v3.billing-c801e0b9-893b-41f6-b617-68d2896dcb4c.asice#sch/PEPPOL-EN16931-UBL.sch' with Engine [PEPPOL BIS Billing 3.0]
18:13:56 INFO  SchematronXsltChecker - Running Schematron XSTL-based validation
18:13:56 INFO  ValidationInstance - Loading document from stream
18:13:56 INFO  ValidationInstance -   Detected declaration: xml.test (with converter)
18:13:56 INFO  ValidationInstance -   Detected expectation: 2) For Danish Suppliers, a Credit note cannot have a negative total (PayableAmount)
18:13:56 INFO  ValidationInstance - Validating 'eu.peppol.postaward.v3.billing-c801e0b9-893b-41f6-b617-68d2896dcb4c.asice#sch/PEPPOL-EN16931-UBL.sch' with Engine [PEPPOL BIS Billing 3.0]
18:13:56 INFO  SchematronXsltChecker - Running Schematron XSTL-based validation
18:13:56 INFO  ValidationInstance - Loading document from stream
18:13:56 INFO  ValidationInstance -   Detected declaration: xml.test (with converter)
18:13:56 INFO  ValidationInstance -   Detected expectation: 3) For Danish Suppliers, a Credit note cannot have a negative total (PayableAmount)
18:13:56 INFO  ValidationInstance - Validating 'eu.peppol.postaward.v3.billing-c801e0b9-893b-41f6-b617-68d2896dcb4c.asice#sch/PEPPOL-EN16931-UBL.sch' with Engine [PEPPOL BIS Billing 3.0]
18:13:56 INFO  SchematronXsltChecker - Running Schematron XSTL-based validation
18:13:56 INFO  ValidationInstance - Loading document from stream
18:13:56 INFO  ValidationInstance -   Detected declaration: xml.test (with converter)
18:13:56 INFO  ValidationInstance -   Detected expectation: 4) For Danish Suppliers, a Credit note cannot have a negative total (PayableAmount)
18:13:56 INFO  ValidationInstance - Validating 'eu.peppol.postaward.v3.billing-c801e0b9-893b-41f6-b617-68d2896dcb4c.asice#sch/PEPPOL-EN16931-UBL.sch' with Engine [PEPPOL BIS Billing 3.0]
18:13:56 INFO  SchematronXsltChecker - Running Schematron XSTL-based validation
18:13:56 INFO  Tester - TestSet '/src/rules/unit-UBL-DK/DK_Validation_DKR016.xml'
18:13:56 INFO  ValidationInstance - Loading document from stream
18:13:56 INFO  ValidationInstance -   Detected declaration: xml.testset (with children)
18:13:56 INFO  ValidationInstance - Loading document from stream
18:13:56 INFO  ValidationInstance -   Detected declaration: xml.test (with converter)
18:13:56 INFO  ValidationInstance -   Detected expectation: 1) For Danish Suppliers it is mandatory to specify schemeID as "0184" (DK CVR-number) when PartyLegalEntity/CompanyID is used for AccountingCustomerParty
18:13:56 INFO  ValidationInstance - Validating 'eu.peppol.postaward.v3.billing-c801e0b9-893b-41f6-b617-68d2896dcb4c.asice#sch/PEPPOL-EN16931-UBL.sch' with Engine [PEPPOL BIS Billing 3.0]
18:13:56 INFO  SchematronXsltChecker - Running Schematron XSTL-based validation
18:13:56 INFO  ValidationInstance - Loading document from stream
18:13:56 INFO  ValidationInstance -   Detected declaration: xml.test (with converter)
18:13:56 INFO  ValidationInstance -   Detected expectation: 2) For Danish Suppliers it is mandatory to specify schemeID as "0184" (DK CVR-number) when PartyLegalEntity/CompanyID is used for AccountingCustomerParty
18:13:56 INFO  ValidationInstance - Validating 'eu.peppol.postaward.v3.billing-c801e0b9-893b-41f6-b617-68d2896dcb4c.asice#sch/PEPPOL-EN16931-UBL.sch' with Engine [PEPPOL BIS Billing 3.0]
18:13:56 INFO  SchematronXsltChecker - Running Schematron XSTL-based validation
18:13:56 INFO  ValidationInstance - Loading document from stream
18:13:56 INFO  ValidationInstance -   Detected declaration: xml.test (with converter)
18:13:56 INFO  ValidationInstance -   Detected expectation: 3) For Danish Suppliers it is mandatory to specify schemeID as "0184" (DK CVR-number) when PartyLegalEntity/CompanyID is used for AccountingCustomerParty
18:13:56 INFO  ValidationInstance - Validating 'eu.peppol.postaward.v3.billing-c801e0b9-893b-41f6-b617-68d2896dcb4c.asice#sch/PEPPOL-EN16931-UBL.sch' with Engine [PEPPOL BIS Billing 3.0]
18:13:56 INFO  SchematronXsltChecker - Running Schematron XSTL-based validation
18:13:56 INFO  ValidationInstance - Loading document from stream
18:13:56 INFO  ValidationInstance -   Detected declaration: xml.test (with converter)
18:13:56 INFO  ValidationInstance -   Detected expectation: 4) For Danish Suppliers it is mandatory to specify schemeID as "0184" (DK CVR-number) when PartyLegalEntity/CompanyID is used for AccountingCustomerParty
18:13:56 INFO  ValidationInstance - Validating 'eu.peppol.postaward.v3.billing-c801e0b9-893b-41f6-b617-68d2896dcb4c.asice#sch/PEPPOL-EN16931-UBL.sch' with Engine [PEPPOL BIS Billing 3.0]
18:13:56 INFO  SchematronXsltChecker - Running Schematron XSTL-based validation
18:13:56 INFO  ValidationInstance - Loading document from stream
18:13:56 INFO  ValidationInstance -   Detected declaration: xml.test (with converter)
18:13:56 INFO  ValidationInstance -   Detected expectation: 5) For Danish Suppliers it is mandatory to specify schemeID as "0184" (DK CVR-number) when PartyLegalEntity/CompanyID is used for AccountingCustomerParty
18:13:56 INFO  ValidationInstance - Validating 'eu.peppol.postaward.v3.billing-c801e0b9-893b-41f6-b617-68d2896dcb4c.asice#sch/PEPPOL-EN16931-UBL.sch' with Engine [PEPPOL BIS Billing 3.0]
18:13:56 INFO  SchematronXsltChecker - Running Schematron XSTL-based validation
18:13:56 INFO  ValidationInstance - Loading document from stream
18:13:56 INFO  ValidationInstance -   Detected declaration: xml.test (with converter)
18:13:56 INFO  ValidationInstance -   Detected expectation: 6) For Danish Suppliers it is mandatory to specify schemeID as "0184" (DK CVR-number) when PartyLegalEntity/CompanyID is used for AccountingCustomerParty
18:13:56 INFO  ValidationInstance - Validating 'eu.peppol.postaward.v3.billing-c801e0b9-893b-41f6-b617-68d2896dcb4c.asice#sch/PEPPOL-EN16931-UBL.sch' with Engine [PEPPOL BIS Billing 3.0]
18:13:56 INFO  SchematronXsltChecker - Running Schematron XSTL-based validation
18:13:56 INFO  ValidationInstance - Loading document from stream
18:13:56 INFO  ValidationInstance -   Detected declaration: xml.test (with converter)
18:13:56 INFO  ValidationInstance -   Detected expectation: 7) For Danish Suppliers it is mandatory to specify schemeID as "0184" (DK CVR-number) when PartyLegalEntity/CompanyID is used for AccountingCustomerParty
18:13:56 INFO  ValidationInstance - Validating 'eu.peppol.postaward.v3.billing-c801e0b9-893b-41f6-b617-68d2896dcb4c.asice#sch/PEPPOL-EN16931-UBL.sch' with Engine [PEPPOL BIS Billing 3.0]
18:13:56 INFO  SchematronXsltChecker - Running Schematron XSTL-based validation
18:13:56 INFO  ValidationInstance - Loading document from stream
18:13:56 INFO  ValidationInstance -   Detected declaration: xml.test (with converter)
18:13:56 INFO  ValidationInstance -   Detected expectation: 8) For Danish Suppliers it is mandatory to specify schemeID as "0184" (DK CVR-number) when PartyLegalEntity/CompanyID is used for AccountingCustomerParty
18:13:56 INFO  ValidationInstance - Validating 'eu.peppol.postaward.v3.billing-c801e0b9-893b-41f6-b617-68d2896dcb4c.asice#sch/PEPPOL-EN16931-UBL.sch' with Engine [PEPPOL BIS Billing 3.0]
18:13:56 INFO  SchematronXsltChecker - Running Schematron XSTL-based validation
18:13:56 INFO  ValidationInstance - Loading document from stream
18:13:56 INFO  ValidationInstance -   Detected declaration: xml.test (with converter)
18:13:56 INFO  ValidationInstance -   Detected expectation: 9) For Danish Suppliers it is mandatory to specify schemeID as "0184" (DK CVR-number) when PartyLegalEntity/CompanyID is used for AccountingCustomerParty
18:13:56 INFO  ValidationInstance - Validating 'eu.peppol.postaward.v3.billing-c801e0b9-893b-41f6-b617-68d2896dcb4c.asice#sch/PEPPOL-EN16931-UBL.sch' with Engine [PEPPOL BIS Billing 3.0]
18:13:56 INFO  SchematronXsltChecker - Running Schematron XSTL-based validation
18:13:56 INFO  ValidationInstance - Loading document from stream
18:13:56 INFO  ValidationInstance -   Detected declaration: xml.test (with converter)
18:13:57 INFO  ValidationInstance -   Detected expectation: 10) For Danish Suppliers it is mandatory to specify schemeID as "0184" (DK CVR-number) when PartyLegalEntity/CompanyID is used for AccountingCustomerParty
18:13:57 INFO  ValidationInstance - Validating 'eu.peppol.postaward.v3.billing-c801e0b9-893b-41f6-b617-68d2896dcb4c.asice#sch/PEPPOL-EN16931-UBL.sch' with Engine [PEPPOL BIS Billing 3.0]
18:13:57 INFO  SchematronXsltChecker - Running Schematron XSTL-based validation
18:13:57 INFO  ValidationInstance - Loading document from stream
18:13:57 INFO  ValidationInstance -   Detected declaration: xml.test (with converter)
18:13:57 INFO  ValidationInstance -   Detected expectation: 11) For Danish Suppliers it is mandatory to specify schemeID as "0184" (DK CVR-number) when PartyLegalEntity/CompanyID is used for AccountingCustomerParty
18:13:57 INFO  ValidationInstance - Validating 'eu.peppol.postaward.v3.billing-c801e0b9-893b-41f6-b617-68d2896dcb4c.asice#sch/PEPPOL-EN16931-UBL.sch' with Engine [PEPPOL BIS Billing 3.0]
18:13:57 INFO  SchematronXsltChecker - Running Schematron XSTL-based validation
18:13:57 INFO  Tester - TestSet '/src/rules/unit-UBL-DK/DK_Validation_DKR017.xml'
18:13:57 INFO  ValidationInstance - Loading document from stream
18:13:57 INFO  ValidationInstance -   Detected declaration: xml.testset (with children)
18:13:57 INFO  ValidationInstance - Loading document from stream
18:13:57 INFO  ValidationInstance -   Detected declaration: xml.test (with converter)
18:13:57 INFO  ValidationInstance -   Detected expectation: 1) DE-R-001 unit test
18:13:57 INFO  ValidationInstance - Validating 'eu.peppol.postaward.v3.billing-c801e0b9-893b-41f6-b617-68d2896dcb4c.asice#sch/PEPPOL-EN16931-UBL.sch' with Engine [PEPPOL BIS Billing 3.0]
18:13:57 INFO  SchematronXsltChecker - Running Schematron XSTL-based validation
18:13:57 INFO  ValidationInstance - Loading document from stream
18:13:57 INFO  ValidationInstance -   Detected declaration: xml.test (with converter)
18:13:57 INFO  ValidationInstance -   Detected expectation: 2) DE-R-001 If both supplier and customer are German, an invoice shall contain information on "PAYMENT INSTRUCTIONS" (BG-16).
18:13:57 INFO  ValidationInstance - Validating 'eu.peppol.postaward.v3.billing-c801e0b9-893b-41f6-b617-68d2896dcb4c.asice#sch/PEPPOL-EN16931-UBL.sch' with Engine [PEPPOL BIS Billing 3.0]
18:13:57 INFO  SchematronXsltChecker - Running Schematron XSTL-based validation
18:13:57 INFO  Tester - TestSet '/src/rules/unit-UBL-DE/UBL-IN_DE-R-001.xml'
18:13:57 INFO  ValidationInstance - Loading document from stream
18:13:57 INFO  ValidationInstance -   Detected declaration: xml.testset (with children)
18:13:57 INFO  ValidationInstance - Loading document from stream
18:13:57 INFO  ValidationInstance -   Detected declaration: xml.test (with converter)
18:13:57 INFO  ValidationInstance -   Detected expectation: 1) DE-R-002 If both supplier and customer are German, the group "SELLER CONTACT" (BG-6) shall be provided.
18:13:57 INFO  ValidationInstance - Validating 'eu.peppol.postaward.v3.billing-c801e0b9-893b-41f6-b617-68d2896dcb4c.asice#sch/PEPPOL-EN16931-UBL.sch' with Engine [PEPPOL BIS Billing 3.0]
18:13:57 INFO  SchematronXsltChecker - Running Schematron XSTL-based validation
18:13:57 INFO  ValidationInstance - Loading document from stream
18:13:57 INFO  ValidationInstance -   Detected declaration: xml.test (with converter)
18:13:57 INFO  ValidationInstance -   Detected expectation: 2) DE-R-002 If both supplier and customer are German, the group "SELLER CONTACT" (BG-6) shall be provided.
18:13:57 INFO  ValidationInstance - Validating 'eu.peppol.postaward.v3.billing-c801e0b9-893b-41f6-b617-68d2896dcb4c.asice#sch/PEPPOL-EN16931-UBL.sch' with Engine [PEPPOL BIS Billing 3.0]
18:13:57 INFO  SchematronXsltChecker - Running Schematron XSTL-based validation
18:13:57 INFO  Tester - TestSet '/src/rules/unit-UBL-DE/UBL-IN_DE-R-002.xml'
18:13:57 INFO  ValidationInstance - Loading document from stream
18:13:57 INFO  ValidationInstance -   Detected declaration: xml.testset (with children)
18:13:57 INFO  ValidationInstance - Loading document from stream
18:13:57 INFO  ValidationInstance -   Detected declaration: xml.test (with converter)
18:13:57 INFO  ValidationInstance -   Detected expectation: 1) DE-R-003 If both supplier and customer are German, the element "Seller city" (BT-37) shall be provided.
18:13:57 INFO  ValidationInstance - Validating 'eu.peppol.postaward.v3.billing-c801e0b9-893b-41f6-b617-68d2896dcb4c.asice#sch/PEPPOL-EN16931-UBL.sch' with Engine [PEPPOL BIS Billing 3.0]
18:13:57 INFO  SchematronXsltChecker - Running Schematron XSTL-based validation
18:13:57 INFO  ValidationInstance - Loading document from stream
18:13:57 INFO  ValidationInstance -   Detected declaration: xml.test (with converter)
18:13:57 INFO  ValidationInstance -   Detected expectation: 2) DE-R-003 If both supplier and customer are German, the element "Seller city" (BT-37) shall be provided.
18:13:57 INFO  ValidationInstance - Validating 'eu.peppol.postaward.v3.billing-c801e0b9-893b-41f6-b617-68d2896dcb4c.asice#sch/PEPPOL-EN16931-UBL.sch' with Engine [PEPPOL BIS Billing 3.0]
18:13:57 INFO  SchematronXsltChecker - Running Schematron XSTL-based validation
18:13:57 INFO  Tester - TestSet '/src/rules/unit-UBL-DE/UBL-IN_DE-R-003.xml'
18:13:57 INFO  ValidationInstance - Loading document from stream
18:13:57 INFO  ValidationInstance -   Detected declaration: xml.testset (with children)
18:13:57 INFO  ValidationInstance - Loading document from stream
18:13:57 INFO  ValidationInstance -   Detected declaration: xml.test (with converter)
18:13:57 INFO  ValidationInstance -   Detected expectation: 1) DE-R-004 If both supplier and customer are German, the element "Seller post code" (BT-38) shall be provided.
18:13:57 INFO  ValidationInstance - Validating 'eu.peppol.postaward.v3.billing-c801e0b9-893b-41f6-b617-68d2896dcb4c.asice#sch/PEPPOL-EN16931-UBL.sch' with Engine [PEPPOL BIS Billing 3.0]
18:13:57 INFO  SchematronXsltChecker - Running Schematron XSTL-based validation
18:13:57 INFO  ValidationInstance - Loading document from stream
18:13:57 INFO  ValidationInstance -   Detected declaration: xml.test (with converter)
18:13:57 INFO  ValidationInstance -   Detected expectation: 2) DE-R-004 If both supplier and customer are German, the element "Seller post code" (BT-38) shall be provided.
18:13:57 INFO  ValidationInstance - Validating 'eu.peppol.postaward.v3.billing-c801e0b9-893b-41f6-b617-68d2896dcb4c.asice#sch/PEPPOL-EN16931-UBL.sch' with Engine [PEPPOL BIS Billing 3.0]
18:13:57 INFO  SchematronXsltChecker - Running Schematron XSTL-based validation
18:13:57 INFO  Tester - TestSet '/src/rules/unit-UBL-DE/UBL-IN_DE-R-004.xml'
18:13:57 INFO  ValidationInstance - Loading document from stream
18:13:57 INFO  ValidationInstance -   Detected declaration: xml.testset (with children)
18:13:57 INFO  ValidationInstance - Loading document from stream
18:13:57 INFO  ValidationInstance -   Detected declaration: xml.test (with converter)
18:13:57 INFO  ValidationInstance -   Detected expectation: 1) DE-R-005 If both supplier and customer are German, the element "Seller contact point" (BT-41) shall be provided.
18:13:57 INFO  ValidationInstance - Validating 'eu.peppol.postaward.v3.billing-c801e0b9-893b-41f6-b617-68d2896dcb4c.asice#sch/PEPPOL-EN16931-UBL.sch' with Engine [PEPPOL BIS Billing 3.0]
18:13:57 INFO  SchematronXsltChecker - Running Schematron XSTL-based validation
18:13:57 INFO  ValidationInstance - Loading document from stream
18:13:57 INFO  ValidationInstance -   Detected declaration: xml.test (with converter)
18:13:57 INFO  ValidationInstance -   Detected expectation: 2) DE-R-005 If both supplier and customer are German, the element "Seller contact point" (BT-41) shall be provided.
18:13:57 INFO  ValidationInstance - Validating 'eu.peppol.postaward.v3.billing-c801e0b9-893b-41f6-b617-68d2896dcb4c.asice#sch/PEPPOL-EN16931-UBL.sch' with Engine [PEPPOL BIS Billing 3.0]
18:13:57 INFO  SchematronXsltChecker - Running Schematron XSTL-based validation
18:13:57 INFO  Tester - TestSet '/src/rules/unit-UBL-DE/UBL-IN_DE-R-005.xml'
18:13:57 INFO  ValidationInstance - Loading document from stream
18:13:57 INFO  ValidationInstance -   Detected declaration: xml.testset (with children)
18:13:57 INFO  ValidationInstance - Loading document from stream
18:13:57 INFO  ValidationInstance -   Detected declaration: xml.test (with converter)
18:13:57 INFO  ValidationInstance -   Detected expectation: 1) DE-R-006 If both supplier and customer are German, the element "Seller contact telephone number" (BT-42) shall be provided.
18:13:57 INFO  ValidationInstance - Validating 'eu.peppol.postaward.v3.billing-c801e0b9-893b-41f6-b617-68d2896dcb4c.asice#sch/PEPPOL-EN16931-UBL.sch' with Engine [PEPPOL BIS Billing 3.0]
18:13:57 INFO  SchematronXsltChecker - Running Schematron XSTL-based validation
18:13:57 INFO  ValidationInstance - Loading document from stream
18:13:57 INFO  ValidationInstance -   Detected declaration: xml.test (with converter)
18:13:57 INFO  ValidationInstance -   Detected expectation: 2) DE-R-006 If both supplier and customer are German, the element "Seller contact telephone number" (BT-42) shall be provided.
18:13:57 INFO  ValidationInstance - Validating 'eu.peppol.postaward.v3.billing-c801e0b9-893b-41f6-b617-68d2896dcb4c.asice#sch/PEPPOL-EN16931-UBL.sch' with Engine [PEPPOL BIS Billing 3.0]
18:13:57 INFO  SchematronXsltChecker - Running Schematron XSTL-based validation
18:13:57 INFO  Tester - TestSet '/src/rules/unit-UBL-DE/UBL-IN_DE-R-006.xml'
18:13:57 INFO  ValidationInstance - Loading document from stream
18:13:57 INFO  ValidationInstance -   Detected declaration: xml.testset (with children)
18:13:57 INFO  ValidationInstance - Loading document from stream
18:13:57 INFO  ValidationInstance -   Detected declaration: xml.test (with converter)
18:13:57 INFO  ValidationInstance -   Detected expectation: 1) DE-R-007 If both supplier and customer are German, the element "Seller contact email address" (BT-43) shall be provided.
18:13:57 INFO  ValidationInstance - Validating 'eu.peppol.postaward.v3.billing-c801e0b9-893b-41f6-b617-68d2896dcb4c.asice#sch/PEPPOL-EN16931-UBL.sch' with Engine [PEPPOL BIS Billing 3.0]
18:13:57 INFO  SchematronXsltChecker - Running Schematron XSTL-based validation
18:13:57 INFO  ValidationInstance - Loading document from stream
18:13:57 INFO  ValidationInstance -   Detected declaration: xml.test (with converter)
18:13:57 INFO  ValidationInstance -   Detected expectation: 2) DE-R-007 If both supplier and customer are German, the element "Seller contact email address" (BT-43) shall be provided.
18:13:57 INFO  ValidationInstance - Validating 'eu.peppol.postaward.v3.billing-c801e0b9-893b-41f6-b617-68d2896dcb4c.asice#sch/PEPPOL-EN16931-UBL.sch' with Engine [PEPPOL BIS Billing 3.0]
18:13:57 INFO  SchematronXsltChecker - Running Schematron XSTL-based validation
18:13:57 INFO  Tester - TestSet '/src/rules/unit-UBL-DE/UBL-IN_DE-R-007.xml'
18:13:57 INFO  ValidationInstance - Loading document from stream
18:13:57 INFO  ValidationInstance -   Detected declaration: xml.testset (with children)
18:13:57 INFO  ValidationInstance - Loading document from stream
18:13:57 INFO  ValidationInstance -   Detected declaration: xml.test (with converter)
18:13:57 INFO  ValidationInstance -   Detected expectation: 1) DE-R-008 If both supplier and customer are German, the element "Buyer city" (BT-52) shall be provided.
18:13:57 INFO  ValidationInstance - Validating 'eu.peppol.postaward.v3.billing-c801e0b9-893b-41f6-b617-68d2896dcb4c.asice#sch/PEPPOL-EN16931-UBL.sch' with Engine [PEPPOL BIS Billing 3.0]
18:13:57 INFO  SchematronXsltChecker - Running Schematron XSTL-based validation
18:13:57 INFO  ValidationInstance - Loading document from stream
18:13:57 INFO  ValidationInstance -   Detected declaration: xml.test (with converter)
18:13:57 INFO  ValidationInstance -   Detected expectation: 2) DE-R-008 If both supplier and customer are German, the element "Buyer city" (BT-52) shall be provided.
18:13:57 INFO  ValidationInstance - Validating 'eu.peppol.postaward.v3.billing-c801e0b9-893b-41f6-b617-68d2896dcb4c.asice#sch/PEPPOL-EN16931-UBL.sch' with Engine [PEPPOL BIS Billing 3.0]
18:13:57 INFO  SchematronXsltChecker - Running Schematron XSTL-based validation
18:13:57 INFO  Tester - TestSet '/src/rules/unit-UBL-DE/UBL-IN_DE-R-008.xml'
18:13:57 INFO  ValidationInstance - Loading document from stream
18:13:57 INFO  ValidationInstance -   Detected declaration: xml.testset (with children)
18:13:57 INFO  ValidationInstance - Loading document from stream
18:13:57 INFO  ValidationInstance -   Detected declaration: xml.test (with converter)
18:13:57 INFO  ValidationInstance -   Detected expectation: 1) DE-R-009 If both supplier and customer are German, the element "Buyer post code" (BT-53) shall be provided.
18:13:57 INFO  ValidationInstance - Validating 'eu.peppol.postaward.v3.billing-c801e0b9-893b-41f6-b617-68d2896dcb4c.asice#sch/PEPPOL-EN16931-UBL.sch' with Engine [PEPPOL BIS Billing 3.0]
18:13:57 INFO  SchematronXsltChecker - Running Schematron XSTL-based validation
18:13:57 INFO  ValidationInstance - Loading document from stream
18:13:57 INFO  ValidationInstance -   Detected declaration: xml.test (with converter)
18:13:57 INFO  ValidationInstance -   Detected expectation: 2) DE-R-009 If both supplier and customer are German, the element "Buyer post code" (BT-53) shall be provided.
18:13:57 INFO  ValidationInstance - Validating 'eu.peppol.postaward.v3.billing-c801e0b9-893b-41f6-b617-68d2896dcb4c.asice#sch/PEPPOL-EN16931-UBL.sch' with Engine [PEPPOL BIS Billing 3.0]
18:13:57 INFO  SchematronXsltChecker - Running Schematron XSTL-based validation
18:13:57 INFO  Tester - TestSet '/src/rules/unit-UBL-DE/UBL-IN_DE-R-009.xml'
18:13:57 INFO  ValidationInstance - Loading document from stream
18:13:57 INFO  ValidationInstance -   Detected declaration: xml.testset (with children)
18:13:57 INFO  ValidationInstance - Loading document from stream
18:13:57 INFO  ValidationInstance -   Detected declaration: xml.test (with converter)
18:13:57 INFO  ValidationInstance -   Detected expectation: 1) DE-R-010 If both supplier and customer are German, the element "Deliver to city" (BT-77) shall be provided if the group "DELIVER TO ADDRESS" (BG-15) is delivered.
18:13:57 INFO  ValidationInstance - Validating 'eu.peppol.postaward.v3.billing-c801e0b9-893b-41f6-b617-68d2896dcb4c.asice#sch/PEPPOL-EN16931-UBL.sch' with Engine [PEPPOL BIS Billing 3.0]
18:13:57 INFO  SchematronXsltChecker - Running Schematron XSTL-based validation
18:13:57 INFO  ValidationInstance - Loading document from stream
18:13:57 INFO  ValidationInstance -   Detected declaration: xml.test (with converter)
18:13:57 INFO  ValidationInstance -   Detected expectation: 2) DE-R-010 If both supplier and customer are German, the element "Deliver to city" (BT-77) shall be provided if the group "DELIVER TO ADDRESS" (BG-15) is delivered.
18:13:57 INFO  ValidationInstance - Validating 'eu.peppol.postaward.v3.billing-c801e0b9-893b-41f6-b617-68d2896dcb4c.asice#sch/PEPPOL-EN16931-UBL.sch' with Engine [PEPPOL BIS Billing 3.0]
18:13:57 INFO  SchematronXsltChecker - Running Schematron XSTL-based validation
18:13:57 INFO  Tester - TestSet '/src/rules/unit-UBL-DE/UBL-IN_DE-R-010.xml'
18:13:57 INFO  ValidationInstance - Loading document from stream
18:13:57 INFO  ValidationInstance -   Detected declaration: xml.testset (with children)
18:13:57 INFO  ValidationInstance - Loading document from stream
18:13:57 INFO  ValidationInstance -   Detected declaration: xml.test (with converter)
18:13:57 INFO  ValidationInstance -   Detected expectation: 1) DE-R-011 If both supplier and customer are German, the element "Deliver to post code" (BT-78) shall be provided if the group "DELIVER TO ADDRESS" (BG-15) is delivered.
18:13:57 INFO  ValidationInstance - Validating 'eu.peppol.postaward.v3.billing-c801e0b9-893b-41f6-b617-68d2896dcb4c.asice#sch/PEPPOL-EN16931-UBL.sch' with Engine [PEPPOL BIS Billing 3.0]
18:13:57 INFO  SchematronXsltChecker - Running Schematron XSTL-based validation
18:13:58 INFO  ValidationInstance - Loading document from stream
18:13:58 INFO  ValidationInstance -   Detected declaration: xml.test (with converter)
18:13:58 INFO  ValidationInstance -   Detected expectation: 2) DE-R-011 If both supplier and customer are German, the element "Deliver to post code" (BT-78) shall be provided if the group "DELIVER TO ADDRESS" (BG-15) is delivered.
18:13:58 INFO  ValidationInstance - Validating 'eu.peppol.postaward.v3.billing-c801e0b9-893b-41f6-b617-68d2896dcb4c.asice#sch/PEPPOL-EN16931-UBL.sch' with Engine [PEPPOL BIS Billing 3.0]
18:13:58 INFO  SchematronXsltChecker - Running Schematron XSTL-based validation
18:13:58 INFO  Tester - TestSet '/src/rules/unit-UBL-DE/UBL-IN_DE-R-011.xml'
18:13:58 INFO  ValidationInstance - Loading document from stream
18:13:58 INFO  ValidationInstance -   Detected declaration: xml.testset (with children)
18:13:58 INFO  ValidationInstance - Loading document from stream
18:13:58 INFO  ValidationInstance -   Detected declaration: xml.test (with converter)
18:13:58 INFO  ValidationInstance -   Detected expectation: 1) DE-R-014 If both supplier and customer are German, the element "VAT category rate" (BT-119) shall be provided.
18:13:58 INFO  ValidationInstance - Validating 'eu.peppol.postaward.v3.billing-c801e0b9-893b-41f6-b617-68d2896dcb4c.asice#sch/PEPPOL-EN16931-UBL.sch' with Engine [PEPPOL BIS Billing 3.0]
18:13:58 INFO  SchematronXsltChecker - Running Schematron XSTL-based validation
18:13:58 INFO  ValidationInstance - Loading document from stream
18:13:58 INFO  ValidationInstance -   Detected declaration: xml.test (with converter)
18:13:58 INFO  ValidationInstance -   Detected expectation: 2) DE-R-014 If both supplier and customer are German, the element "VAT category rate" (BT-119) shall be provided.
18:13:58 INFO  ValidationInstance - Validating 'eu.peppol.postaward.v3.billing-c801e0b9-893b-41f6-b617-68d2896dcb4c.asice#sch/PEPPOL-EN16931-UBL.sch' with Engine [PEPPOL BIS Billing 3.0]
18:13:58 INFO  SchematronXsltChecker - Running Schematron XSTL-based validation
18:13:58 INFO  Tester - TestSet '/src/rules/unit-UBL-DE/UBL-IN_DE-R-014.xml'
18:13:58 INFO  ValidationInstance - Loading document from stream
18:13:58 INFO  ValidationInstance -   Detected declaration: xml.testset (with children)
18:13:58 INFO  ValidationInstance - Loading document from stream
18:13:58 INFO  ValidationInstance -   Detected declaration: xml.test (with converter)
18:13:58 INFO  ValidationInstance -   Detected expectation: 1) DE-R-015 If both supplier and customer are German, the element "Buyer reference" (BT-10) shall be provided.
18:13:58 INFO  ValidationInstance - Validating 'eu.peppol.postaward.v3.billing-c801e0b9-893b-41f6-b617-68d2896dcb4c.asice#sch/PEPPOL-EN16931-UBL.sch' with Engine [PEPPOL BIS Billing 3.0]
18:13:58 INFO  SchematronXsltChecker - Running Schematron XSTL-based validation
18:13:58 INFO  ValidationInstance - Loading document from stream
18:13:58 INFO  ValidationInstance -   Detected declaration: xml.test (with converter)
18:13:58 INFO  ValidationInstance -   Detected expectation: 2) DE-R-015 If both supplier and customer are German, the element "Buyer reference" (BT-10) shall be provided.
18:13:58 INFO  ValidationInstance - Validating 'eu.peppol.postaward.v3.billing-c801e0b9-893b-41f6-b617-68d2896dcb4c.asice#sch/PEPPOL-EN16931-UBL.sch' with Engine [PEPPOL BIS Billing 3.0]
18:13:58 INFO  SchematronXsltChecker - Running Schematron XSTL-based validation
18:13:58 INFO  Tester - TestSet '/src/rules/unit-UBL-DE/UBL-IN_DE-R-015.xml'
18:13:58 INFO  ValidationInstance - Loading document from stream
18:13:58 INFO  ValidationInstance -   Detected declaration: xml.testset (with children)
18:13:58 INFO  ValidationInstance - Loading document from stream
18:13:58 INFO  ValidationInstance -   Detected declaration: xml.test (with converter)
18:13:58 INFO  ValidationInstance -   Detected expectation: 1) DE-R-016 If both supplier and customer are German, if one of the VAT codes S, Z, E, AE, K, G, L, or M is used, an invoice shall contain at least one of the following elements: "Seller VAT identifier" (BT-31) or "Seller tax registration identifier" (BT-32) or "SELLER TAX REPRESENTATIVE PARTY" (BG-11).
18:13:58 INFO  ValidationInstance - Validating 'eu.peppol.postaward.v3.billing-c801e0b9-893b-41f6-b617-68d2896dcb4c.asice#sch/PEPPOL-EN16931-UBL.sch' with Engine [PEPPOL BIS Billing 3.0]
18:13:58 INFO  SchematronXsltChecker - Running Schematron XSTL-based validation
18:13:58 INFO  ValidationInstance - Loading document from stream
18:13:58 INFO  ValidationInstance -   Detected declaration: xml.test (with converter)
18:13:58 INFO  ValidationInstance -   Detected expectation: 2) DE-R-016 If both supplier and customer are German, if one of the VAT codes S, Z, E, AE, K, G, L, or M is used, an invoice shall contain at least one of the following elements: "Seller VAT identifier" (BT-31) or "Seller tax registration identifier" (BT-32) or "SELLER TAX REPRESENTATIVE PARTY" (BG-11).
18:13:58 INFO  ValidationInstance - Validating 'eu.peppol.postaward.v3.billing-c801e0b9-893b-41f6-b617-68d2896dcb4c.asice#sch/PEPPOL-EN16931-UBL.sch' with Engine [PEPPOL BIS Billing 3.0]
18:13:58 INFO  SchematronXsltChecker - Running Schematron XSTL-based validation
18:13:58 INFO  Tester - TestSet '/src/rules/unit-UBL-DE/UBL-IN_DE-R-016.xml'
18:13:58 INFO  ValidationInstance - Loading document from stream
18:13:58 INFO  ValidationInstance -   Detected declaration: xml.testset (with children)
18:13:58 INFO  ValidationInstance - Loading document from stream
18:13:58 INFO  ValidationInstance -   Detected declaration: xml.test (with converter)
18:13:58 INFO  ValidationInstance -   Detected expectation: 1) DE-R-017 If both supplier and customer are German, the element "Invoice type code" (BT-3) should only contain the following values from code list UNTDID 1001: 326 (Partial invoice), 380 (Commercial invoice), 384 (Corrected invoice), 389 (Self-billed invoice), 381 (Credit note), 875 (Partial construction invoice), 876 (Partial final construction invoice), 877 (Final construction invoice).
18:13:58 INFO  ValidationInstance - Validating 'eu.peppol.postaward.v3.billing-c801e0b9-893b-41f6-b617-68d2896dcb4c.asice#sch/PEPPOL-EN16931-UBL.sch' with Engine [PEPPOL BIS Billing 3.0]
18:13:58 INFO  SchematronXsltChecker - Running Schematron XSTL-based validation
18:13:58 INFO  ValidationInstance - Loading document from stream
18:13:58 INFO  ValidationInstance -   Detected declaration: xml.test (with converter)
18:13:58 INFO  ValidationInstance -   Detected expectation: 2) DE-R-017 If both supplier and customer are German, the element "Invoice type code" (BT-3) should only contain the following values from code list UNTDID 1001: 326 (Partial invoice), 380 (Commercial invoice), 384 (Corrected invoice), 389 (Self-billed invoice), 381 (Credit note), 875 (Partial construction invoice), 876 (Partial final construction invoice), 877 (Final construction invoice).
18:13:58 INFO  ValidationInstance - Validating 'eu.peppol.postaward.v3.billing-c801e0b9-893b-41f6-b617-68d2896dcb4c.asice#sch/PEPPOL-EN16931-UBL.sch' with Engine [PEPPOL BIS Billing 3.0]
18:13:58 INFO  SchematronXsltChecker - Running Schematron XSTL-based validation
18:13:58 INFO  ValidationInstance - Loading document from stream
18:13:58 INFO  ValidationInstance -   Detected declaration: xml.test (with converter)
18:13:58 INFO  ValidationInstance -   Detected expectation: 3) DE-R-017 If both supplier and customer are German, the element "Invoice type code" (BT-3) should only contain the following values from code list UNTDID 1001: 326 (Partial invoice), 380 (Commercial invoice), 384 (Corrected invoice), 389 (Self-billed invoice), 381 (Credit note), 875 (Partial construction invoice), 876 (Partial final construction invoice), 877 (Final construction invoice).
18:13:58 INFO  ValidationInstance - Validating 'eu.peppol.postaward.v3.billing-c801e0b9-893b-41f6-b617-68d2896dcb4c.asice#sch/PEPPOL-EN16931-UBL.sch' with Engine [PEPPOL BIS Billing 3.0]
18:13:58 INFO  SchematronXsltChecker - Running Schematron XSTL-based validation
18:13:58 INFO  Tester - TestSet '/src/rules/unit-UBL-DE/UBL-IN_DE-R-017.xml'
18:13:58 INFO  ValidationInstance - Loading document from stream
18:13:58 INFO  ValidationInstance -   Detected declaration: xml.testset (with children)
18:13:58 INFO  ValidationInstance - Loading document from stream
18:13:58 INFO  ValidationInstance -   Detected declaration: xml.test (with converter)
18:13:58 INFO  ValidationInstance -   Detected expectation: 1) DE-R-018 If both supplier and customer are German, information on cash discounts for prompt payment (Skonto) shall be provided within the element "Payment terms" BT-20 in the following way: First segment "SKONTO", second segment amount of days ("TAGE=N"), third segment percentage ("PROZENT=N"). Percentage must be separated by dot with two decimal places. In case the base value of the invoiced amount is not provided in BT-115 but as a partial amount, the base value shall be provided as fourth segment "BASISBETRAG=N" as semantic data type amount. Each entry shall start with a #, the segments must be separated by # and a row shall end with a #. A complete statement on cash discount for prompt payment shall end with a XML-conformant line break. All statements on cash discount for prompt payment shall be given in capital letters. Additional whitespaces (blanks, tabulators or line breaks) are not allowed. Other characters or texts than defined above are not allowed.
18:13:58 INFO  ValidationInstance - Validating 'eu.peppol.postaward.v3.billing-c801e0b9-893b-41f6-b617-68d2896dcb4c.asice#sch/PEPPOL-EN16931-UBL.sch' with Engine [PEPPOL BIS Billing 3.0]
18:13:58 INFO  SchematronXsltChecker - Running Schematron XSTL-based validation
18:13:58 INFO  ValidationInstance - Loading document from stream
18:13:58 INFO  ValidationInstance -   Detected declaration: xml.test (with converter)
18:13:58 INFO  ValidationInstance -   Detected expectation: 2) DE-R-018 If both supplier and customer are German, information on cash discounts for prompt payment (Skonto) shall be provided within the element "Payment terms" BT-20 in the following way: First segment "SKONTO", second segment amount of days ("TAGE=N"), third segment percentage ("PROZENT=N"). Percentage must be separated by dot with two decimal places. In case the base value of the invoiced amount is not provided in BT-115 but as a partial amount, the base value shall be provided as fourth segment "BASISBETRAG=N" as semantic data type amount. Each entry shall start with a #, the segments must be separated by # and a row shall end with a #. A complete statement on cash discount for prompt payment shall end with a XML-conformant line break. All statements on cash discount for prompt payment shall be given in capital letters. Additional whitespaces (blanks, tabulators or line breaks) are not allowed. Other characters or texts than defined above are not allowed.
18:13:58 INFO  ValidationInstance - Validating 'eu.peppol.postaward.v3.billing-c801e0b9-893b-41f6-b617-68d2896dcb4c.asice#sch/PEPPOL-EN16931-UBL.sch' with Engine [PEPPOL BIS Billing 3.0]
18:13:58 INFO  SchematronXsltChecker - Running Schematron XSTL-based validation
18:13:58 INFO  Tester - TestSet '/src/rules/unit-UBL-DE/UBL-IN_DE-R-018.xml'
18:13:58 INFO  ValidationInstance - Loading document from stream
18:13:58 INFO  ValidationInstance -   Detected declaration: xml.testset (with children)
18:13:58 INFO  ValidationInstance - Loading document from stream
18:13:58 INFO  ValidationInstance -   Detected declaration: xml.test (with converter)
18:13:58 INFO  ValidationInstance -   Detected expectation: 1) DE-R-019 unit test
18:13:58 INFO  ValidationInstance - Validating 'eu.peppol.postaward.v3.billing-c801e0b9-893b-41f6-b617-68d2896dcb4c.asice#sch/PEPPOL-EN16931-UBL.sch' with Engine [PEPPOL BIS Billing 3.0]
18:13:58 INFO  SchematronXsltChecker - Running Schematron XSTL-based validation
18:13:58 INFO  ValidationInstance - Loading document from stream
18:13:58 INFO  ValidationInstance -   Detected declaration: xml.test (with converter)
18:13:58 INFO  ValidationInstance -   Detected expectation: 2) DE-R-019 unit test
18:13:58 INFO  ValidationInstance - Validating 'eu.peppol.postaward.v3.billing-c801e0b9-893b-41f6-b617-68d2896dcb4c.asice#sch/PEPPOL-EN16931-UBL.sch' with Engine [PEPPOL BIS Billing 3.0]
18:13:58 INFO  SchematronXsltChecker - Running Schematron XSTL-based validation
18:13:58 INFO  Tester - TestSet '/src/rules/unit-UBL-DE/UBL-IN_DE-R-019.xml'
18:13:58 INFO  ValidationInstance - Loading document from stream
18:13:58 INFO  ValidationInstance -   Detected declaration: xml.testset (with children)
18:13:58 INFO  ValidationInstance - Loading document from stream
18:13:58 INFO  ValidationInstance -   Detected declaration: xml.test (with converter)
18:13:58 INFO  ValidationInstance -   Detected expectation: 1) DE-R-020 unit test
18:13:58 INFO  ValidationInstance - Validating 'eu.peppol.postaward.v3.billing-c801e0b9-893b-41f6-b617-68d2896dcb4c.asice#sch/PEPPOL-EN16931-UBL.sch' with Engine [PEPPOL BIS Billing 3.0]
18:13:58 INFO  SchematronXsltChecker - Running Schematron XSTL-based validation
18:13:58 INFO  ValidationInstance - Loading document from stream
18:13:58 INFO  ValidationInstance -   Detected declaration: xml.test (with converter)
18:13:58 INFO  ValidationInstance -   Detected expectation: 2) DE-R-020 unit test
18:13:58 INFO  ValidationInstance - Validating 'eu.peppol.postaward.v3.billing-c801e0b9-893b-41f6-b617-68d2896dcb4c.asice#sch/PEPPOL-EN16931-UBL.sch' with Engine [PEPPOL BIS Billing 3.0]
18:13:58 INFO  SchematronXsltChecker - Running Schematron XSTL-based validation
18:13:58 INFO  Tester - TestSet '/src/rules/unit-UBL-DE/UBL-IN_DE-R-020.xml'
18:13:58 INFO  ValidationInstance - Loading document from stream
18:13:58 INFO  ValidationInstance -   Detected declaration: xml.testset (with children)
18:13:58 INFO  ValidationInstance - Loading document from stream
18:13:58 INFO  ValidationInstance -   Detected declaration: xml.test (with converter)
18:13:58 INFO  ValidationInstance -   Detected expectation: 1) DE-R-022 If both supplier and customer are German, attached documents provided with an invoice in "ADDITIONAL SUPPORTING DOCUMENTS" (BG-24) shall have a unique filename (non case-sensitive) within the element ″Attached document″ (BT-125).
18:13:58 INFO  ValidationInstance - Validating 'eu.peppol.postaward.v3.billing-c801e0b9-893b-41f6-b617-68d2896dcb4c.asice#sch/PEPPOL-EN16931-UBL.sch' with Engine [PEPPOL BIS Billing 3.0]
18:13:58 INFO  SchematronXsltChecker - Running Schematron XSTL-based validation
18:13:58 INFO  ValidationInstance - Loading document from stream
18:13:58 INFO  ValidationInstance -   Detected declaration: xml.test (with converter)
18:13:58 INFO  ValidationInstance -   Detected expectation: 2) DE-R-022 If both supplier and customer are German, attached documents provided with an invoice in "ADDITIONAL SUPPORTING DOCUMENTS" (BG-24) shall have a unique filename (non case-sensitive) within the element ″Attached document″ (BT-125).
18:13:58 INFO  ValidationInstance - Validating 'eu.peppol.postaward.v3.billing-c801e0b9-893b-41f6-b617-68d2896dcb4c.asice#sch/PEPPOL-EN16931-UBL.sch' with Engine [PEPPOL BIS Billing 3.0]
18:13:58 INFO  SchematronXsltChecker - Running Schematron XSTL-based validation
18:13:58 INFO  Tester - TestSet '/src/rules/unit-UBL-DE/UBL-IN_DE-R-022.xml'
18:13:58 INFO  ValidationInstance - Loading document from stream
18:13:58 INFO  ValidationInstance -   Detected declaration: xml.testset (with children)
18:13:58 INFO  ValidationInstance - Loading document from stream
18:13:58 INFO  ValidationInstance -   Detected declaration: xml.test (with converter)
18:13:58 INFO  ValidationInstance -   Detected expectation: 1) DE-R-023 If both supplier and customer are German, if "Payment means type code" (BT-81) contains a code for credit transfer (30, 58), "CREDIT TRANSFER" (BG-17) shall be provided. BG-18 and BG-19 shall not be provided.
18:13:58 INFO  ValidationInstance - Validating 'eu.peppol.postaward.v3.billing-c801e0b9-893b-41f6-b617-68d2896dcb4c.asice#sch/PEPPOL-EN16931-UBL.sch' with Engine [PEPPOL BIS Billing 3.0]
18:13:58 INFO  SchematronXsltChecker - Running Schematron XSTL-based validation
18:13:58 INFO  ValidationInstance - Loading document from stream
18:13:58 INFO  ValidationInstance -   Detected declaration: xml.test (with converter)
18:13:58 INFO  ValidationInstance -   Detected expectation: 2) DE-R-023 If both supplier and customer are German, if "Payment means type code" (BT-81) contains a code for credit transfer (30, 58), "CREDIT TRANSFER" (BG-17) shall be provided. BG-18 and BG-19 shall not be provided.
18:13:58 INFO  ValidationInstance - Validating 'eu.peppol.postaward.v3.billing-c801e0b9-893b-41f6-b617-68d2896dcb4c.asice#sch/PEPPOL-EN16931-UBL.sch' with Engine [PEPPOL BIS Billing 3.0]
18:13:58 INFO  SchematronXsltChecker - Running Schematron XSTL-based validation
18:13:58 INFO  ValidationInstance - Loading document from stream
18:13:58 INFO  ValidationInstance -   Detected declaration: xml.test (with converter)
18:13:58 INFO  ValidationInstance -   Detected expectation: 3) DE-R-023 If both supplier and customer are German, if "Payment means type code" (BT-81) contains a code for credit transfer (30, 58), "CREDIT TRANSFER" (BG-17) shall be provided. BG-18 and BG-19 shall not be provided.
18:13:58 INFO  ValidationInstance - Validating 'eu.peppol.postaward.v3.billing-c801e0b9-893b-41f6-b617-68d2896dcb4c.asice#sch/PEPPOL-EN16931-UBL.sch' with Engine [PEPPOL BIS Billing 3.0]
18:13:58 INFO  SchematronXsltChecker - Running Schematron XSTL-based validation
18:13:58 INFO  Tester - TestSet '/src/rules/unit-UBL-DE/UBL-IN_DE-R-023.xml'
18:13:58 INFO  ValidationInstance - Loading document from stream
18:13:58 INFO  ValidationInstance -   Detected declaration: xml.testset (with children)
18:13:58 INFO  ValidationInstance - Loading document from stream
18:13:58 INFO  ValidationInstance -   Detected declaration: xml.test (with converter)
18:13:58 INFO  ValidationInstance -   Detected expectation: 1) DE-R-024 If both supplier and customer are German, if "Payment means type code" (BT-81) contains a code for payment card (48, 54, 55), "PAYMENT CARD INFORMATION" (BG-18) shall be provided. BG-17 and BG-19 shall not be provided.
18:13:58 INFO  ValidationInstance - Validating 'eu.peppol.postaward.v3.billing-c801e0b9-893b-41f6-b617-68d2896dcb4c.asice#sch/PEPPOL-EN16931-UBL.sch' with Engine [PEPPOL BIS Billing 3.0]
18:13:58 INFO  SchematronXsltChecker - Running Schematron XSTL-based validation
18:13:58 INFO  ValidationInstance - Loading document from stream
18:13:58 INFO  ValidationInstance -   Detected declaration: xml.test (with converter)
18:13:58 INFO  ValidationInstance -   Detected expectation: 2) DE-R-024 If both supplier and customer are German, if "Payment means type code" (BT-81) contains a code for payment card (48, 54, 55), "PAYMENT CARD INFORMATION" (BG-18) shall be provided. BG-17 and BG-19 shall not be provided.
18:13:58 INFO  ValidationInstance - Validating 'eu.peppol.postaward.v3.billing-c801e0b9-893b-41f6-b617-68d2896dcb4c.asice#sch/PEPPOL-EN16931-UBL.sch' with Engine [PEPPOL BIS Billing 3.0]
18:13:58 INFO  SchematronXsltChecker - Running Schematron XSTL-based validation
18:13:58 INFO  ValidationInstance - Loading document from stream
18:13:58 INFO  ValidationInstance -   Detected declaration: xml.test (with converter)
18:13:58 INFO  ValidationInstance -   Detected expectation: 3) DE-R-024 If both supplier and customer are German, if "Payment means type code" (BT-81) contains a code for payment card (48, 54, 55), "PAYMENT CARD INFORMATION" (BG-18) shall be provided. BG-17 and BG-19 shall not be provided.
18:13:58 INFO  ValidationInstance - Validating 'eu.peppol.postaward.v3.billing-c801e0b9-893b-41f6-b617-68d2896dcb4c.asice#sch/PEPPOL-EN16931-UBL.sch' with Engine [PEPPOL BIS Billing 3.0]
18:13:58 INFO  SchematronXsltChecker - Running Schematron XSTL-based validation
18:13:58 INFO  Tester - TestSet '/src/rules/unit-UBL-DE/UBL-IN_DE-R-024.xml'
18:13:58 INFO  ValidationInstance - Loading document from stream
18:13:58 INFO  ValidationInstance -   Detected declaration: xml.testset (with children)
18:13:59 INFO  ValidationInstance - Loading document from stream
18:13:59 INFO  ValidationInstance -   Detected declaration: xml.test (with converter)
18:13:59 INFO  ValidationInstance -   Detected expectation: 1) DE-R-025 If both supplier and customer are German, if "Payment means type code" (BT-81) contains a code for direct debit (59), "DIRECT DEBIT" (BG-19) shall be provided. BG-17 and BG-18 shall not be provided.
18:13:59 INFO  ValidationInstance - Validating 'eu.peppol.postaward.v3.billing-c801e0b9-893b-41f6-b617-68d2896dcb4c.asice#sch/PEPPOL-EN16931-UBL.sch' with Engine [PEPPOL BIS Billing 3.0]
18:13:59 INFO  SchematronXsltChecker - Running Schematron XSTL-based validation
18:13:59 INFO  ValidationInstance - Loading document from stream
18:13:59 INFO  ValidationInstance -   Detected declaration: xml.test (with converter)
18:13:59 INFO  ValidationInstance -   Detected expectation: 2) DE-R-025 If both supplier and customer are German, if "Payment means type code" (BT-81) contains a code for direct debit (59), "DIRECT DEBIT" (BG-19) shall be provided. BG-17 and BG-18 shall not be provided.
18:13:59 INFO  ValidationInstance - Validating 'eu.peppol.postaward.v3.billing-c801e0b9-893b-41f6-b617-68d2896dcb4c.asice#sch/PEPPOL-EN16931-UBL.sch' with Engine [PEPPOL BIS Billing 3.0]
18:13:59 INFO  SchematronXsltChecker - Running Schematron XSTL-based validation
18:13:59 INFO  ValidationInstance - Loading document from stream
18:13:59 INFO  ValidationInstance -   Detected declaration: xml.test (with converter)
18:13:59 INFO  ValidationInstance -   Detected expectation: 3) DE-R-025 If both supplier and customer are German, if "Payment means type code" (BT-81) contains a code for direct debit (59), "DIRECT DEBIT" (BG-19) shall be provided. BG-17 and BG-18 shall not be provided.
18:13:59 INFO  ValidationInstance - Validating 'eu.peppol.postaward.v3.billing-c801e0b9-893b-41f6-b617-68d2896dcb4c.asice#sch/PEPPOL-EN16931-UBL.sch' with Engine [PEPPOL BIS Billing 3.0]
18:13:59 INFO  SchematronXsltChecker - Running Schematron XSTL-based validation
18:13:59 INFO  Tester - TestSet '/src/rules/unit-UBL-DE/UBL-IN_DE-R-025.xml'
18:13:59 INFO  ValidationInstance - Loading document from stream
18:13:59 INFO  ValidationInstance -   Detected declaration: xml.testset (with children)
18:13:59 INFO  ValidationInstance - Loading document from stream
18:13:59 INFO  ValidationInstance -   Detected declaration: xml.test (with converter)
18:13:59 INFO  ValidationInstance -   Detected expectation: 1) DE-R-026 If both supplier and customer are German, if "Invoice type code" (BT-3) contains the code 384 (Corrected invoice), "PRECEDING INVOICE REFERENCE" (BG-3) should be provided at least once.
18:13:59 INFO  ValidationInstance - Validating 'eu.peppol.postaward.v3.billing-c801e0b9-893b-41f6-b617-68d2896dcb4c.asice#sch/PEPPOL-EN16931-UBL.sch' with Engine [PEPPOL BIS Billing 3.0]
18:13:59 INFO  SchematronXsltChecker - Running Schematron XSTL-based validation
18:13:59 INFO  ValidationInstance - Loading document from stream
18:13:59 INFO  ValidationInstance -   Detected declaration: xml.test (with converter)
18:13:59 INFO  ValidationInstance -   Detected expectation: 2) DE-R-026 If both supplier and customer are German, if "Invoice type code" (BT-3) contains the code 384 (Corrected invoice), "PRECEDING INVOICE REFERENCE" (BG-3) should be provided at least once.
18:13:59 INFO  ValidationInstance - Validating 'eu.peppol.postaward.v3.billing-c801e0b9-893b-41f6-b617-68d2896dcb4c.asice#sch/PEPPOL-EN16931-UBL.sch' with Engine [PEPPOL BIS Billing 3.0]
18:13:59 INFO  SchematronXsltChecker - Running Schematron XSTL-based validation
18:13:59 INFO  Tester - TestSet '/src/rules/unit-UBL-DE/UBL-IN_DE-R-026.xml'
18:13:59 INFO  ValidationInstance - Loading document from stream
18:13:59 INFO  ValidationInstance -   Detected declaration: xml.testset (with children)
18:13:59 INFO  ValidationInstance - Loading document from stream
18:13:59 INFO  ValidationInstance -   Detected declaration: xml.test (with converter)
18:13:59 INFO  ValidationInstance -   Detected expectation: 1) DE-R-027 If both supplier and customer are German, "Seller contact telephone number" (BT-42) should contain a valid telephone number. A valid telephone should consist of 3 digits minimum.
18:13:59 INFO  ValidationInstance - Validating 'eu.peppol.postaward.v3.billing-c801e0b9-893b-41f6-b617-68d2896dcb4c.asice#sch/PEPPOL-EN16931-UBL.sch' with Engine [PEPPOL BIS Billing 3.0]
18:13:59 INFO  SchematronXsltChecker - Running Schematron XSTL-based validation
18:13:59 INFO  ValidationInstance - Loading document from stream
18:13:59 INFO  ValidationInstance -   Detected declaration: xml.test (with converter)
18:13:59 INFO  ValidationInstance -   Detected expectation: 2) DE-R-027 If both supplier and customer are German, "Seller contact telephone number" (BT-42) should contain a valid telephone number. A valid telephone should consist of 3 digits minimum.
18:13:59 INFO  ValidationInstance - Validating 'eu.peppol.postaward.v3.billing-c801e0b9-893b-41f6-b617-68d2896dcb4c.asice#sch/PEPPOL-EN16931-UBL.sch' with Engine [PEPPOL BIS Billing 3.0]
18:13:59 INFO  SchematronXsltChecker - Running Schematron XSTL-based validation
18:13:59 INFO  ValidationInstance - Loading document from stream
18:13:59 INFO  ValidationInstance -   Detected declaration: xml.test (with converter)
18:13:59 INFO  ValidationInstance -   Detected expectation: 3) DE-R-027 If both supplier and customer are German, "Seller contact telephone number" (BT-42) should contain a valid telephone number. A valid telephone should consist of 3 digits minimum.
18:13:59 INFO  ValidationInstance - Validating 'eu.peppol.postaward.v3.billing-c801e0b9-893b-41f6-b617-68d2896dcb4c.asice#sch/PEPPOL-EN16931-UBL.sch' with Engine [PEPPOL BIS Billing 3.0]
18:13:59 INFO  SchematronXsltChecker - Running Schematron XSTL-based validation
18:13:59 INFO  Tester - TestSet '/src/rules/unit-UBL-DE/UBL-IN_DE-R-027.xml'
18:13:59 INFO  ValidationInstance - Loading document from stream
18:13:59 INFO  ValidationInstance -   Detected declaration: xml.testset (with children)
18:13:59 INFO  ValidationInstance - Loading document from stream
18:13:59 INFO  ValidationInstance -   Detected declaration: xml.test (with converter)
18:13:59 INFO  ValidationInstance -   Detected expectation: 1) DE-R-028 If both supplier and customer are German, "Seller contact email address" (BT-43) should contain exactly one @-sign, which should not be framed by a whitespace or a dot but by at least two characters on each side. A dot should not be the first or last character.
18:13:59 INFO  ValidationInstance - Validating 'eu.peppol.postaward.v3.billing-c801e0b9-893b-41f6-b617-68d2896dcb4c.asice#sch/PEPPOL-EN16931-UBL.sch' with Engine [PEPPOL BIS Billing 3.0]
18:13:59 INFO  SchematronXsltChecker - Running Schematron XSTL-based validation
18:13:59 INFO  ValidationInstance - Loading document from stream
18:13:59 INFO  ValidationInstance -   Detected declaration: xml.test (with converter)
18:13:59 INFO  ValidationInstance -   Detected expectation: 2) DE-R-028 If both supplier and customer are German, "Seller contact email address" (BT-43) should contain exactly one @-sign, which should not be framed by a whitespace or a dot but by at least two characters on each side. A dot should not be the first or last character.
18:13:59 INFO  ValidationInstance - Validating 'eu.peppol.postaward.v3.billing-c801e0b9-893b-41f6-b617-68d2896dcb4c.asice#sch/PEPPOL-EN16931-UBL.sch' with Engine [PEPPOL BIS Billing 3.0]
18:13:59 INFO  SchematronXsltChecker - Running Schematron XSTL-based validation
18:13:59 INFO  ValidationInstance - Loading document from stream
18:13:59 INFO  ValidationInstance -   Detected declaration: xml.test (with converter)
18:13:59 INFO  ValidationInstance -   Detected expectation: 3) DE-R-028 If both supplier and customer are German, "Seller contact email address" (BT-43) should contain exactly one @-sign, which should not be framed by a whitespace or a dot but by at least two characters on each side. A dot should not be the first or last character.
18:13:59 INFO  ValidationInstance - Validating 'eu.peppol.postaward.v3.billing-c801e0b9-893b-41f6-b617-68d2896dcb4c.asice#sch/PEPPOL-EN16931-UBL.sch' with Engine [PEPPOL BIS Billing 3.0]
18:13:59 INFO  SchematronXsltChecker - Running Schematron XSTL-based validation
18:13:59 INFO  Tester - TestSet '/src/rules/unit-UBL-DE/UBL-IN_DE-R-028.xml'
18:13:59 INFO  ValidationInstance - Loading document from stream
18:13:59 INFO  ValidationInstance -   Detected declaration: xml.testset (with children)
18:13:59 INFO  ValidationInstance - Loading document from stream
18:13:59 INFO  ValidationInstance -   Detected declaration: xml.test (with converter)
18:13:59 INFO  ValidationInstance -   Detected expectation: 1) DE-R-030 If both supplier and customer are German, if the group "DIRECT DEBIT" (BG-19) is delivered, the element "Bank assigned creditor identifier" (BT-90) shall be provided.
18:13:59 INFO  ValidationInstance - Validating 'eu.peppol.postaward.v3.billing-c801e0b9-893b-41f6-b617-68d2896dcb4c.asice#sch/PEPPOL-EN16931-UBL.sch' with Engine [PEPPOL BIS Billing 3.0]
18:13:59 INFO  SchematronXsltChecker - Running Schematron XSTL-based validation
18:13:59 INFO  ValidationInstance - Loading document from stream
18:13:59 INFO  ValidationInstance -   Detected declaration: xml.test (with converter)
18:13:59 INFO  ValidationInstance -   Detected expectation: 2) DE-R-030 If both supplier and customer are German, if the group "DIRECT DEBIT" (BG-19) is delivered, the element "Bank assigned creditor identifier" (BT-90) shall be provided.
18:13:59 INFO  ValidationInstance - Validating 'eu.peppol.postaward.v3.billing-c801e0b9-893b-41f6-b617-68d2896dcb4c.asice#sch/PEPPOL-EN16931-UBL.sch' with Engine [PEPPOL BIS Billing 3.0]
18:13:59 INFO  SchematronXsltChecker - Running Schematron XSTL-based validation
18:13:59 INFO  Tester - TestSet '/src/rules/unit-UBL-DE/UBL-IN_DE-R-030.xml'
18:13:59 INFO  ValidationInstance - Loading document from stream
18:13:59 INFO  ValidationInstance -   Detected declaration: xml.testset (with children)
18:13:59 INFO  ValidationInstance - Loading document from stream
18:13:59 INFO  ValidationInstance -   Detected declaration: xml.test (with converter)
18:13:59 INFO  ValidationInstance -   Detected expectation: 1) DE-R-031 If both supplier and customer are German, if the group "DIRECT DEBIT" (BG-19) is delivered, the element "Debited account identifier" (BT-91) shall be provided.
18:13:59 INFO  ValidationInstance - Validating 'eu.peppol.postaward.v3.billing-c801e0b9-893b-41f6-b617-68d2896dcb4c.asice#sch/PEPPOL-EN16931-UBL.sch' with Engine [PEPPOL BIS Billing 3.0]
18:13:59 INFO  SchematronXsltChecker - Running Schematron XSTL-based validation
18:13:59 INFO  ValidationInstance - Loading document from stream
18:13:59 INFO  ValidationInstance -   Detected declaration: xml.test (with converter)
18:13:59 INFO  ValidationInstance -   Detected expectation: 2) DE-R-031 If both supplier and customer are German, if the group "DIRECT DEBIT" (BG-19) is delivered, the element "Debited account identifier" (BT-91) shall be provided.
18:13:59 INFO  ValidationInstance - Validating 'eu.peppol.postaward.v3.billing-c801e0b9-893b-41f6-b617-68d2896dcb4c.asice#sch/PEPPOL-EN16931-UBL.sch' with Engine [PEPPOL BIS Billing 3.0]
18:13:59 INFO  SchematronXsltChecker - Running Schematron XSTL-based validation
18:13:59 INFO  Tester - TestSet '/src/rules/unit-UBL-DE/UBL-IN_DE-R-031.xml'
18:13:59 INFO  ValidationInstance - Loading document from stream
18:13:59 INFO  ValidationInstance -   Detected declaration: xml.testset (with children)
18:13:59 INFO  ValidationInstance - Loading document from stream
18:13:59 INFO  ValidationInstance -   Detected declaration: xml.test (with converter)
18:13:59 INFO  ValidationInstance -   Detected expectation: 1) If both supplier and customer are German, BT-124 "External document location" must contain an absolute URL with valid scheme.
18:13:59 INFO  ValidationInstance - Validating 'eu.peppol.postaward.v3.billing-c801e0b9-893b-41f6-b617-68d2896dcb4c.asice#sch/PEPPOL-EN16931-UBL.sch' with Engine [PEPPOL BIS Billing 3.0]
18:13:59 INFO  SchematronXsltChecker - Running Schematron XSTL-based validation
18:13:59 INFO  ValidationInstance - Loading document from stream
18:13:59 INFO  ValidationInstance -   Detected declaration: xml.test (with converter)
18:13:59 INFO  ValidationInstance -   Detected expectation: 2) If both supplier and customer are German, BT-124 "External document location" must contain an absolute URL with valid scheme.
18:13:59 INFO  ValidationInstance - Validating 'eu.peppol.postaward.v3.billing-c801e0b9-893b-41f6-b617-68d2896dcb4c.asice#sch/PEPPOL-EN16931-UBL.sch' with Engine [PEPPOL BIS Billing 3.0]
18:13:59 INFO  SchematronXsltChecker - Running Schematron XSTL-based validation
18:13:59 INFO  ValidationInstance - Loading document from stream
18:13:59 INFO  ValidationInstance -   Detected declaration: xml.test (with converter)
18:13:59 INFO  ValidationInstance -   Detected expectation: 3) If both supplier and customer are German, BT-124 "External document location" must contain an absolute URL with valid scheme.
18:13:59 INFO  ValidationInstance - Validating 'eu.peppol.postaward.v3.billing-c801e0b9-893b-41f6-b617-68d2896dcb4c.asice#sch/PEPPOL-EN16931-UBL.sch' with Engine [PEPPOL BIS Billing 3.0]
18:13:59 INFO  SchematronXsltChecker - Running Schematron XSTL-based validation
18:13:59 INFO  ValidationInstance - Loading document from stream
18:13:59 INFO  ValidationInstance -   Detected declaration: xml.test (with converter)
18:13:59 INFO  ValidationInstance -   Detected expectation: 4) If both supplier and customer are German, BT-124 "External document location" must contain an absolute URL with valid scheme.
18:13:59 INFO  ValidationInstance - Validating 'eu.peppol.postaward.v3.billing-c801e0b9-893b-41f6-b617-68d2896dcb4c.asice#sch/PEPPOL-EN16931-UBL.sch' with Engine [PEPPOL BIS Billing 3.0]
18:13:59 INFO  SchematronXsltChecker - Running Schematron XSTL-based validation
18:13:59 INFO  ValidationInstance - Loading document from stream
18:13:59 INFO  ValidationInstance -   Detected declaration: xml.test (with converter)
18:13:59 INFO  ValidationInstance -   Detected expectation: 5) If both supplier and customer are German, BT-124 "External document location" must contain an absolute URL with valid scheme.
18:13:59 INFO  ValidationInstance - Validating 'eu.peppol.postaward.v3.billing-c801e0b9-893b-41f6-b617-68d2896dcb4c.asice#sch/PEPPOL-EN16931-UBL.sch' with Engine [PEPPOL BIS Billing 3.0]
18:13:59 INFO  SchematronXsltChecker - Running Schematron XSTL-based validation
18:13:59 INFO  Tester - TestSet '/src/rules/unit-UBL-DE/UBL-IN_DE-R-T02.xml'
18:13:59 INFO  ValidationInstance - Loading document from stream
18:13:59 INFO  ValidationInstance -   Detected declaration: xml.testset (with children)
18:13:59 INFO  ValidationInstance - Loading document from stream
18:13:59 INFO  ValidationInstance -   Detected declaration: xml.test (with converter)
18:13:59 INFO  ValidationInstance -   Detected expectation: 1) For Swedish suppliers, Swedish VAT-numbers must consist of 14 characters 
18:13:59 INFO  ValidationInstance - Validating 'eu.peppol.postaward.v3.billing-c801e0b9-893b-41f6-b617-68d2896dcb4c.asice#sch/PEPPOL-EN16931-UBL.sch' with Engine [PEPPOL BIS Billing 3.0]
18:13:59 INFO  SchematronXsltChecker - Running Schematron XSTL-based validation
18:13:59 INFO  ValidationInstance - Loading document from stream
18:13:59 INFO  ValidationInstance -   Detected declaration: xml.test (with converter)
18:13:59 INFO  ValidationInstance -   Detected expectation: 2) For Swedish suppliers, Swedish VAT-numbers must consist of 14 characters 
18:13:59 INFO  ValidationInstance - Validating 'eu.peppol.postaward.v3.billing-c801e0b9-893b-41f6-b617-68d2896dcb4c.asice#sch/PEPPOL-EN16931-UBL.sch' with Engine [PEPPOL BIS Billing 3.0]
18:13:59 INFO  SchematronXsltChecker - Running Schematron XSTL-based validation
18:13:59 INFO  Tester - TestSet '/src/rules/unit-UBL-SE/UBL-CN_SE-R-001.xml'
18:13:59 INFO  ValidationInstance - Loading document from stream
18:13:59 INFO  ValidationInstance -   Detected declaration: xml.testset (with children)
18:13:59 INFO  ValidationInstance - Loading document from stream
18:13:59 INFO  ValidationInstance -   Detected declaration: xml.test (with converter)
18:13:59 INFO  ValidationInstance -   Detected expectation: 1) SE VAT-numbers must have the trailing 12 characters in numeric form
18:13:59 INFO  ValidationInstance - Validating 'eu.peppol.postaward.v3.billing-c801e0b9-893b-41f6-b617-68d2896dcb4c.asice#sch/PEPPOL-EN16931-UBL.sch' with Engine [PEPPOL BIS Billing 3.0]
18:13:59 INFO  SchematronXsltChecker - Running Schematron XSTL-based validation
18:13:59 INFO  ValidationInstance - Loading document from stream
18:13:59 INFO  ValidationInstance -   Detected declaration: xml.test (with converter)
18:13:59 INFO  ValidationInstance -   Detected expectation: 2) SE VAT-numbers must have the trailing 12 characters in numeric form
18:13:59 INFO  ValidationInstance - Validating 'eu.peppol.postaward.v3.billing-c801e0b9-893b-41f6-b617-68d2896dcb4c.asice#sch/PEPPOL-EN16931-UBL.sch' with Engine [PEPPOL BIS Billing 3.0]
18:13:59 INFO  SchematronXsltChecker - Running Schematron XSTL-based validation
18:13:59 INFO  Tester - TestSet '/src/rules/unit-UBL-SE/UBL-CN_SE-R-002.xml'
18:13:59 INFO  ValidationInstance - Loading document from stream
18:13:59 INFO  ValidationInstance -   Detected declaration: xml.testset (with children)
18:14:00 INFO  ValidationInstance - Loading document from stream
18:14:00 INFO  ValidationInstance -   Detected declaration: xml.test (with converter)
18:14:00 INFO  ValidationInstance -   Detected expectation: 1) Swedish organisation numbers should be numeric
18:14:00 INFO  ValidationInstance - Validating 'eu.peppol.postaward.v3.billing-c801e0b9-893b-41f6-b617-68d2896dcb4c.asice#sch/PEPPOL-EN16931-UBL.sch' with Engine [PEPPOL BIS Billing 3.0]
18:14:00 INFO  SchematronXsltChecker - Running Schematron XSTL-based validation
18:14:00 INFO  ValidationInstance - Loading document from stream
18:14:00 INFO  ValidationInstance -   Detected declaration: xml.test (with converter)
18:14:00 INFO  ValidationInstance -   Detected expectation: 2) Swedish organisation numbers should be numeric
18:14:00 INFO  ValidationInstance - Validating 'eu.peppol.postaward.v3.billing-c801e0b9-893b-41f6-b617-68d2896dcb4c.asice#sch/PEPPOL-EN16931-UBL.sch' with Engine [PEPPOL BIS Billing 3.0]
18:14:00 INFO  SchematronXsltChecker - Running Schematron XSTL-based validation
18:14:00 INFO  Tester - TestSet '/src/rules/unit-UBL-SE/UBL-CN_SE-R-003.xml'
18:14:00 INFO  ValidationInstance - Loading document from stream
18:14:00 INFO  ValidationInstance -   Detected declaration: xml.testset (with children)
18:14:00 INFO  ValidationInstance - Loading document from stream
18:14:00 INFO  ValidationInstance -   Detected declaration: xml.test (with converter)
18:14:00 INFO  ValidationInstance -   Detected expectation: 1) SE Swedish organisation numbers consist of 10 characters
18:14:00 INFO  ValidationInstance - Validating 'eu.peppol.postaward.v3.billing-c801e0b9-893b-41f6-b617-68d2896dcb4c.asice#sch/PEPPOL-EN16931-UBL.sch' with Engine [PEPPOL BIS Billing 3.0]
18:14:00 INFO  SchematronXsltChecker - Running Schematron XSTL-based validation
18:14:00 INFO  ValidationInstance - Loading document from stream
18:14:00 INFO  ValidationInstance -   Detected declaration: xml.test (with converter)
18:14:00 INFO  ValidationInstance -   Detected expectation: 2) SE Swedish organisation numbers consist of 10 characters
18:14:00 INFO  ValidationInstance - Validating 'eu.peppol.postaward.v3.billing-c801e0b9-893b-41f6-b617-68d2896dcb4c.asice#sch/PEPPOL-EN16931-UBL.sch' with Engine [PEPPOL BIS Billing 3.0]
18:14:00 INFO  SchematronXsltChecker - Running Schematron XSTL-based validation
18:14:00 INFO  Tester - TestSet '/src/rules/unit-UBL-SE/UBL-CN_SE-R-004.xml'
18:14:00 INFO  ValidationInstance - Loading document from stream
18:14:00 INFO  ValidationInstance -   Detected declaration: xml.testset (with children)
18:14:00 INFO  ValidationInstance - Loading document from stream
18:14:00 INFO  ValidationInstance -   Detected declaration: xml.test (with converter)
18:14:00 INFO  ValidationInstance -   Detected expectation: 1) SE 'Godkänd för F-skatt' must be stated
18:14:00 INFO  ValidationInstance - Validating 'eu.peppol.postaward.v3.billing-c801e0b9-893b-41f6-b617-68d2896dcb4c.asice#sch/PEPPOL-EN16931-UBL.sch' with Engine [PEPPOL BIS Billing 3.0]
18:14:00 INFO  SchematronXsltChecker - Running Schematron XSTL-based validation
18:14:00 INFO  ValidationInstance - Loading document from stream
18:14:00 INFO  ValidationInstance -   Detected declaration: xml.test (with converter)
18:14:00 INFO  ValidationInstance -   Detected expectation: 2) SE 'Godkänd för F-skatt' must be stated
18:14:00 INFO  ValidationInstance - Validating 'eu.peppol.postaward.v3.billing-c801e0b9-893b-41f6-b617-68d2896dcb4c.asice#sch/PEPPOL-EN16931-UBL.sch' with Engine [PEPPOL BIS Billing 3.0]
18:14:00 INFO  SchematronXsltChecker - Running Schematron XSTL-based validation
18:14:00 INFO  Tester - TestSet '/src/rules/unit-UBL-SE/UBL-CN_SE-R-005.xml'
18:14:00 INFO  ValidationInstance - Loading document from stream
18:14:00 INFO  ValidationInstance -   Detected declaration: xml.testset (with children)
18:14:00 INFO  ValidationInstance - Loading document from stream
18:14:00 INFO  ValidationInstance -   Detected declaration: xml.test (with converter)
18:14:00 INFO  ValidationInstance -   Detected expectation: 1) SE For Swedish suppliers, only standard VAT rate of 6, 12 or 25 are used
18:14:00 INFO  ValidationInstance - Validating 'eu.peppol.postaward.v3.billing-c801e0b9-893b-41f6-b617-68d2896dcb4c.asice#sch/PEPPOL-EN16931-UBL.sch' with Engine [PEPPOL BIS Billing 3.0]
18:14:00 INFO  SchematronXsltChecker - Running Schematron XSTL-based validation
18:14:00 INFO  ValidationInstance - Loading document from stream
18:14:00 INFO  ValidationInstance -   Detected declaration: xml.test (with converter)
18:14:00 INFO  ValidationInstance -   Detected expectation: 2) SE For Swedish suppliers, only standard VAT rate of 6, 12 or 25 are used
18:14:00 INFO  ValidationInstance - Validating 'eu.peppol.postaward.v3.billing-c801e0b9-893b-41f6-b617-68d2896dcb4c.asice#sch/PEPPOL-EN16931-UBL.sch' with Engine [PEPPOL BIS Billing 3.0]
18:14:00 INFO  SchematronXsltChecker - Running Schematron XSTL-based validation
18:14:00 INFO  Tester - TestSet '/src/rules/unit-UBL-SE/UBL-CN_SE-R-006.xml'
18:14:00 INFO  ValidationInstance - Loading document from stream
18:14:00 INFO  ValidationInstance -   Detected declaration: xml.testset (with children)
18:14:00 INFO  ValidationInstance - Loading document from stream
18:14:00 INFO  ValidationInstance -   Detected declaration: xml.test (with converter)
18:14:00 INFO  ValidationInstance -   Detected expectation: 1) For Swedish suppliers using Plusgiro, the Account ID must be numeric
18:14:00 INFO  ValidationInstance - Validating 'eu.peppol.postaward.v3.billing-c801e0b9-893b-41f6-b617-68d2896dcb4c.asice#sch/PEPPOL-EN16931-UBL.sch' with Engine [PEPPOL BIS Billing 3.0]
18:14:00 INFO  SchematronXsltChecker - Running Schematron XSTL-based validation
18:14:00 INFO  ValidationInstance - Loading document from stream
18:14:00 INFO  ValidationInstance -   Detected declaration: xml.test (with converter)
18:14:00 INFO  ValidationInstance -   Detected expectation: 2) For Swedish suppliers using Plusgiro, the Account ID must be numeric
18:14:00 INFO  ValidationInstance - Validating 'eu.peppol.postaward.v3.billing-c801e0b9-893b-41f6-b617-68d2896dcb4c.asice#sch/PEPPOL-EN16931-UBL.sch' with Engine [PEPPOL BIS Billing 3.0]
18:14:00 INFO  SchematronXsltChecker - Running Schematron XSTL-based validation
18:14:00 INFO  Tester - TestSet '/src/rules/unit-UBL-SE/UBL-CN_SE-R-007.xml'
18:14:00 INFO  ValidationInstance - Loading document from stream
18:14:00 INFO  ValidationInstance -   Detected declaration: xml.testset (with children)
18:14:00 INFO  ValidationInstance - Loading document from stream
18:14:00 INFO  ValidationInstance -   Detected declaration: xml.test (with converter)
18:14:00 INFO  ValidationInstance -   Detected expectation: 1) For Swedish suppliers using Bankgiro, the Account ID must be numeric
18:14:00 INFO  ValidationInstance - Validating 'eu.peppol.postaward.v3.billing-c801e0b9-893b-41f6-b617-68d2896dcb4c.asice#sch/PEPPOL-EN16931-UBL.sch' with Engine [PEPPOL BIS Billing 3.0]
18:14:00 INFO  SchematronXsltChecker - Running Schematron XSTL-based validation
18:14:00 INFO  ValidationInstance - Loading document from stream
18:14:00 INFO  ValidationInstance -   Detected declaration: xml.test (with converter)
18:14:00 INFO  ValidationInstance -   Detected expectation: 2) For Swedish suppliers using Bankgiro, the Account ID must be numeric
18:14:00 INFO  ValidationInstance - Validating 'eu.peppol.postaward.v3.billing-c801e0b9-893b-41f6-b617-68d2896dcb4c.asice#sch/PEPPOL-EN16931-UBL.sch' with Engine [PEPPOL BIS Billing 3.0]
18:14:00 INFO  SchematronXsltChecker - Running Schematron XSTL-based validation
18:14:00 INFO  Tester - TestSet '/src/rules/unit-UBL-SE/UBL-CN_SE-R-008.xml'
18:14:00 INFO  ValidationInstance - Loading document from stream
18:14:00 INFO  ValidationInstance -   Detected declaration: xml.testset (with children)
18:14:00 INFO  ValidationInstance - Loading document from stream
18:14:00 INFO  ValidationInstance -   Detected declaration: xml.test (with converter)
18:14:00 INFO  ValidationInstance -   Detected expectation: 1) For Swedish suppliers using Bankgiro, the Account ID must have 7-8 characters
18:14:00 INFO  ValidationInstance - Validating 'eu.peppol.postaward.v3.billing-c801e0b9-893b-41f6-b617-68d2896dcb4c.asice#sch/PEPPOL-EN16931-UBL.sch' with Engine [PEPPOL BIS Billing 3.0]
18:14:00 INFO  SchematronXsltChecker - Running Schematron XSTL-based validation
18:14:00 INFO  ValidationInstance - Loading document from stream
18:14:00 INFO  ValidationInstance -   Detected declaration: xml.test (with converter)
18:14:00 INFO  ValidationInstance -   Detected expectation: 2) For Swedish suppliers using Bankgiro, the Account ID must have 7-8 characters
18:14:00 INFO  ValidationInstance - Validating 'eu.peppol.postaward.v3.billing-c801e0b9-893b-41f6-b617-68d2896dcb4c.asice#sch/PEPPOL-EN16931-UBL.sch' with Engine [PEPPOL BIS Billing 3.0]
18:14:00 INFO  SchematronXsltChecker - Running Schematron XSTL-based validation
18:14:00 INFO  Tester - TestSet '/src/rules/unit-UBL-SE/UBL-CN_SE-R-009.xml'
18:14:00 INFO  ValidationInstance - Loading document from stream
18:14:00 INFO  ValidationInstance -   Detected declaration: xml.testset (with children)
18:14:00 INFO  ValidationInstance - Loading document from stream
18:14:00 INFO  ValidationInstance -   Detected declaration: xml.test (with converter)
18:14:00 INFO  ValidationInstance -   Detected expectation: 1) For Swedish suppliers using Plusgiro, the Account ID must have 2-8 characteres
18:14:00 INFO  ValidationInstance - Validating 'eu.peppol.postaward.v3.billing-c801e0b9-893b-41f6-b617-68d2896dcb4c.asice#sch/PEPPOL-EN16931-UBL.sch' with Engine [PEPPOL BIS Billing 3.0]
18:14:00 INFO  SchematronXsltChecker - Running Schematron XSTL-based validation
18:14:00 INFO  ValidationInstance - Loading document from stream
18:14:00 INFO  ValidationInstance -   Detected declaration: xml.test (with converter)
18:14:00 INFO  ValidationInstance -   Detected expectation: 2) For Swedish suppliers using Plusgiro, the Account ID must have 2-8 characteres
18:14:00 INFO  ValidationInstance - Validating 'eu.peppol.postaward.v3.billing-c801e0b9-893b-41f6-b617-68d2896dcb4c.asice#sch/PEPPOL-EN16931-UBL.sch' with Engine [PEPPOL BIS Billing 3.0]
18:14:00 INFO  SchematronXsltChecker - Running Schematron XSTL-based validation
18:14:00 INFO  Tester - TestSet '/src/rules/unit-UBL-SE/UBL-CN_SE-R-010.xml'
18:14:00 INFO  ValidationInstance - Loading document from stream
18:14:00 INFO  ValidationInstance -   Detected declaration: xml.testset (with children)
18:14:00 INFO  ValidationInstance - Loading document from stream
18:14:00 INFO  ValidationInstance -   Detected declaration: xml.test (with converter)
18:14:00 INFO  ValidationInstance -   Detected expectation: 1) SE code for SE:BANKGIRO or SE:PLUSGIRO 
18:14:00 INFO  ValidationInstance - Validating 'eu.peppol.postaward.v3.billing-c801e0b9-893b-41f6-b617-68d2896dcb4c.asice#sch/PEPPOL-EN16931-UBL.sch' with Engine [PEPPOL BIS Billing 3.0]
18:14:00 INFO  SchematronXsltChecker - Running Schematron XSTL-based validation
18:14:00 INFO  ValidationInstance - Loading document from stream
18:14:00 INFO  ValidationInstance -   Detected declaration: xml.test (with converter)
18:14:00 INFO  ValidationInstance -   Detected expectation: 2) SE code for SE:BANKGIRO or SE:PLUSGIRO 
18:14:00 INFO  ValidationInstance - Validating 'eu.peppol.postaward.v3.billing-c801e0b9-893b-41f6-b617-68d2896dcb4c.asice#sch/PEPPOL-EN16931-UBL.sch' with Engine [PEPPOL BIS Billing 3.0]
18:14:00 INFO  SchematronXsltChecker - Running Schematron XSTL-based validation
18:14:00 INFO  Tester - TestSet '/src/rules/unit-UBL-SE/UBL-CN_SE-R-011.xml'
18:14:00 INFO  ValidationInstance - Loading document from stream
18:14:00 INFO  ValidationInstance -   Detected declaration: xml.testset (with children)
18:14:00 INFO  ValidationInstance - Loading document from stream
18:14:00 INFO  ValidationInstance -   Detected declaration: xml.test (with converter)
18:14:00 INFO  ValidationInstance -   Detected expectation: 1) Swedish VAT-numbers must consist of 14 characters.
18:14:00 INFO  ValidationInstance - Validating 'eu.peppol.postaward.v3.billing-c801e0b9-893b-41f6-b617-68d2896dcb4c.asice#sch/PEPPOL-EN16931-UBL.sch' with Engine [PEPPOL BIS Billing 3.0]
18:14:00 INFO  SchematronXsltChecker - Running Schematron XSTL-based validation
18:14:00 INFO  ValidationInstance - Loading document from stream
18:14:00 INFO  ValidationInstance -   Detected declaration: xml.test (with converter)
18:14:00 INFO  ValidationInstance -   Detected expectation: 2) Swedish VAT-numbers must consist of 14 characters.
18:14:00 INFO  ValidationInstance - Validating 'eu.peppol.postaward.v3.billing-c801e0b9-893b-41f6-b617-68d2896dcb4c.asice#sch/PEPPOL-EN16931-UBL.sch' with Engine [PEPPOL BIS Billing 3.0]
18:14:00 INFO  SchematronXsltChecker - Running Schematron XSTL-based validation
18:14:00 INFO  Tester - TestSet '/src/rules/unit-UBL-SE/UBL-IN_SE-R-001.xml'
18:14:00 INFO  ValidationInstance - Loading document from stream
18:14:00 INFO  ValidationInstance -   Detected declaration: xml.testset (with children)
18:14:00 INFO  ValidationInstance - Loading document from stream
18:14:00 INFO  ValidationInstance -   Detected declaration: xml.test (with converter)
18:14:00 INFO  ValidationInstance -   Detected expectation: 1) Swedish VAT-numbers must have the trailing 12 characters in numeric form
18:14:00 INFO  ValidationInstance - Validating 'eu.peppol.postaward.v3.billing-c801e0b9-893b-41f6-b617-68d2896dcb4c.asice#sch/PEPPOL-EN16931-UBL.sch' with Engine [PEPPOL BIS Billing 3.0]
18:14:00 INFO  SchematronXsltChecker - Running Schematron XSTL-based validation
18:14:00 INFO  ValidationInstance - Loading document from stream
18:14:00 INFO  ValidationInstance -   Detected declaration: xml.test (with converter)
18:14:00 INFO  ValidationInstance -   Detected expectation: 2) Swedish VAT-numbers must have the trailing 12 characters in numeric form
18:14:00 INFO  ValidationInstance - Validating 'eu.peppol.postaward.v3.billing-c801e0b9-893b-41f6-b617-68d2896dcb4c.asice#sch/PEPPOL-EN16931-UBL.sch' with Engine [PEPPOL BIS Billing 3.0]
18:14:00 INFO  SchematronXsltChecker - Running Schematron XSTL-based validation
18:14:00 INFO  Tester - TestSet '/src/rules/unit-UBL-SE/UBL-IN_SE-R-002.xml'
18:14:00 INFO  ValidationInstance - Loading document from stream
18:14:00 INFO  ValidationInstance -   Detected declaration: xml.testset (with children)
18:14:00 INFO  ValidationInstance - Loading document from stream
18:14:00 INFO  ValidationInstance -   Detected declaration: xml.test (with converter)
18:14:00 INFO  ValidationInstance -   Detected expectation: 1) Swedish organisation numbers should be numeric.
18:14:00 INFO  ValidationInstance - Validating 'eu.peppol.postaward.v3.billing-c801e0b9-893b-41f6-b617-68d2896dcb4c.asice#sch/PEPPOL-EN16931-UBL.sch' with Engine [PEPPOL BIS Billing 3.0]
18:14:00 INFO  SchematronXsltChecker - Running Schematron XSTL-based validation
18:14:00 INFO  ValidationInstance - Loading document from stream
18:14:00 INFO  ValidationInstance -   Detected declaration: xml.test (with converter)
18:14:00 INFO  ValidationInstance -   Detected expectation: 2) Swedish organisation numbers should be numeric.
18:14:00 INFO  ValidationInstance - Validating 'eu.peppol.postaward.v3.billing-c801e0b9-893b-41f6-b617-68d2896dcb4c.asice#sch/PEPPOL-EN16931-UBL.sch' with Engine [PEPPOL BIS Billing 3.0]
18:14:00 INFO  SchematronXsltChecker - Running Schematron XSTL-based validation
18:14:00 INFO  Tester - TestSet '/src/rules/unit-UBL-SE/UBL-IN_SE-R-003.xml'
18:14:00 INFO  ValidationInstance - Loading document from stream
18:14:00 INFO  ValidationInstance -   Detected declaration: xml.testset (with children)
18:14:00 INFO  ValidationInstance - Loading document from stream
18:14:00 INFO  ValidationInstance -   Detected declaration: xml.test (with converter)
18:14:00 INFO  ValidationInstance -   Detected expectation: 1) Swedish organisation numbers consist of 10 characters.
18:14:00 INFO  ValidationInstance - Validating 'eu.peppol.postaward.v3.billing-c801e0b9-893b-41f6-b617-68d2896dcb4c.asice#sch/PEPPOL-EN16931-UBL.sch' with Engine [PEPPOL BIS Billing 3.0]
18:14:00 INFO  SchematronXsltChecker - Running Schematron XSTL-based validation
18:14:00 INFO  ValidationInstance - Loading document from stream
18:14:00 INFO  ValidationInstance -   Detected declaration: xml.test (with converter)
18:14:00 INFO  ValidationInstance -   Detected expectation: 2) Swedish organisation numbers consist of 10 characters.
18:14:01 INFO  ValidationInstance - Validating 'eu.peppol.postaward.v3.billing-c801e0b9-893b-41f6-b617-68d2896dcb4c.asice#sch/PEPPOL-EN16931-UBL.sch' with Engine [PEPPOL BIS Billing 3.0]
18:14:01 INFO  SchematronXsltChecker - Running Schematron XSTL-based validation
18:14:01 INFO  Tester - TestSet '/src/rules/unit-UBL-SE/UBL-IN_SE-R-004.xml'
18:14:01 INFO  ValidationInstance - Loading document from stream
18:14:01 INFO  ValidationInstance -   Detected declaration: xml.testset (with children)
18:14:01 INFO  ValidationInstance - Loading document from stream
18:14:01 INFO  ValidationInstance -   Detected declaration: xml.test (with converter)
18:14:01 INFO  ValidationInstance -   Detected expectation: 1) SE 'Godkänd för F-skatt' must be stated
18:14:01 INFO  ValidationInstance - Validating 'eu.peppol.postaward.v3.billing-c801e0b9-893b-41f6-b617-68d2896dcb4c.asice#sch/PEPPOL-EN16931-UBL.sch' with Engine [PEPPOL BIS Billing 3.0]
18:14:01 INFO  SchematronXsltChecker - Running Schematron XSTL-based validation
18:14:01 INFO  ValidationInstance - Loading document from stream
18:14:01 INFO  ValidationInstance -   Detected declaration: xml.test (with converter)
18:14:01 INFO  ValidationInstance -   Detected expectation: 2) SE 'Godkänd för F-skatt' must be stated
18:14:01 INFO  ValidationInstance - Validating 'eu.peppol.postaward.v3.billing-c801e0b9-893b-41f6-b617-68d2896dcb4c.asice#sch/PEPPOL-EN16931-UBL.sch' with Engine [PEPPOL BIS Billing 3.0]
18:14:01 INFO  SchematronXsltChecker - Running Schematron XSTL-based validation
18:14:01 INFO  Tester - TestSet '/src/rules/unit-UBL-SE/UBL-IN_SE-R-005.xml'
18:14:01 INFO  ValidationInstance - Loading document from stream
18:14:01 INFO  ValidationInstance -   Detected declaration: xml.testset (with children)
18:14:01 INFO  ValidationInstance - Loading document from stream
18:14:01 INFO  ValidationInstance -   Detected declaration: xml.test (with converter)
18:14:01 INFO  ValidationInstance -   Detected expectation: 1) For Swedish suppliers, only standard VAT rate of 6, 12 or 25 are used
18:14:01 INFO  ValidationInstance - Validating 'eu.peppol.postaward.v3.billing-c801e0b9-893b-41f6-b617-68d2896dcb4c.asice#sch/PEPPOL-EN16931-UBL.sch' with Engine [PEPPOL BIS Billing 3.0]
18:14:01 INFO  SchematronXsltChecker - Running Schematron XSTL-based validation
18:14:01 INFO  ValidationInstance - Loading document from stream
18:14:01 INFO  ValidationInstance -   Detected declaration: xml.test (with converter)
18:14:01 INFO  ValidationInstance -   Detected expectation: 2) For Swedish suppliers, only standard VAT rate of 6, 12 or 25 are used
18:14:01 INFO  ValidationInstance - Validating 'eu.peppol.postaward.v3.billing-c801e0b9-893b-41f6-b617-68d2896dcb4c.asice#sch/PEPPOL-EN16931-UBL.sch' with Engine [PEPPOL BIS Billing 3.0]
18:14:01 INFO  SchematronXsltChecker - Running Schematron XSTL-based validation
18:14:01 INFO  Tester - TestSet '/src/rules/unit-UBL-SE/UBL-IN_SE-R-006.xml'
18:14:01 INFO  ValidationInstance - Loading document from stream
18:14:01 INFO  ValidationInstance -   Detected declaration: xml.testset (with children)
18:14:01 INFO  ValidationInstance - Loading document from stream
18:14:01 INFO  ValidationInstance -   Detected declaration: xml.test (with converter)
18:14:01 INFO  ValidationInstance -   Detected expectation: 1) For Swedish suppliers using Plusgiro, the Account ID must be numeric
18:14:01 INFO  ValidationInstance - Validating 'eu.peppol.postaward.v3.billing-c801e0b9-893b-41f6-b617-68d2896dcb4c.asice#sch/PEPPOL-EN16931-UBL.sch' with Engine [PEPPOL BIS Billing 3.0]
18:14:01 INFO  SchematronXsltChecker - Running Schematron XSTL-based validation
18:14:01 INFO  ValidationInstance - Loading document from stream
18:14:01 INFO  ValidationInstance -   Detected declaration: xml.test (with converter)
18:14:01 INFO  ValidationInstance -   Detected expectation: 2) For Swedish suppliers using Plusgiro, the Account ID must be numeric
18:14:01 INFO  ValidationInstance - Validating 'eu.peppol.postaward.v3.billing-c801e0b9-893b-41f6-b617-68d2896dcb4c.asice#sch/PEPPOL-EN16931-UBL.sch' with Engine [PEPPOL BIS Billing 3.0]
18:14:01 INFO  SchematronXsltChecker - Running Schematron XSTL-based validation
18:14:01 INFO  Tester - TestSet '/src/rules/unit-UBL-SE/UBL-IN_SE-R-007.xml'
18:14:01 INFO  ValidationInstance - Loading document from stream
18:14:01 INFO  ValidationInstance -   Detected declaration: xml.testset (with children)
18:14:01 INFO  ValidationInstance - Loading document from stream
18:14:01 INFO  ValidationInstance -   Detected declaration: xml.test (with converter)
18:14:01 INFO  ValidationInstance -   Detected expectation: 1) For Swedish suppliers using Bankgiro, the Account ID must be numeric
18:14:01 INFO  ValidationInstance - Validating 'eu.peppol.postaward.v3.billing-c801e0b9-893b-41f6-b617-68d2896dcb4c.asice#sch/PEPPOL-EN16931-UBL.sch' with Engine [PEPPOL BIS Billing 3.0]
18:14:01 INFO  SchematronXsltChecker - Running Schematron XSTL-based validation
18:14:01 INFO  ValidationInstance - Loading document from stream
18:14:01 INFO  ValidationInstance -   Detected declaration: xml.test (with converter)
18:14:01 INFO  ValidationInstance -   Detected expectation: 2) For Swedish suppliers using Bankgiro, the Account ID must be numeric
18:14:01 INFO  ValidationInstance - Validating 'eu.peppol.postaward.v3.billing-c801e0b9-893b-41f6-b617-68d2896dcb4c.asice#sch/PEPPOL-EN16931-UBL.sch' with Engine [PEPPOL BIS Billing 3.0]
18:14:01 INFO  SchematronXsltChecker - Running Schematron XSTL-based validation
18:14:01 INFO  Tester - TestSet '/src/rules/unit-UBL-SE/UBL-IN_SE-R-008.xml'
18:14:01 INFO  ValidationInstance - Loading document from stream
18:14:01 INFO  ValidationInstance -   Detected declaration: xml.testset (with children)
18:14:01 INFO  ValidationInstance - Loading document from stream
18:14:01 INFO  ValidationInstance -   Detected declaration: xml.test (with converter)
18:14:01 INFO  ValidationInstance -   Detected expectation: 1) For Swedish suppliers using Bankgiro, the Account ID must have 7-8 characters
18:14:01 INFO  ValidationInstance - Validating 'eu.peppol.postaward.v3.billing-c801e0b9-893b-41f6-b617-68d2896dcb4c.asice#sch/PEPPOL-EN16931-UBL.sch' with Engine [PEPPOL BIS Billing 3.0]
18:14:01 INFO  SchematronXsltChecker - Running Schematron XSTL-based validation
18:14:01 INFO  ValidationInstance - Loading document from stream
18:14:01 INFO  ValidationInstance -   Detected declaration: xml.test (with converter)
18:14:01 INFO  ValidationInstance -   Detected expectation: 2) For Swedish suppliers using Bankgiro, the Account ID must have 7-8 characters
18:14:01 INFO  ValidationInstance - Validating 'eu.peppol.postaward.v3.billing-c801e0b9-893b-41f6-b617-68d2896dcb4c.asice#sch/PEPPOL-EN16931-UBL.sch' with Engine [PEPPOL BIS Billing 3.0]
18:14:01 INFO  SchematronXsltChecker - Running Schematron XSTL-based validation
18:14:01 INFO  Tester - TestSet '/src/rules/unit-UBL-SE/UBL-IN_SE-R-009.xml'
18:14:01 INFO  ValidationInstance - Loading document from stream
18:14:01 INFO  ValidationInstance -   Detected declaration: xml.testset (with children)
18:14:01 INFO  ValidationInstance - Loading document from stream
18:14:01 INFO  ValidationInstance -   Detected declaration: xml.test (with converter)
18:14:01 INFO  ValidationInstance -   Detected expectation: 1) For Swedish suppliers using Plusgiro, the Account ID must have 2-8 characteres
18:14:01 INFO  ValidationInstance - Validating 'eu.peppol.postaward.v3.billing-c801e0b9-893b-41f6-b617-68d2896dcb4c.asice#sch/PEPPOL-EN16931-UBL.sch' with Engine [PEPPOL BIS Billing 3.0]
18:14:01 INFO  SchematronXsltChecker - Running Schematron XSTL-based validation
18:14:01 INFO  ValidationInstance - Loading document from stream
18:14:01 INFO  ValidationInstance -   Detected declaration: xml.test (with converter)
18:14:01 INFO  ValidationInstance -   Detected expectation: 2) For Swedish suppliers using Plusgiro, the Account ID must have 2-8 characteres
18:14:01 INFO  ValidationInstance - Validating 'eu.peppol.postaward.v3.billing-c801e0b9-893b-41f6-b617-68d2896dcb4c.asice#sch/PEPPOL-EN16931-UBL.sch' with Engine [PEPPOL BIS Billing 3.0]
18:14:01 INFO  SchematronXsltChecker - Running Schematron XSTL-based validation
18:14:01 INFO  Tester - TestSet '/src/rules/unit-UBL-SE/UBL-IN_SE-R-010.xml'
18:14:01 INFO  ValidationInstance - Loading document from stream
18:14:01 INFO  ValidationInstance -   Detected declaration: xml.testset (with children)
18:14:01 INFO  ValidationInstance - Loading document from stream
18:14:01 INFO  ValidationInstance -   Detected declaration: xml.test (with converter)
18:14:01 INFO  ValidationInstance -   Detected expectation: 1) SE with code SE:BANKGIRO or SE:PLUSGIRO
18:14:01 INFO  ValidationInstance - Validating 'eu.peppol.postaward.v3.billing-c801e0b9-893b-41f6-b617-68d2896dcb4c.asice#sch/PEPPOL-EN16931-UBL.sch' with Engine [PEPPOL BIS Billing 3.0]
18:14:01 INFO  SchematronXsltChecker - Running Schematron XSTL-based validation
18:14:01 INFO  ValidationInstance - Loading document from stream
18:14:01 INFO  ValidationInstance -   Detected declaration: xml.test (with converter)
18:14:01 INFO  ValidationInstance -   Detected expectation: 2) SE with code SE:BANKGIRO or SE:PLUSGIRO
18:14:01 INFO  ValidationInstance - Validating 'eu.peppol.postaward.v3.billing-c801e0b9-893b-41f6-b617-68d2896dcb4c.asice#sch/PEPPOL-EN16931-UBL.sch' with Engine [PEPPOL BIS Billing 3.0]
18:14:01 INFO  SchematronXsltChecker - Running Schematron XSTL-based validation
18:14:01 INFO  Tester - TestSet '/src/rules/unit-UBL-SE/UBL-IN_SE-R-011.xml'
18:14:01 INFO  ValidationInstance - Loading document from stream
18:14:01 INFO  ValidationInstance -   Detected declaration: xml.testset (with children)
18:14:01 INFO  ValidationInstance - Loading document from stream
18:14:01 INFO  ValidationInstance -   Detected declaration: xml.test (with converter)
18:14:01 INFO  ValidationInstance -   Detected expectation: 1) SE with payment code 31
18:14:01 INFO  ValidationInstance - Validating 'eu.peppol.postaward.v3.billing-c801e0b9-893b-41f6-b617-68d2896dcb4c.asice#sch/PEPPOL-EN16931-UBL.sch' with Engine [PEPPOL BIS Billing 3.0]
18:14:01 INFO  SchematronXsltChecker - Running Schematron XSTL-based validation
18:14:01 INFO  ValidationInstance - Loading document from stream
18:14:01 INFO  ValidationInstance -   Detected declaration: xml.test (with converter)
18:14:01 INFO  ValidationInstance -   Detected expectation: 2) SE with payment code 31
18:14:01 INFO  ValidationInstance - Validating 'eu.peppol.postaward.v3.billing-c801e0b9-893b-41f6-b617-68d2896dcb4c.asice#sch/PEPPOL-EN16931-UBL.sch' with Engine [PEPPOL BIS Billing 3.0]
18:14:01 INFO  SchematronXsltChecker - Running Schematron XSTL-based validation
18:14:01 INFO  Tester - TestSet '/src/rules/unit-UBL-SE/UBL-IN_SE-R-012.xml'
18:14:01 INFO  ValidationInstance - Loading document from stream
18:14:01 INFO  ValidationInstance -   Detected declaration: xml.testset (with children)
18:14:01 INFO  ValidationInstance - Loading document from stream
18:14:01 INFO  ValidationInstance -   Detected declaration: xml.test (with converter)
18:14:01 INFO  ValidationInstance -   Detected expectation: 1) The last digit of a Swedish organization number must be valid according to the Luhn algorithm.
18:14:01 INFO  ValidationInstance - Validating 'eu.peppol.postaward.v3.billing-c801e0b9-893b-41f6-b617-68d2896dcb4c.asice#sch/PEPPOL-EN16931-UBL.sch' with Engine [PEPPOL BIS Billing 3.0]
18:14:01 INFO  SchematronXsltChecker - Running Schematron XSTL-based validation
18:14:01 INFO  ValidationInstance - Loading document from stream
18:14:01 INFO  ValidationInstance -   Detected declaration: xml.test (with converter)
18:14:01 INFO  ValidationInstance -   Detected expectation: 2) The last digit of a Swedish organization number must be valid according to the Luhn algorithm.
18:14:01 INFO  ValidationInstance - Validating 'eu.peppol.postaward.v3.billing-c801e0b9-893b-41f6-b617-68d2896dcb4c.asice#sch/PEPPOL-EN16931-UBL.sch' with Engine [PEPPOL BIS Billing 3.0]
18:14:01 INFO  SchematronXsltChecker - Running Schematron XSTL-based validation
18:14:01 INFO  Tester - TestSet '/src/rules/unit-UBL-SE/UBL-IN_SE-R-013.xml'
18:14:01 INFO  ValidationInstance - Loading document from stream
18:14:01 INFO  ValidationInstance -   Detected declaration: xml.testset (with children)
18:14:01 INFO  ValidationInstance - Loading document from stream
18:14:01 INFO  ValidationInstance -   Detected declaration: xml.test (with converter)
18:14:01 INFO  ValidationInstance -   Detected expectation: 1) Greek suppliers MUST follow the proper Invoice ID Structure.
18:14:01 INFO  ValidationInstance - Validating 'eu.peppol.postaward.v3.billing-c801e0b9-893b-41f6-b617-68d2896dcb4c.asice#sch/PEPPOL-EN16931-UBL.sch' with Engine [PEPPOL BIS Billing 3.0]
18:14:01 INFO  SchematronXsltChecker - Running Schematron XSTL-based validation
18:14:01 INFO  ValidationInstance - Loading document from stream
18:14:01 INFO  ValidationInstance -   Detected declaration: xml.test (with converter)
18:14:01 INFO  ValidationInstance -   Detected expectation: 2) Greek suppliers MUST follow the proper Invoice ID Structure.
18:14:01 INFO  ValidationInstance - Validating 'eu.peppol.postaward.v3.billing-c801e0b9-893b-41f6-b617-68d2896dcb4c.asice#sch/PEPPOL-EN16931-UBL.sch' with Engine [PEPPOL BIS Billing 3.0]
18:14:01 INFO  SchematronXsltChecker - Running Schematron XSTL-based validation
18:14:01 INFO  ValidationInstance - Loading document from stream
18:14:01 INFO  ValidationInstance -   Detected declaration: xml.test (with converter)
18:14:01 INFO  ValidationInstance -   Detected expectation: 3) Greek suppliers MUST follow the proper Invoice ID Structure.
18:14:01 INFO  ValidationInstance - Validating 'eu.peppol.postaward.v3.billing-c801e0b9-893b-41f6-b617-68d2896dcb4c.asice#sch/PEPPOL-EN16931-UBL.sch' with Engine [PEPPOL BIS Billing 3.0]
18:14:01 INFO  SchematronXsltChecker - Running Schematron XSTL-based validation
18:14:01 INFO  ValidationInstance - Loading document from stream
18:14:01 INFO  ValidationInstance -   Detected declaration: xml.test (with converter)
18:14:01 INFO  ValidationInstance -   Detected expectation: 4) Greek suppliers MUST follow the proper Invoice ID Structure.
18:14:01 INFO  ValidationInstance - Validating 'eu.peppol.postaward.v3.billing-c801e0b9-893b-41f6-b617-68d2896dcb4c.asice#sch/PEPPOL-EN16931-UBL.sch' with Engine [PEPPOL BIS Billing 3.0]
18:14:01 INFO  SchematronXsltChecker - Running Schematron XSTL-based validation
18:14:01 INFO  ValidationInstance - Loading document from stream
18:14:01 INFO  ValidationInstance -   Detected declaration: xml.test (with converter)
18:14:01 INFO  ValidationInstance -   Detected expectation: 5) Greek suppliers MUST follow the proper Invoice ID Structure.
18:14:01 INFO  ValidationInstance - Validating 'eu.peppol.postaward.v3.billing-c801e0b9-893b-41f6-b617-68d2896dcb4c.asice#sch/PEPPOL-EN16931-UBL.sch' with Engine [PEPPOL BIS Billing 3.0]
18:14:01 INFO  SchematronXsltChecker - Running Schematron XSTL-based validation
18:14:01 INFO  ValidationInstance - Loading document from stream
18:14:01 INFO  ValidationInstance -   Detected declaration: xml.test (with converter)
18:14:01 INFO  ValidationInstance -   Detected expectation: 6) Greek suppliers MUST follow the proper Invoice ID Structure.
18:14:02 INFO  ValidationInstance - Validating 'eu.peppol.postaward.v3.billing-c801e0b9-893b-41f6-b617-68d2896dcb4c.asice#sch/PEPPOL-EN16931-UBL.sch' with Engine [PEPPOL BIS Billing 3.0]
18:14:02 INFO  SchematronXsltChecker - Running Schematron XSTL-based validation
18:14:02 INFO  ValidationInstance - Loading document from stream
18:14:02 INFO  ValidationInstance -   Detected declaration: xml.test (with converter)
18:14:02 INFO  ValidationInstance -   Detected expectation: 7) Greek suppliers MUST follow the proper Invoice ID Structure.
18:14:02 INFO  ValidationInstance - Validating 'eu.peppol.postaward.v3.billing-c801e0b9-893b-41f6-b617-68d2896dcb4c.asice#sch/PEPPOL-EN16931-UBL.sch' with Engine [PEPPOL BIS Billing 3.0]
18:14:02 INFO  SchematronXsltChecker - Running Schematron XSTL-based validation
18:14:02 INFO  ValidationInstance - Loading document from stream
18:14:02 INFO  ValidationInstance -   Detected declaration: xml.test (with converter)
18:14:02 INFO  ValidationInstance -   Detected expectation: 8) Greek suppliers MUST follow the proper Invoice ID Structure.
18:14:02 INFO  ValidationInstance - Validating 'eu.peppol.postaward.v3.billing-c801e0b9-893b-41f6-b617-68d2896dcb4c.asice#sch/PEPPOL-EN16931-UBL.sch' with Engine [PEPPOL BIS Billing 3.0]
18:14:02 INFO  SchematronXsltChecker - Running Schematron XSTL-based validation
18:14:02 INFO  ValidationInstance - Loading document from stream
18:14:02 INFO  ValidationInstance -   Detected declaration: xml.test (with converter)
18:14:02 INFO  ValidationInstance -   Detected expectation: 9) Greek suppliers MUST follow the proper Invoice ID Structure.
18:14:02 INFO  ValidationInstance - Validating 'eu.peppol.postaward.v3.billing-c801e0b9-893b-41f6-b617-68d2896dcb4c.asice#sch/PEPPOL-EN16931-UBL.sch' with Engine [PEPPOL BIS Billing 3.0]
18:14:02 INFO  SchematronXsltChecker - Running Schematron XSTL-based validation
18:14:02 INFO  ValidationInstance - Loading document from stream
18:14:02 INFO  ValidationInstance -   Detected declaration: xml.test (with converter)
18:14:02 INFO  ValidationInstance -   Detected expectation: 10) Greek suppliers MUST follow the proper Invoice ID Structure.
18:14:02 INFO  ValidationInstance - Validating 'eu.peppol.postaward.v3.billing-c801e0b9-893b-41f6-b617-68d2896dcb4c.asice#sch/PEPPOL-EN16931-UBL.sch' with Engine [PEPPOL BIS Billing 3.0]
18:14:02 INFO  SchematronXsltChecker - Running Schematron XSTL-based validation
18:14:02 INFO  ValidationInstance - Loading document from stream
18:14:02 INFO  ValidationInstance -   Detected declaration: xml.test (with converter)
18:14:02 INFO  ValidationInstance -   Detected expectation: 11) Greek suppliers MUST follow the proper Invoice ID Structure.
18:14:02 INFO  ValidationInstance - Validating 'eu.peppol.postaward.v3.billing-c801e0b9-893b-41f6-b617-68d2896dcb4c.asice#sch/PEPPOL-EN16931-UBL.sch' with Engine [PEPPOL BIS Billing 3.0]
18:14:02 INFO  SchematronXsltChecker - Running Schematron XSTL-based validation
18:14:02 INFO  ValidationInstance - Loading document from stream
18:14:02 INFO  ValidationInstance -   Detected declaration: xml.test (with converter)
18:14:02 INFO  ValidationInstance -   Detected expectation: 12) Greek suppliers MUST follow the proper Invoice ID Structure.
18:14:02 INFO  ValidationInstance - Validating 'eu.peppol.postaward.v3.billing-c801e0b9-893b-41f6-b617-68d2896dcb4c.asice#sch/PEPPOL-EN16931-UBL.sch' with Engine [PEPPOL BIS Billing 3.0]
18:14:02 INFO  SchematronXsltChecker - Running Schematron XSTL-based validation
18:14:02 INFO  ValidationInstance - Loading document from stream
18:14:02 INFO  ValidationInstance -   Detected declaration: xml.test (with converter)
18:14:02 INFO  ValidationInstance -   Detected expectation: 13) Greek suppliers MUST follow the proper Invoice ID Structure.
18:14:02 INFO  ValidationInstance - Validating 'eu.peppol.postaward.v3.billing-c801e0b9-893b-41f6-b617-68d2896dcb4c.asice#sch/PEPPOL-EN16931-UBL.sch' with Engine [PEPPOL BIS Billing 3.0]
18:14:02 INFO  SchematronXsltChecker - Running Schematron XSTL-based validation
18:14:02 INFO  Tester - TestSet '/src/rules/unit-UBL-GR/GR_Validation_GRR001.xml'
18:14:02 INFO  ValidationInstance - Loading document from stream
18:14:02 INFO  ValidationInstance -   Detected declaration: xml.testset (with children)
18:14:02 INFO  ValidationInstance - Loading document from stream
18:14:02 INFO  ValidationInstance -   Detected declaration: xml.test (with converter)
18:14:02 INFO  ValidationInstance -   Detected expectation: 1) Greek suppliers MUST provide the Party Name of the Supplier.
18:14:02 INFO  ValidationInstance - Validating 'eu.peppol.postaward.v3.billing-c801e0b9-893b-41f6-b617-68d2896dcb4c.asice#sch/PEPPOL-EN16931-UBL.sch' with Engine [PEPPOL BIS Billing 3.0]
18:14:02 INFO  SchematronXsltChecker - Running Schematron XSTL-based validation
18:14:02 INFO  ValidationInstance - Loading document from stream
18:14:02 INFO  ValidationInstance -   Detected declaration: xml.test (with converter)
18:14:02 INFO  ValidationInstance -   Detected expectation: 2) Greek suppliers MUST provide the Party Name of the Supplier.
18:14:02 INFO  ValidationInstance - Validating 'eu.peppol.postaward.v3.billing-c801e0b9-893b-41f6-b617-68d2896dcb4c.asice#sch/PEPPOL-EN16931-UBL.sch' with Engine [PEPPOL BIS Billing 3.0]
18:14:02 INFO  SchematronXsltChecker - Running Schematron XSTL-based validation
18:14:02 INFO  Tester - TestSet '/src/rules/unit-UBL-GR/GR_Validation_GRR002.xml'
18:14:02 INFO  ValidationInstance - Loading document from stream
18:14:02 INFO  ValidationInstance -   Detected declaration: xml.testset (with children)
18:14:02 INFO  ValidationInstance - Loading document from stream
18:14:02 INFO  ValidationInstance -   Detected declaration: xml.test (with converter)
18:14:02 INFO  ValidationInstance -   Detected expectation: 1) Greek suppliers MUST follow the proper VAT Number structure.
18:14:02 INFO  ValidationInstance - Validating 'eu.peppol.postaward.v3.billing-c801e0b9-893b-41f6-b617-68d2896dcb4c.asice#sch/PEPPOL-EN16931-UBL.sch' with Engine [PEPPOL BIS Billing 3.0]
18:14:02 INFO  SchematronXsltChecker - Running Schematron XSTL-based validation
18:14:02 INFO  ValidationInstance - Loading document from stream
18:14:02 INFO  ValidationInstance -   Detected declaration: xml.test (with converter)
18:14:02 INFO  ValidationInstance -   Detected expectation: 2) Greek suppliers MUST follow the proper VAT Number structure.
18:14:02 INFO  ValidationInstance - Validating 'eu.peppol.postaward.v3.billing-c801e0b9-893b-41f6-b617-68d2896dcb4c.asice#sch/PEPPOL-EN16931-UBL.sch' with Engine [PEPPOL BIS Billing 3.0]
18:14:02 INFO  SchematronXsltChecker - Running Schematron XSTL-based validation
18:14:02 INFO  Tester - TestSet '/src/rules/unit-UBL-GR/GR_Validation_GRR003.xml'
18:14:02 INFO  ValidationInstance - Loading document from stream
18:14:02 INFO  ValidationInstance -   Detected declaration: xml.testset (with children)
18:14:02 INFO  ValidationInstance - Loading document from stream
18:14:02 INFO  ValidationInstance -   Detected declaration: xml.test (with converter)
18:14:02 INFO  ValidationInstance -   Detected expectation: 1) Greek Suppliers must provide the Unique Invoice Registration Number (invoiceMark)
18:14:02 INFO  ValidationInstance - Validating 'eu.peppol.postaward.v3.billing-c801e0b9-893b-41f6-b617-68d2896dcb4c.asice#sch/PEPPOL-EN16931-UBL.sch' with Engine [PEPPOL BIS Billing 3.0]
18:14:02 INFO  SchematronXsltChecker - Running Schematron XSTL-based validation
18:14:02 INFO  ValidationInstance - Loading document from stream
18:14:02 INFO  ValidationInstance -   Detected declaration: xml.test (with converter)
18:14:02 INFO  ValidationInstance -   Detected expectation: 2) Greek Suppliers must provide the Unique Invoice Registration Number (invoiceMark)
18:14:02 INFO  ValidationInstance - Validating 'eu.peppol.postaward.v3.billing-c801e0b9-893b-41f6-b617-68d2896dcb4c.asice#sch/PEPPOL-EN16931-UBL.sch' with Engine [PEPPOL BIS Billing 3.0]
18:14:02 INFO  SchematronXsltChecker - Running Schematron XSTL-based validation
18:14:02 INFO  ValidationInstance - Loading document from stream
18:14:02 INFO  ValidationInstance -   Detected declaration: xml.test (with converter)
18:14:02 INFO  ValidationInstance -   Detected expectation: 3) Greek Suppliers must provide the Unique Invoice Registration Number (invoiceMark)
18:14:02 INFO  ValidationInstance - Validating 'eu.peppol.postaward.v3.billing-c801e0b9-893b-41f6-b617-68d2896dcb4c.asice#sch/PEPPOL-EN16931-UBL.sch' with Engine [PEPPOL BIS Billing 3.0]
18:14:02 INFO  SchematronXsltChecker - Running Schematron XSTL-based validation
18:14:02 INFO  ValidationInstance - Loading document from stream
18:14:02 INFO  ValidationInstance -   Detected declaration: xml.test (with converter)
18:14:02 INFO  ValidationInstance -   Detected expectation: 4) Greek Suppliers must provide the Unique Invoice Registration Number (invoiceMark)
18:14:02 INFO  ValidationInstance - Validating 'eu.peppol.postaward.v3.billing-c801e0b9-893b-41f6-b617-68d2896dcb4c.asice#sch/PEPPOL-EN16931-UBL.sch' with Engine [PEPPOL BIS Billing 3.0]
18:14:02 INFO  SchematronXsltChecker - Running Schematron XSTL-based validation
18:14:02 INFO  ValidationInstance - Loading document from stream
18:14:02 INFO  ValidationInstance -   Detected declaration: xml.test (with converter)
18:14:02 INFO  ValidationInstance -   Detected expectation: 5) Greek Suppliers must provide the Unique Invoice Registration Number (invoiceMark)
18:14:02 INFO  ValidationInstance - Validating 'eu.peppol.postaward.v3.billing-c801e0b9-893b-41f6-b617-68d2896dcb4c.asice#sch/PEPPOL-EN16931-UBL.sch' with Engine [PEPPOL BIS Billing 3.0]
18:14:02 INFO  SchematronXsltChecker - Running Schematron XSTL-based validation
18:14:02 INFO  ValidationInstance - Loading document from stream
18:14:02 INFO  ValidationInstance -   Detected declaration: xml.test (with converter)
18:14:02 INFO  ValidationInstance -   Detected expectation: 6) Greek Suppliers must provide the Unique Invoice Registration Number (invoiceMark)
18:14:02 INFO  ValidationInstance - Validating 'eu.peppol.postaward.v3.billing-c801e0b9-893b-41f6-b617-68d2896dcb4c.asice#sch/PEPPOL-EN16931-UBL.sch' with Engine [PEPPOL BIS Billing 3.0]
18:14:02 INFO  SchematronXsltChecker - Running Schematron XSTL-based validation
18:14:02 INFO  ValidationInstance - Loading document from stream
18:14:02 INFO  ValidationInstance -   Detected declaration: xml.test (with converter)
18:14:02 INFO  ValidationInstance -   Detected expectation: 7) Greek Suppliers must provide the Unique Invoice Registration Number (invoiceMark)
18:14:02 INFO  ValidationInstance - Validating 'eu.peppol.postaward.v3.billing-c801e0b9-893b-41f6-b617-68d2896dcb4c.asice#sch/PEPPOL-EN16931-UBL.sch' with Engine [PEPPOL BIS Billing 3.0]
18:14:02 INFO  SchematronXsltChecker - Running Schematron XSTL-based validation
18:14:02 INFO  Tester - TestSet '/src/rules/unit-UBL-GR/GR_Validation_GRR004.xml'
18:14:02 INFO  ValidationInstance - Loading document from stream
18:14:02 INFO  ValidationInstance -   Detected declaration: xml.testset (with children)
18:14:02 INFO  ValidationInstance - Loading document from stream
18:14:02 INFO  ValidationInstance -   Detected declaration: xml.test (with converter)
18:14:02 INFO  ValidationInstance -   Detected expectation: 1) Greek Suppliers MUST provide the buyer's full name
18:14:02 INFO  ValidationInstance - Validating 'eu.peppol.postaward.v3.billing-c801e0b9-893b-41f6-b617-68d2896dcb4c.asice#sch/PEPPOL-EN16931-UBL.sch' with Engine [PEPPOL BIS Billing 3.0]
18:14:02 INFO  SchematronXsltChecker - Running Schematron XSTL-based validation
18:14:02 INFO  ValidationInstance - Loading document from stream
18:14:02 INFO  ValidationInstance -   Detected declaration: xml.test (with converter)
18:14:02 INFO  ValidationInstance -   Detected expectation: 2) Greek Suppliers MUST provide the buyer's full name
18:14:02 INFO  ValidationInstance - Validating 'eu.peppol.postaward.v3.billing-c801e0b9-893b-41f6-b617-68d2896dcb4c.asice#sch/PEPPOL-EN16931-UBL.sch' with Engine [PEPPOL BIS Billing 3.0]
18:14:02 INFO  SchematronXsltChecker - Running Schematron XSTL-based validation
18:14:02 INFO  Tester - TestSet '/src/rules/unit-UBL-GR/GR_Validation_GRR005.xml'
18:14:02 INFO  ValidationInstance - Loading document from stream
18:14:02 INFO  ValidationInstance -   Detected declaration: xml.testset (with children)
18:14:02 INFO  ValidationInstance - Loading document from stream
18:14:02 INFO  ValidationInstance -   Detected declaration: xml.test (with converter)
18:14:02 INFO  ValidationInstance -   Detected expectation: 1) Greek Suppliers must provide the VAT number of the buyer, if the buyer is Greek
18:14:02 INFO  ValidationInstance - Validating 'eu.peppol.postaward.v3.billing-c801e0b9-893b-41f6-b617-68d2896dcb4c.asice#sch/PEPPOL-EN16931-UBL.sch' with Engine [PEPPOL BIS Billing 3.0]
18:14:02 INFO  SchematronXsltChecker - Running Schematron XSTL-based validation
18:14:02 INFO  ValidationInstance - Loading document from stream
18:14:02 INFO  ValidationInstance -   Detected declaration: xml.test (with converter)
18:14:02 INFO  ValidationInstance -   Detected expectation: 2) Greek Suppliers must provide the VAT number of the buyer, if the buyer is Greek
18:14:02 INFO  ValidationInstance - Validating 'eu.peppol.postaward.v3.billing-c801e0b9-893b-41f6-b617-68d2896dcb4c.asice#sch/PEPPOL-EN16931-UBL.sch' with Engine [PEPPOL BIS Billing 3.0]
18:14:02 INFO  SchematronXsltChecker - Running Schematron XSTL-based validation
18:14:02 INFO  ValidationInstance - Loading document from stream
18:14:02 INFO  ValidationInstance -   Detected declaration: xml.test (with converter)
18:14:02 INFO  ValidationInstance -   Detected expectation: 3) Greek Suppliers must provide the VAT number of the buyer, if the buyer is Greek
18:14:02 INFO  ValidationInstance - Validating 'eu.peppol.postaward.v3.billing-c801e0b9-893b-41f6-b617-68d2896dcb4c.asice#sch/PEPPOL-EN16931-UBL.sch' with Engine [PEPPOL BIS Billing 3.0]
18:14:02 INFO  SchematronXsltChecker - Running Schematron XSTL-based validation
18:14:02 INFO  Tester - TestSet '/src/rules/unit-UBL-GR/GR_Validation_GRR006.xml'
18:14:02 INFO  ValidationInstance - Loading document from stream
18:14:02 INFO  ValidationInstance -   Detected declaration: xml.testset (with children)
18:14:02 INFO  ValidationInstance - Loading document from stream
18:14:02 INFO  ValidationInstance -   Detected declaration: xml.test (with converter)
18:14:02 INFO  ValidationInstance -   Detected expectation: 1) Greek suppliers MUST use only 9933 as scheme ID in endoint.
18:14:02 INFO  ValidationInstance - Validating 'eu.peppol.postaward.v3.billing-c801e0b9-893b-41f6-b617-68d2896dcb4c.asice#sch/PEPPOL-EN16931-UBL.sch' with Engine [PEPPOL BIS Billing 3.0]
18:14:02 INFO  SchematronXsltChecker - Running Schematron XSTL-based validation
18:14:02 INFO  ValidationInstance - Loading document from stream
18:14:02 INFO  ValidationInstance -   Detected declaration: xml.test (with converter)
18:14:02 INFO  ValidationInstance -   Detected expectation: 2) Greek suppliers MUST use only 9933 as scheme ID in endoint.
18:14:02 INFO  ValidationInstance - Validating 'eu.peppol.postaward.v3.billing-c801e0b9-893b-41f6-b617-68d2896dcb4c.asice#sch/PEPPOL-EN16931-UBL.sch' with Engine [PEPPOL BIS Billing 3.0]
18:14:02 INFO  SchematronXsltChecker - Running Schematron XSTL-based validation
18:14:02 INFO  ValidationInstance - Loading document from stream
18:14:02 INFO  ValidationInstance -   Detected declaration: xml.test (with converter)
18:14:02 INFO  ValidationInstance -   Detected expectation: 3) Greek suppliers MUST use only 9933 as scheme ID in endoint.
18:14:02 INFO  ValidationInstance - Validating 'eu.peppol.postaward.v3.billing-c801e0b9-893b-41f6-b617-68d2896dcb4c.asice#sch/PEPPOL-EN16931-UBL.sch' with Engine [PEPPOL BIS Billing 3.0]
18:14:02 INFO  SchematronXsltChecker - Running Schematron XSTL-based validation
18:14:02 INFO  ValidationInstance - Loading document from stream
18:14:02 INFO  ValidationInstance -   Detected declaration: xml.test (with converter)
18:14:02 INFO  ValidationInstance -   Detected expectation: 4) Greek suppliers MUST use only 9933 as scheme ID in endoint.
18:14:02 INFO  ValidationInstance - Validating 'eu.peppol.postaward.v3.billing-c801e0b9-893b-41f6-b617-68d2896dcb4c.asice#sch/PEPPOL-EN16931-UBL.sch' with Engine [PEPPOL BIS Billing 3.0]
18:14:02 INFO  SchematronXsltChecker - Running Schematron XSTL-based validation
18:14:02 INFO  Tester - TestSet '/src/rules/unit-UBL-GR/GR_Validation_GRR009.xml'
18:14:02 INFO  ValidationInstance - Loading document from stream
18:14:02 INFO  ValidationInstance -   Detected declaration: xml.testset (with children)
18:14:02 INFO  ValidationInstance - Loading document from stream
18:14:02 INFO  ValidationInstance -   Detected declaration: xml.test (with converter)
18:14:02 INFO  ValidationInstance -   Detected expectation: 1) Greek suppliers MUST use only 9933 as scheme ID in endoint when the customer is also greek.
18:14:03 INFO  ValidationInstance - Validating 'eu.peppol.postaward.v3.billing-c801e0b9-893b-41f6-b617-68d2896dcb4c.asice#sch/PEPPOL-EN16931-UBL.sch' with Engine [PEPPOL BIS Billing 3.0]
18:14:03 INFO  SchematronXsltChecker - Running Schematron XSTL-based validation
18:14:03 INFO  ValidationInstance - Loading document from stream
18:14:03 INFO  ValidationInstance -   Detected declaration: xml.test (with converter)
18:14:03 INFO  ValidationInstance -   Detected expectation: 2) Greek suppliers MUST use only 9933 as scheme ID in endoint when the customer is also greek.
18:14:03 INFO  ValidationInstance - Validating 'eu.peppol.postaward.v3.billing-c801e0b9-893b-41f6-b617-68d2896dcb4c.asice#sch/PEPPOL-EN16931-UBL.sch' with Engine [PEPPOL BIS Billing 3.0]
18:14:03 INFO  SchematronXsltChecker - Running Schematron XSTL-based validation
18:14:03 INFO  ValidationInstance - Loading document from stream
18:14:03 INFO  ValidationInstance -   Detected declaration: xml.test (with converter)
18:14:03 INFO  ValidationInstance -   Detected expectation: 3) Greek suppliers MUST use only 9933 as scheme ID in endoint when the customer is also greek.
18:14:03 INFO  ValidationInstance - Validating 'eu.peppol.postaward.v3.billing-c801e0b9-893b-41f6-b617-68d2896dcb4c.asice#sch/PEPPOL-EN16931-UBL.sch' with Engine [PEPPOL BIS Billing 3.0]
18:14:03 INFO  SchematronXsltChecker - Running Schematron XSTL-based validation
18:14:03 INFO  ValidationInstance - Loading document from stream
18:14:03 INFO  ValidationInstance -   Detected declaration: xml.test (with converter)
18:14:03 INFO  ValidationInstance -   Detected expectation: 4) Greek suppliers MUST use only 9933 as scheme ID in endoint when the customer is also greek.
18:14:03 INFO  ValidationInstance - Validating 'eu.peppol.postaward.v3.billing-c801e0b9-893b-41f6-b617-68d2896dcb4c.asice#sch/PEPPOL-EN16931-UBL.sch' with Engine [PEPPOL BIS Billing 3.0]
18:14:03 INFO  SchematronXsltChecker - Running Schematron XSTL-based validation
18:14:03 INFO  Tester - TestSet '/src/rules/unit-UBL-GR/GR_Validation_GRR010.xml'
18:14:03 INFO  ValidationInstance - Loading document from stream
18:14:03 INFO  ValidationInstance -   Detected declaration: xml.testset (with children)
18:14:03 INFO  ValidationInstance - Loading document from stream
18:14:03 INFO  ValidationInstance -   Detected declaration: xml.test (with converter)
18:14:03 INFO  ValidationInstance -   Detected expectation: 1) Greek Suppliers must have a Tax Registration Number
18:14:03 INFO  ValidationInstance - Validating 'eu.peppol.postaward.v3.billing-c801e0b9-893b-41f6-b617-68d2896dcb4c.asice#sch/PEPPOL-EN16931-UBL.sch' with Engine [PEPPOL BIS Billing 3.0]
18:14:03 INFO  SchematronXsltChecker - Running Schematron XSTL-based validation
18:14:03 INFO  ValidationInstance - Loading document from stream
18:14:03 INFO  ValidationInstance -   Detected declaration: xml.test (with converter)
18:14:03 INFO  ValidationInstance -   Detected expectation: 2) Greek Suppliers must have a Tax Registration Number
18:14:03 INFO  ValidationInstance - Validating 'eu.peppol.postaward.v3.billing-c801e0b9-893b-41f6-b617-68d2896dcb4c.asice#sch/PEPPOL-EN16931-UBL.sch' with Engine [PEPPOL BIS Billing 3.0]
18:14:03 INFO  SchematronXsltChecker - Running Schematron XSTL-based validation
18:14:03 INFO  Tester - TestSet '/src/rules/unit-UBL-GR/GR_Validation_GRR011.xml'
18:14:03 INFO  ValidationInstance - Loading document from stream
18:14:03 INFO  ValidationInstance -   Detected declaration: xml.testset (with children)
18:14:03 INFO  ValidationInstance - Loading document from stream
18:14:03 INFO  ValidationInstance -   Detected declaration: xml.test (with converter)
18:14:03 INFO  ValidationInstance -   Detected expectation: 1) Greek Suppliers SHOULD provide the Invoice Verification URL
18:14:03 INFO  ValidationInstance - Validating 'eu.peppol.postaward.v3.billing-c801e0b9-893b-41f6-b617-68d2896dcb4c.asice#sch/PEPPOL-EN16931-UBL.sch' with Engine [PEPPOL BIS Billing 3.0]
18:14:03 INFO  SchematronXsltChecker - Running Schematron XSTL-based validation
18:14:03 INFO  ValidationInstance - Loading document from stream
18:14:03 INFO  ValidationInstance -   Detected declaration: xml.test (with converter)
18:14:03 INFO  ValidationInstance -   Detected expectation: 2) Greek Suppliers SHOULD provide the Invoice Verification URL
18:14:03 INFO  ValidationInstance - Validating 'eu.peppol.postaward.v3.billing-c801e0b9-893b-41f6-b617-68d2896dcb4c.asice#sch/PEPPOL-EN16931-UBL.sch' with Engine [PEPPOL BIS Billing 3.0]
18:14:03 INFO  SchematronXsltChecker - Running Schematron XSTL-based validation
18:14:03 INFO  Tester - TestSet '/src/rules/unit-UBL-GR/GR_Validation_GRS008.xml'
18:14:03 INFO  ValidationInstance - Loading document from stream
18:14:03 INFO  ValidationInstance -   Detected declaration: xml.testset (with children)
18:14:03 INFO  ValidationInstance - Loading document from stream
18:14:03 INFO  ValidationInstance -   Detected declaration: xml.test (with converter)
18:14:03 INFO  ValidationInstance -   Detected expectation: 1) For suppliers in the Netherlands, if the document is a creditnote, the document MUST contain an invoice reference
18:14:03 INFO  ValidationInstance - Validating 'eu.peppol.postaward.v3.billing-c801e0b9-893b-41f6-b617-68d2896dcb4c.asice#sch/PEPPOL-EN16931-UBL.sch' with Engine [PEPPOL BIS Billing 3.0]
18:14:03 INFO  SchematronXsltChecker - Running Schematron XSTL-based validation
18:14:03 INFO  ValidationInstance - Loading document from stream
18:14:03 INFO  ValidationInstance -   Detected declaration: xml.test (with converter)
18:14:03 INFO  ValidationInstance -   Detected expectation: 2) For suppliers in the Netherlands, if the document is a creditnote, the document MUST contain an invoice reference
18:14:03 INFO  ValidationInstance - Validating 'eu.peppol.postaward.v3.billing-c801e0b9-893b-41f6-b617-68d2896dcb4c.asice#sch/PEPPOL-EN16931-UBL.sch' with Engine [PEPPOL BIS Billing 3.0]
18:14:03 INFO  SchematronXsltChecker - Running Schematron XSTL-based validation
18:14:03 INFO  Tester - TestSet '/src/rules/unit-UBL-NL/NL-R-001.xml'
18:14:03 INFO  ValidationInstance - Loading document from stream
18:14:03 INFO  ValidationInstance -   Detected declaration: xml.testset (with children)
18:14:03 INFO  ValidationInstance - Loading document from stream
18:14:03 INFO  ValidationInstance -   Detected declaration: xml.test (with converter)
18:14:03 INFO  ValidationInstance -   Detected expectation: 1) For suppliers in the Netherlands the supplier's address (cac:AccountingSupplierParty/cac:Party/cac:PostalAddress) MUST contain street name (cbc:StreetName), city (cbc:CityName) and post code (cbc:PostalZone)
18:14:03 INFO  ValidationInstance - Validating 'eu.peppol.postaward.v3.billing-c801e0b9-893b-41f6-b617-68d2896dcb4c.asice#sch/PEPPOL-EN16931-UBL.sch' with Engine [PEPPOL BIS Billing 3.0]
18:14:03 INFO  SchematronXsltChecker - Running Schematron XSTL-based validation
18:14:03 INFO  ValidationInstance - Loading document from stream
18:14:03 INFO  ValidationInstance -   Detected declaration: xml.test (with converter)
18:14:03 INFO  ValidationInstance -   Detected expectation: 2) For suppliers in the Netherlands the supplier's address (cac:AccountingSupplierParty/cac:Party/cac:PostalAddress) MUST contain street name (cbc:StreetName), city (cbc:CityName) and post code (cbc:PostalZone)
18:14:03 INFO  ValidationInstance - Validating 'eu.peppol.postaward.v3.billing-c801e0b9-893b-41f6-b617-68d2896dcb4c.asice#sch/PEPPOL-EN16931-UBL.sch' with Engine [PEPPOL BIS Billing 3.0]
18:14:03 INFO  SchematronXsltChecker - Running Schematron XSTL-based validation
18:14:03 INFO  Tester - TestSet '/src/rules/unit-UBL-NL/NL-R-002.xml'
18:14:03 INFO  ValidationInstance - Loading document from stream
18:14:03 INFO  ValidationInstance -   Detected declaration: xml.testset (with children)
18:14:03 INFO  ValidationInstance - Loading document from stream
18:14:03 INFO  ValidationInstance -   Detected declaration: xml.test (with converter)
18:14:03 INFO  ValidationInstance -   Detected expectation: 1) For suppliers in the Netherlands, the legal entity identifier MUST be either a KVK or OIN number (schemeID 0106 or 0190)
18:14:03 INFO  ValidationInstance - Validating 'eu.peppol.postaward.v3.billing-c801e0b9-893b-41f6-b617-68d2896dcb4c.asice#sch/PEPPOL-EN16931-UBL.sch' with Engine [PEPPOL BIS Billing 3.0]
18:14:03 INFO  SchematronXsltChecker - Running Schematron XSTL-based validation
18:14:03 INFO  ValidationInstance - Loading document from stream
18:14:03 INFO  ValidationInstance -   Detected declaration: xml.test (with converter)
18:14:03 INFO  ValidationInstance -   Detected expectation: 2) For suppliers in the Netherlands, the legal entity identifier MUST be either a KVK or OIN number (schemeID 0106 or 0190)
18:14:03 INFO  ValidationInstance - Validating 'eu.peppol.postaward.v3.billing-c801e0b9-893b-41f6-b617-68d2896dcb4c.asice#sch/PEPPOL-EN16931-UBL.sch' with Engine [PEPPOL BIS Billing 3.0]
18:14:03 INFO  SchematronXsltChecker - Running Schematron XSTL-based validation
18:14:03 INFO  Tester - TestSet '/src/rules/unit-UBL-NL/NL-R-003.xml'
18:14:03 INFO  ValidationInstance - Loading document from stream
18:14:03 INFO  ValidationInstance -   Detected declaration: xml.testset (with children)
18:14:03 INFO  ValidationInstance - Loading document from stream
18:14:03 INFO  ValidationInstance -   Detected declaration: xml.test (with converter)
18:14:03 INFO  ValidationInstance -   Detected expectation: 1) For suppliers in the Netherlands, if the customer is in the Netherlands, the customer address (cac:AccountingCustomerParty/cac:Party/cac:PostalAddress) MUST contain the street name (cbc:StreetName), the city (cbc:CityName) and post code (cbc:PostalZone)
18:14:03 INFO  ValidationInstance - Validating 'eu.peppol.postaward.v3.billing-c801e0b9-893b-41f6-b617-68d2896dcb4c.asice#sch/PEPPOL-EN16931-UBL.sch' with Engine [PEPPOL BIS Billing 3.0]
18:14:03 INFO  SchematronXsltChecker - Running Schematron XSTL-based validation
18:14:03 INFO  ValidationInstance - Loading document from stream
18:14:03 INFO  ValidationInstance -   Detected declaration: xml.test (with converter)
18:14:03 INFO  ValidationInstance -   Detected expectation: 2) For suppliers in the Netherlands, if the customer is in the Netherlands, the customer address (cac:AccountingCustomerParty/cac:Party/cac:PostalAddress) MUST contain the street name (cbc:StreetName), the city (cbc:CityName) and post code (cbc:PostalZone)
18:14:03 INFO  ValidationInstance - Validating 'eu.peppol.postaward.v3.billing-c801e0b9-893b-41f6-b617-68d2896dcb4c.asice#sch/PEPPOL-EN16931-UBL.sch' with Engine [PEPPOL BIS Billing 3.0]
18:14:03 INFO  SchematronXsltChecker - Running Schematron XSTL-based validation
18:14:03 INFO  Tester - TestSet '/src/rules/unit-UBL-NL/NL-R-004.xml'
18:14:03 INFO  ValidationInstance - Loading document from stream
18:14:03 INFO  ValidationInstance -   Detected declaration: xml.testset (with children)
18:14:03 INFO  ValidationInstance - Loading document from stream
18:14:03 INFO  ValidationInstance -   Detected declaration: xml.test (with converter)
18:14:03 INFO  ValidationInstance -   Detected expectation: 1) For suppliers in the Netherlands, if the customer is in the Netherlands, the customer's legal entity identifier MUST be either a KVK or OIN number (schemeID 0106 or 0190)
18:14:03 INFO  ValidationInstance - Validating 'eu.peppol.postaward.v3.billing-c801e0b9-893b-41f6-b617-68d2896dcb4c.asice#sch/PEPPOL-EN16931-UBL.sch' with Engine [PEPPOL BIS Billing 3.0]
18:14:03 INFO  SchematronXsltChecker - Running Schematron XSTL-based validation
18:14:03 INFO  ValidationInstance - Loading document from stream
18:14:03 INFO  ValidationInstance -   Detected declaration: xml.test (with converter)
18:14:03 INFO  ValidationInstance -   Detected expectation: 2) For suppliers in the Netherlands, if the customer is in the Netherlands, the customer's legal entity identifier MUST be either a KVK or OIN number (schemeID 0106 or 0190)
18:14:03 INFO  ValidationInstance - Validating 'eu.peppol.postaward.v3.billing-c801e0b9-893b-41f6-b617-68d2896dcb4c.asice#sch/PEPPOL-EN16931-UBL.sch' with Engine [PEPPOL BIS Billing 3.0]
18:14:03 INFO  SchematronXsltChecker - Running Schematron XSTL-based validation
18:14:03 INFO  Tester - TestSet '/src/rules/unit-UBL-NL/NL-R-005.xml'
18:14:03 INFO  ValidationInstance - Loading document from stream
18:14:03 INFO  ValidationInstance -   Detected declaration: xml.testset (with children)
18:14:03 INFO  ValidationInstance - Loading document from stream
18:14:03 INFO  ValidationInstance -   Detected declaration: xml.test (with converter)
18:14:03 INFO  ValidationInstance -   Detected expectation: 1) For suppliers in the Netherlands, if the fiscal representative is in the Netherlands, the representative's address (cac:TaxRepresentativeParty/cac:PostalAddress) MUST contain street name (cbc:StreetName), city (cbc:CityName) and post code (cbc:PostalZone)
18:14:03 INFO  ValidationInstance - Validating 'eu.peppol.postaward.v3.billing-c801e0b9-893b-41f6-b617-68d2896dcb4c.asice#sch/PEPPOL-EN16931-UBL.sch' with Engine [PEPPOL BIS Billing 3.0]
18:14:03 INFO  SchematronXsltChecker - Running Schematron XSTL-based validation
18:14:03 INFO  ValidationInstance - Loading document from stream
18:14:03 INFO  ValidationInstance -   Detected declaration: xml.test (with converter)
18:14:03 INFO  ValidationInstance -   Detected expectation: 2) For suppliers in the Netherlands, if the fiscal representative is in the Netherlands, the representative's address (cac:TaxRepresentativeParty/cac:PostalAddress) MUST contain street name (cbc:StreetName), city (cbc:CityName) and post code (cbc:PostalZone)
18:14:03 INFO  ValidationInstance - Validating 'eu.peppol.postaward.v3.billing-c801e0b9-893b-41f6-b617-68d2896dcb4c.asice#sch/PEPPOL-EN16931-UBL.sch' with Engine [PEPPOL BIS Billing 3.0]
18:14:03 INFO  SchematronXsltChecker - Running Schematron XSTL-based validation
18:14:03 INFO  Tester - TestSet '/src/rules/unit-UBL-NL/NL-R-006.xml'
18:14:03 INFO  ValidationInstance - Loading document from stream
18:14:03 INFO  ValidationInstance -   Detected declaration: xml.testset (with children)
18:14:03 INFO  ValidationInstance - Loading document from stream
18:14:03 INFO  ValidationInstance -   Detected declaration: xml.test (with converter)
18:14:03 INFO  ValidationInstance -   Detected expectation: 1) For suppliers in the Netherlands, the supplier MUST provide a means of payment (cac:PaymentMeans) if the payment is from customer to supplier
18:14:03 INFO  ValidationInstance - Validating 'eu.peppol.postaward.v3.billing-c801e0b9-893b-41f6-b617-68d2896dcb4c.asice#sch/PEPPOL-EN16931-UBL.sch' with Engine [PEPPOL BIS Billing 3.0]
18:14:03 INFO  SchematronXsltChecker - Running Schematron XSTL-based validation
18:14:03 INFO  ValidationInstance - Loading document from stream
18:14:03 INFO  ValidationInstance -   Detected declaration: xml.test (with converter)
18:14:03 INFO  ValidationInstance -   Detected expectation: 2) For suppliers in the Netherlands, the supplier MUST provide a means of payment (cac:PaymentMeans) if the payment is from customer to supplier
18:14:03 INFO  ValidationInstance - Validating 'eu.peppol.postaward.v3.billing-c801e0b9-893b-41f6-b617-68d2896dcb4c.asice#sch/PEPPOL-EN16931-UBL.sch' with Engine [PEPPOL BIS Billing 3.0]
18:14:03 INFO  SchematronXsltChecker - Running Schematron XSTL-based validation
18:14:03 INFO  ValidationInstance - Loading document from stream
18:14:03 INFO  ValidationInstance -   Detected declaration: xml.test (with converter)
18:14:03 INFO  ValidationInstance -   Detected expectation: 3) For suppliers in the Netherlands, the supplier MUST provide a means of payment (cac:PaymentMeans) if the payment is from customer to supplier
18:14:03 INFO  ValidationInstance - Validating 'eu.peppol.postaward.v3.billing-c801e0b9-893b-41f6-b617-68d2896dcb4c.asice#sch/PEPPOL-EN16931-UBL.sch' with Engine [PEPPOL BIS Billing 3.0]
18:14:03 INFO  SchematronXsltChecker - Running Schematron XSTL-based validation
18:14:03 INFO  ValidationInstance - Loading document from stream
18:14:03 INFO  ValidationInstance -   Detected declaration: xml.test (with converter)
18:14:03 INFO  ValidationInstance -   Detected expectation: 4) For suppliers in the Netherlands, the supplier MUST provide a means of payment (cac:PaymentMeans) if the payment is from customer to supplier
18:14:03 INFO  ValidationInstance - Validating 'eu.peppol.postaward.v3.billing-c801e0b9-893b-41f6-b617-68d2896dcb4c.asice#sch/PEPPOL-EN16931-UBL.sch' with Engine [PEPPOL BIS Billing 3.0]
18:14:03 INFO  SchematronXsltChecker - Running Schematron XSTL-based validation
18:14:03 INFO  Tester - TestSet '/src/rules/unit-UBL-NL/NL-R-007.xml'
18:14:03 INFO  ValidationInstance - Loading document from stream
18:14:03 INFO  ValidationInstance -   Detected declaration: xml.testset (with children)
18:14:03 INFO  ValidationInstance - Loading document from stream
18:14:03 INFO  ValidationInstance -   Detected declaration: xml.test (with converter)
18:14:03 INFO  ValidationInstance -   Detected expectation: 1) For suppliers in the Netherlands, the payment means code (cac:PaymentMeans/cbc:PaymentMeansCode) MUST be one of 30, 48, 49, 57, 58 or 59
18:14:03 INFO  ValidationInstance - Validating 'eu.peppol.postaward.v3.billing-c801e0b9-893b-41f6-b617-68d2896dcb4c.asice#sch/PEPPOL-EN16931-UBL.sch' with Engine [PEPPOL BIS Billing 3.0]
18:14:03 INFO  SchematronXsltChecker - Running Schematron XSTL-based validation
18:14:03 INFO  ValidationInstance - Loading document from stream
18:14:03 INFO  ValidationInstance -   Detected declaration: xml.test (with converter)
18:14:03 INFO  ValidationInstance -   Detected expectation: 2) For suppliers in the Netherlands, the payment means code (cac:PaymentMeans/cbc:PaymentMeansCode) MUST be one of 30, 48, 49, 57, 58 or 59
18:14:03 INFO  ValidationInstance - Validating 'eu.peppol.postaward.v3.billing-c801e0b9-893b-41f6-b617-68d2896dcb4c.asice#sch/PEPPOL-EN16931-UBL.sch' with Engine [PEPPOL BIS Billing 3.0]
18:14:03 INFO  SchematronXsltChecker - Running Schematron XSTL-based validation
18:14:04 INFO  ValidationInstance - Loading document from stream
18:14:04 INFO  ValidationInstance -   Detected declaration: xml.test (with converter)
18:14:04 INFO  ValidationInstance -   Detected expectation: 3) For suppliers in the Netherlands, the payment means code (cac:PaymentMeans/cbc:PaymentMeansCode) MUST be one of 30, 48, 49, 57, 58 or 59
18:14:04 INFO  ValidationInstance - Validating 'eu.peppol.postaward.v3.billing-c801e0b9-893b-41f6-b617-68d2896dcb4c.asice#sch/PEPPOL-EN16931-UBL.sch' with Engine [PEPPOL BIS Billing 3.0]
18:14:04 INFO  SchematronXsltChecker - Running Schematron XSTL-based validation
18:14:04 INFO  Tester - TestSet '/src/rules/unit-UBL-NL/NL-R-008.xml'
18:14:04 INFO  ValidationInstance - Loading document from stream
18:14:04 INFO  ValidationInstance -   Detected declaration: xml.testset (with children)
18:14:04 INFO  ValidationInstance - Loading document from stream
18:14:04 INFO  ValidationInstance -   Detected declaration: xml.test (with converter)
18:14:04 INFO  ValidationInstance -   Detected expectation: 1) For suppliers in the Netherlands, if an order line reference (cac:OrderLineReference/cbc:LineID) is used, there must be an order reference on the document level (cac:OrderReference/cbc:ID)
18:14:04 INFO  ValidationInstance - Validating 'eu.peppol.postaward.v3.billing-c801e0b9-893b-41f6-b617-68d2896dcb4c.asice#sch/PEPPOL-EN16931-UBL.sch' with Engine [PEPPOL BIS Billing 3.0]
18:14:04 INFO  SchematronXsltChecker - Running Schematron XSTL-based validation
18:14:04 INFO  ValidationInstance - Loading document from stream
18:14:04 INFO  ValidationInstance -   Detected declaration: xml.test (with converter)
18:14:04 INFO  ValidationInstance -   Detected expectation: 2) For suppliers in the Netherlands, if an order line reference (cac:OrderLineReference/cbc:LineID) is used, there must be an order reference on the document level (cac:OrderReference/cbc:ID)
18:14:04 INFO  ValidationInstance - Validating 'eu.peppol.postaward.v3.billing-c801e0b9-893b-41f6-b617-68d2896dcb4c.asice#sch/PEPPOL-EN16931-UBL.sch' with Engine [PEPPOL BIS Billing 3.0]
18:14:04 INFO  SchematronXsltChecker - Running Schematron XSTL-based validation
18:14:04 INFO  Tester - TestSet '/src/rules/unit-UBL-NL/NL-R-009.xml'
18:14:04 INFO  ValidationInstance - Loading document from stream
18:14:04 INFO  ValidationInstance -   Detected declaration: xml.testset (with children)
18:14:04 INFO  ValidationInstance - Loading document from stream
18:14:04 INFO  ValidationInstance -   Detected declaration: xml.test (with converter)
18:14:04 INFO  ValidationInstance -   Detected expectation: 1) Standard billing succeeds when sender and receiver identifiers match the supplier and customer endpoints.
18:14:04 INFO  ValidationInstance - Validating 'eu.peppol.postaward.v3.billing-c801e0b9-893b-41f6-b617-68d2896dcb4c.asice#sch/PeppolBIS-Envelope-Rules.sch' with Engine [PEPPOL BIS Billing 3.0]
18:14:04 INFO  SchematronCheckerFactory - Performing Schematron compilation on 'sch/PeppolBIS-Envelope-Rules.sch'
18:14:04 INFO  SchematronXsltChecker - Running Schematron XSTL-based validation
18:14:04 INFO  ValidationInstance - Loading document from stream
18:14:04 INFO  ValidationInstance -   Detected declaration: xml.test (with converter)
18:14:04 INFO  ValidationInstance -   Detected expectation: 2) Standard billing fails when the receiver identifier does not match the customer endpoint.
18:14:04 INFO  ValidationInstance - Validating 'eu.peppol.postaward.v3.billing-c801e0b9-893b-41f6-b617-68d2896dcb4c.asice#sch/PeppolBIS-Envelope-Rules.sch' with Engine [PEPPOL BIS Billing 3.0]
18:14:04 INFO  SchematronXsltChecker - Running Schematron XSTL-based validation
18:14:04 INFO  ValidationInstance - Loading document from stream
18:14:04 INFO  ValidationInstance -   Detected declaration: xml.test (with converter)
18:14:04 INFO  ValidationInstance -   Detected expectation: 3) Standard billing fails when the sender identifier does not match the supplier endpoint.
18:14:04 INFO  ValidationInstance - Validating 'eu.peppol.postaward.v3.billing-c801e0b9-893b-41f6-b617-68d2896dcb4c.asice#sch/PeppolBIS-Envelope-Rules.sch' with Engine [PEPPOL BIS Billing 3.0]
18:14:04 INFO  SchematronXsltChecker - Running Schematron XSTL-based validation
18:14:04 INFO  ValidationInstance - Loading document from stream
18:14:04 INFO  ValidationInstance -   Detected declaration: xml.test (with converter)
18:14:04 INFO  ValidationInstance -   Detected expectation: 4) Self-billing succeeds when sender and receiver identifiers are swapped to match the customer and supplier endpoints.
18:14:04 INFO  ValidationInstance - Validating 'eu.peppol.postaward.v3.billing-c801e0b9-893b-41f6-b617-68d2896dcb4c.asice#sch/PeppolBIS-Envelope-Rules.sch' with Engine [PEPPOL BIS Billing 3.0]
18:14:04 INFO  SchematronXsltChecker - Running Schematron XSTL-based validation
18:14:04 INFO  ValidationInstance - Loading document from stream
18:14:04 INFO  ValidationInstance -   Detected declaration: xml.test (with converter)
18:14:04 INFO  ValidationInstance -   Detected expectation: 5) Self-billing fails when the receiver identifier does not match the supplier endpoint.
18:14:04 INFO  ValidationInstance - Validating 'eu.peppol.postaward.v3.billing-c801e0b9-893b-41f6-b617-68d2896dcb4c.asice#sch/PeppolBIS-Envelope-Rules.sch' with Engine [PEPPOL BIS Billing 3.0]
18:14:04 INFO  SchematronXsltChecker - Running Schematron XSTL-based validation
18:14:04 INFO  ValidationInstance - Loading document from stream
18:14:04 INFO  ValidationInstance -   Detected declaration: xml.test (with converter)
18:14:04 INFO  ValidationInstance -   Detected expectation: 6) Self-billing fails when the sender identifier does not match the customer endpoint.
18:14:04 INFO  ValidationInstance - Validating 'eu.peppol.postaward.v3.billing-c801e0b9-893b-41f6-b617-68d2896dcb4c.asice#sch/PeppolBIS-Envelope-Rules.sch' with Engine [PEPPOL BIS Billing 3.0]
18:14:04 INFO  SchematronXsltChecker - Running Schematron XSTL-based validation
18:14:04 INFO  ValidationInstance - Loading document from stream
18:14:04 INFO  ValidationInstance -   Detected declaration: xml.test (with converter)
18:14:04 INFO  ValidationInstance -   Detected expectation: 7) Unsupported customization and profile combinations are allowed without endpoint validation, even when the SBDH identifiers do not match the invoice endpoints.
18:14:04 INFO  ValidationInstance - Validating 'eu.peppol.postaward.v3.billing-c801e0b9-893b-41f6-b617-68d2896dcb4c.asice#sch/PeppolBIS-Envelope-Rules.sch' with Engine [PEPPOL BIS Billing 3.0]
18:14:04 INFO  SchematronXsltChecker - Running Schematron XSTL-based validation
18:14:04 INFO  ValidationInstance - Loading document from stream
18:14:04 INFO  ValidationInstance -   Detected declaration: xml.test (with converter)
18:14:04 INFO  ValidationInstance -   Detected expectation: 8) Standard billing credit notes succeed when sender and receiver identifiers match the supplier and customer endpoints.
18:14:04 INFO  ValidationInstance - Validating 'eu.peppol.postaward.v3.billing-c801e0b9-893b-41f6-b617-68d2896dcb4c.asice#sch/PeppolBIS-Envelope-Rules.sch' with Engine [PEPPOL BIS Billing 3.0]
18:14:04 INFO  SchematronXsltChecker - Running Schematron XSTL-based validation
18:14:04 INFO  ValidationInstance - Loading document from stream
18:14:04 INFO  ValidationInstance -   Detected declaration: xml.test (with converter)
18:14:04 INFO  ValidationInstance -   Detected expectation: 9) Standard billing credit notes fail when the receiver identifier does not match the customer endpoint.
18:14:04 INFO  ValidationInstance - Validating 'eu.peppol.postaward.v3.billing-c801e0b9-893b-41f6-b617-68d2896dcb4c.asice#sch/PeppolBIS-Envelope-Rules.sch' with Engine [PEPPOL BIS Billing 3.0]
18:14:04 INFO  SchematronXsltChecker - Running Schematron XSTL-based validation
18:14:04 INFO  ValidationInstance - Loading document from stream
18:14:04 INFO  ValidationInstance -   Detected declaration: xml.test (with converter)
18:14:04 INFO  ValidationInstance -   Detected expectation: 10) Standard billing credit notes fail when the sender identifier does not match the supplier endpoint.
18:14:04 INFO  ValidationInstance - Validating 'eu.peppol.postaward.v3.billing-c801e0b9-893b-41f6-b617-68d2896dcb4c.asice#sch/PeppolBIS-Envelope-Rules.sch' with Engine [PEPPOL BIS Billing 3.0]
18:14:04 INFO  SchematronXsltChecker - Running Schematron XSTL-based validation
18:14:04 INFO  ValidationInstance - Loading document from stream
18:14:04 INFO  ValidationInstance -   Detected declaration: xml.test (with converter)
18:14:04 INFO  ValidationInstance -   Detected expectation: 11) Self-billing credit notes succeed when sender and receiver identifiers are swapped to match the customer and supplier endpoints.
18:14:04 INFO  ValidationInstance - Validating 'eu.peppol.postaward.v3.billing-c801e0b9-893b-41f6-b617-68d2896dcb4c.asice#sch/PeppolBIS-Envelope-Rules.sch' with Engine [PEPPOL BIS Billing 3.0]
18:14:04 INFO  SchematronXsltChecker - Running Schematron XSTL-based validation
18:14:04 INFO  ValidationInstance - Loading document from stream
18:14:04 INFO  ValidationInstance -   Detected declaration: xml.test (with converter)
18:14:04 INFO  ValidationInstance -   Detected expectation: 12) Self-billing credit notes fail when the receiver identifier does not match the supplier endpoint.
18:14:04 INFO  ValidationInstance - Validating 'eu.peppol.postaward.v3.billing-c801e0b9-893b-41f6-b617-68d2896dcb4c.asice#sch/PeppolBIS-Envelope-Rules.sch' with Engine [PEPPOL BIS Billing 3.0]
18:14:04 INFO  SchematronXsltChecker - Running Schematron XSTL-based validation
18:14:04 INFO  ValidationInstance - Loading document from stream
18:14:04 INFO  ValidationInstance -   Detected declaration: xml.test (with converter)
18:14:04 INFO  ValidationInstance -   Detected expectation: 13) Self-billing credit notes fail when the sender identifier does not match the customer endpoint.
18:14:04 INFO  ValidationInstance - Validating 'eu.peppol.postaward.v3.billing-c801e0b9-893b-41f6-b617-68d2896dcb4c.asice#sch/PeppolBIS-Envelope-Rules.sch' with Engine [PEPPOL BIS Billing 3.0]
18:14:04 INFO  SchematronXsltChecker - Running Schematron XSTL-based validation
18:14:04 INFO  ValidationInstance - Loading document from stream
18:14:04 INFO  ValidationInstance -   Detected declaration: xml.test (with converter)
18:14:04 INFO  ValidationInstance -   Detected expectation: 14) Unsupported customization and profile combinations are allowed without endpoint validation for credit notes, even when the SBDH identifiers do not match the credit note endpoints.
18:14:04 INFO  ValidationInstance - Validating 'eu.peppol.postaward.v3.billing-c801e0b9-893b-41f6-b617-68d2896dcb4c.asice#sch/PeppolBIS-Envelope-Rules.sch' with Engine [PEPPOL BIS Billing 3.0]
18:14:04 INFO  SchematronXsltChecker - Running Schematron XSTL-based validation
18:14:04 INFO  Tester - TestSet '/src/rules/unit-SBDH/BR-SBDH.xml'
18:14:04 INFO  Tester - 1064 tests performed, 0 tests failed
------------------------ Generate adoc-files from rules -------------------------
CEN-EN16931-UBL
PEPPOL-EN16931-UBL
-------------------- Remove old example files if they exist ---------------------
remove "C:\Data\Peppol\POACC\peppol-bis-invoice-3\target\site\files\BIS-Billing3-Examples.zip"
---------------------------- Create zip of examples -----------------------------
--------------------------------- Create Guides ----------------------------------
Document: ./guide/bis/main.adoc
Document: ./guide/compliance/main.adoc
Document: ./guide/migration/main.adoc
Document: ./guide/national-rules/main.adoc
Document: ./guide/release-notes/main.adoc
Assets: ./guide/shared/images
